1392112402.0,1392112402.0.1,"6,3"
1392112402.0,1392112402.0,6
1392112403.0,1392112403.0,"5,6,3"
1392112403.0,1392112403.0,"5,6"
1392112403.0,1392112403.0,"6,3"
1392112403.0,1392112403.0,6
1392112404.0,1392112404.0,"5,6,3"
1392112404.0,1392112404.0,"5,6"
1392112404.0,1392112404.0,"6,3"
1392112404.0,1392112404.0,6
1392112405.0,1392112405.0,"5,6,3"
1392112405.0,1392112405.0,"5,6"
1392112405.0,1392112405.0,"6,3"
1392112405.0,1392112405.0,6
1392112406.0,1392112406.0,"5,6,3"
1392112406.0,1392112406.0,"5,6"
1392112406.0,1392112406.0,"6,3"
1392112406.0,1392112406.0,6
1392112407.0,1392112407.0,"5,6,3"
1392112407.0,1392112407.0,"5,6"
1392112407.0,1392112407.0,"6,3"
1392112407.0,1392112407.0,6
1392112408.0,1392112408.0,"5,6,3"
1392112408.0,1392112408.0,"5,6"
1392112408.0,1392112408.0,"6,3"
1392112408.0,1392112408.0,6
1392112409.0,1392112409.0,"5,6,3"
1392112409.0,1392112409.0,"5,6"
1392112409.0,1392112409.0,"6,3"
1392112409.0,1392112409.0,6
1392112410.0,1392112410.0,"5,6,3"
1392112410.0,1392112410.0,"5,6"
1392112410.0,1392112410.0,"6,3"
1392112410.0,1392112410.0,6
1392112411.0,1392112411.0,"5,6,3"
1392112411.0,1392112411.0,"5,6"
1392112411.0,1392112411.0,"6,3"
1392112411.0,1392112411.0,6
1392112412.0,1392112412.0,"5,6,3"
1392112412.0,1392112412.0,"5,6"
1392112412.0,1392112412.0,"6,3"
1392112412.0,1392112412.0,6
1392112413.0,1392112413.0,"5,6,3"
1392112413.0,1392112413.0,"5,6"
1392112413.0,1392112413.0,"6,3"
1392112413.0,1392112413.0,6
1392112414.0,1392112414.0,"5,6,3"
1392112414.0,1392112414.0,"5,6"
1392112414.0,1392112414.0,"6,3"
1392112414.0,1392112414.0,6
1392112415.0,1392112415.0,"5,6,3"
1392112415.0,1392112415.0,"5,6"
1392112415.0,1392112415.0,"6,3"
1392112415.0,1392112415.0,6
1392112416.0,1392112416.0,"5,6,3"
1392112416.0,1392112416.0,"5,6"
1392112416.0,1392112416.0,"6,3"
1392112416.0,1392112416.0,6
1392112417.0,1392112417.0,"5,6,3"
1392112417.0,1392112417.0,"5,6"
1392112417.0,1392112417.0,"6,3"
1392112417.0,1392112417.0,6
1392112418.0,1392112418.0,"5,6,3"
1392112418.0,1392112418.0,"5,6"
1392112418.0,1392112418.0,"6,3"
1392112418.0,1392112418.0,6
1392112419.0,1392112419.0,"5,6,3"
1392112419.0,1392112419.0,"5,6"
1392112419.0,1392112419.0,"6,3"
1392112419.0,1392112419.0,6
1392112420.0,1392112420.0,"5,6,3"
1392112420.0,1392112420.0,"5,6"
1392112420.0,1392112420.0,"6,3"
1392112420.0,1392112420.0,6
1392112421.0,1392112421.0,"5,6,3"
1392112421.0,1392112421.0,"5,6"
1392112421.0,1392112421.0,"6,3"
1392112421.0,1392112421.0,6
1392112422.0,1392112422.0,"5,6,3"
1392112422.0,1392112422.0,"5,6"
1392112422.0,1392112422.0,"6,3"
1392112422.0,1392112422.0,6
1392112423.0,1392112423.0,"5,6,3"
1392112423.0,1392112423.0,"5,6"
1392112423.0,1392112423.0,"6,3"
1392112423.0,1392112423.0,6
1392112424.0,1392112424.0,"5,6,3"
1392112424.0,1392112424.0,"5,6"
1392112424.0,1392112424.0,"6,3"
1392112424.0,1392112424.0,6
1392112425.0,1392112425.0,"5,6,3"
1392112425.0,1392112425.0,"5,6"
1392112425.0,1392112425.0,"6,3"
1392112425.0,1392112425.0,6
1392112426.0,1392112426.0,"5,6,3"
1392112426.0,1392112426.0,"5,6"
1392112426.0,1392112426.0,"6,3"
1392112426.0,1392112426.0,6
1392112427.0,1392112427.0,"5,6,3"
1392112427.0,1392112427.0,"5,6"
1392112427.0,1392112427.0,"6,3"
1392112427.0,1392112427.0,6
1392112428.0,1392112428.0,"5,6,3"
1392112428.0,1392112428.0,"5,6"
1392112428.0,1392112428.0,"6,3"
1392112428.0,1392112428.0,6
1392112429.0,1392112429.0,"5,6,3"
1392112429.0,1392112429.0,"5,6"
1392112429.0,1392112429.0,"6,3"
1392112429.0,1392112429.0,6
1392112430.0,1392112430.0,"5,6,3"
1392112430.0,1392112430.0,"5,6"
1392112430.0,1392112430.0,"6,3"
1392112430.0,1392112430.0,6
1392112431.0,1392112431.0,"5,6,3"
1392112431.0,1392112431.0,"5,6"
1392112431.0,1392112431.0,"6,3"
1392112431.0,1392112431.0,6
1392112432.0,1392112432.0,"5,6,3"
1392112432.0,1392112432.0,"5,6"
1392112432.0,1392112432.0,"6,3"
1392112432.0,1392112432.0,6
1392112433.0,1392112433.0,"5,6,3"
1392112433.0,1392112433.0,"5,6"
1392112433.0,1392112433.0,"6,3"
1392112433.0,1392112433.0,6
1392112434.0,1392112434.0,"5,6,3"
1392112434.0,1392112434.0,"5,6"
1392112434.0,1392112434.0,"6,3"
1392112434.0,1392112434.0,6
1392112435.0,1392112435.0,"5,6,3"
1392112435.0,1392112435.0,"5,6"
1392112435.0,1392112435.0,"6,3"
1392112435.0,1392112435.0,6
1392112436.0,1392112436.0,"5,6,3"
1392112436.0,1392112436.0,"5,6"
1392112436.0,1392112436.0,"6,3"
1392112436.0,1392112436.0,6
1392112437.0,1392112437.0,"5,6,3"
1392112437.0,1392112437.0,"5,6"
1392112437.0,1392112437.0,"6,3"
1392112437.0,1392112437.0,6
1392112438.0,1392112438.0,"5,6,3"
1392112438.0,1392112438.0,"5,6"
1392112438.0,1392112438.0,"6,3"
1392112438.0,1392112438.0,6
1392112439.0,1392112439.0,"5,6,3"
1392112439.0,1392112439.0,"5,6"
1392112439.0,1392112439.0,"6,3"
1392112439.0,1392112439.0,6
1392112440.0,1392112440.0,"5,6,3"
1392112440.0,1392112440.0,"5,6"
1392112440.0,1392112440.0,"6,3"
1392112440.0,1392112440.0,6
1392112441.0,1392112441.0,"5,6,3"
1392112441.0,1392112441.0,"5,6"
1392112441.0,1392112441.0,"6,3"
1392112441.0,1392112441.0,6
1392112442.0,1392112442.0,"5,6,3"
1392112442.0,1392112442.0,"5,6"
1392112442.0,1392112442.0,"6,3"
1392112442.0,1392112442.0,6
1392112443.0,1392112443.0,"5,6,3"
1392112443.0,1392112443.0,"5,6"
1392112443.0,1392112443.0,"6,3"
1392112443.0,1392112443.0,6
1392112444.0,1392112444.0,"5,6,3"
1392112444.0,1392112444.0,"5,6"
1392112444.0,1392112444.0,"6,3"
1392112444.0,1392112444.0,6
1392112445.0,1392112445.0,"5,6,3"
1392112445.0,1392112445.0,"5,6"
1392112445.0,1392112445.0,"6,3"
1392112445.0,1392112445.0,6
1392112446.0,1392112446.0,"5,6,3"
1392112446.0,1392112446.0,"5,6"
1392112446.0,1392112446.0,"6,3"
1392112446.0,1392112446.0,6
1392112447.0,1392112447.0,"5,6,3"
1392112447.0,1392112447.0,"5,6"
1392112447.0,1392112447.0,"6,3"
1392112447.0,1392112447.0,6
1392112448.0,1392112448.0,"5,6,3"
1392112448.0,1392112448.0,"5,6"
1392112448.0,1392112448.0,"6,3"
1392112448.0,1392112448.0,6
1392112449.0,1392112449.0,"5,6,3"
1392112449.0,1392112449.0,"5,6"
1392112449.0,1392112449.0,"6,3"
1392112449.0,1392112449.0,6
1392112450.0,1392112450.0,"5,6,3"
1392112450.0,1392112450.0,"5,6"
1392112450.0,1392112450.0,"6,3"
1392112450.0,1392112450.0,6
1392112451.0,1392112451.0,"5,6,3"
1392112451.0,1392112451.0,"5,6"
1392112451.0,1392112451.0,"6,3"
1392112451.0,1392112451.0,6
1392112452.0,1392112452.0,"5,6,3"
1392112452.0,1392112452.0,"5,6"
1392112452.0,1392112452.0,"6,3"
1392112452.0,1392112452.0,6
1392112453.0,1392112453.0,"5,6,3"
1392112453.0,1392112453.0,"5,6"
1392112453.0,1392112453.0,"6,3"
1392112453.0,1392112453.0,6
1392112454.0,1392112454.0,"5,6,3"
1392112454.0,1392112454.0,"5,6"
1392112454.0,1392112454.0,"6,3"
1392112454.0,1392112454.0,6
1392112455.0,1392112455.0,"5,6,3"
1392112455.0,1392112455.0,"5,6"
1392112455.0,1392112455.0,"6,3"
1392112455.0,1392112455.0,6
1392112456.0,1392112456.0,"5,6,3"
1392112456.0,1392112456.0,"5,6"
1392112456.0,1392112456.0,"6,3"
1392112456.0,1392112456.0,6
1392112457.0,1392112457.0,"5,6,3"
1392112457.0,1392112457.0,"5,6"
1392112457.0,1392112457.0,"6,3"
1392112457.0,1392112457.0,6
1392112458.0,1392112458.0,"5,6,3"
1392112458.0,1392112458.0,"5,6"
1392112458.0,1392112458.0,"6,3"
1392112458.0,1392112458.0,6
1392112459.0,1392112459.0,"5,6,3"
1392112459.0,1392112459.0,"5,6"
1392112459.0,1392112459.0,"6,3"
1392112459.0,1392112459.0,6
1392112460.0,1392112460.0,"5,6,3"
1392112460.0,1392112460.0,"5,6"
1392112460.0,1392112460.0,"6,3"
1392112460.0,1392112460.0,6
1392112461.0,1392112461.0,"5,6,3"
1392112461.0,1392112461.0,"5,6"
1392112461.0,1392112461.0,"6,3"
1392112461.0,1392112461.0,6
1392112462.0,1392112462.0,"5,6,3"
1392112462.0,1392112462.0,"5,6"
1392112462.0,1392112462.0,"6,3"
1392112462.0,1392112462.0,6
1392112463.0,1392112463.0,"5,6,3"
1392112463.0,1392112463.0,"5,6"
1392112463.0,1392112463.0,"6,3"
1392112463.0,1392112463.0,6
1392112464.0,1392112464.0,"5,6,3"
1392112464.0,1392112464.0,"5,6"
1392112464.0,1392112464.0,"6,3"
1392112464.0,1392112464.0,6
1392112465.0,1392112465.0,"5,6,3"
1392112465.0,1392112465.0,"5,6"
1392112465.0,1392112465.0,"6,3"
1392112465.0,1392112465.0,6
1392112466.0,1392112466.0,"5,6,3"
1392112466.0,1392112466.0,"5,6"
1392112466.0,1392112466.0,"6,3"
1392112466.0,1392112466.0,6
1392112467.0,1392112467.0,"5,6,3"
1392112467.0,1392112467.0,"5,6"
1392112467.0,1392112467.0,"6,3"
1392112467.0,1392112467.0,6
1392112468.0,1392112468.0,"5,6,3"
1392112468.0,1392112468.0,"5,6"
1392112468.0,1392112468.0,"6,3"
1392112468.0,1392112468.0,6
1392112469.0,1392112469.0,"5,6,3"
1392112469.0,1392112469.0,"5,6"
1392112469.0,1392112469.0,"6,3"
1392112469.0,1392112469.0,6
1392112470.0,1392112470.0,"5,6,3"
1392112470.0,1392112470.0,"5,6"
1392112470.0,1392112470.0,"6,3"
1392112470.0,1392112470.0,6
1392112471.0,1392112471.0,"5,6,3"
1392112471.0,1392112471.0,"5,6"
1392112471.0,1392112471.0,"6,3"
1392112471.0,1392112471.0,6
1392112472.0,1392112472.0,"5,6,3"
1392112472.0,1392112472.0,"5,6"
1392112472.0,1392112472.0,"6,3"
1392112472.0,1392112472.0,6
1392112473.0,1392112473.0,"5,6,3"
1392112473.0,1392112473.0,"5,6"
1392112473.0,1392112473.0,"6,3"
1392112473.0,1392112473.0,6
1392112474.0,1392112474.0,"5,6,3"
1392112474.0,1392112474.0,"5,6"
1392112474.0,1392112474.0,"6,3"
1392112474.0,1392112474.0,6
1392112475.0,1392112475.0,"5,6,3"
1392112475.0,1392112475.0,"5,6"
1392112475.0,1392112475.0,"6,3"
1392112475.0,1392112475.0,6
1392112476.0,1392112476.0,"5,6,3"
1392112476.0,1392112476.0,"5,6"
1392112476.0,1392112476.0,"6,3"
1392112476.0,1392112476.0,6
1392112477.0,1392112477.0,"5,6,3"
1392112477.0,1392112477.0,"5,6"
1392112477.0,1392112477.0,"6,3"
1392112477.0,1392112477.0,6
1392112478.0,1392112478.0,"5,6,3"
1392112478.0,1392112478.0,"5,6"
1392112478.0,1392112478.0,"6,3"
1392112478.0,1392112478.0,6
1392112479.0,1392112479.0,"5,6,3"
1392112479.0,1392112479.0,"5,6"
1392112479.0,1392112479.0,"6,3"
1392112479.0,1392112479.0,6
1392112480.0,1392112480.0,"5,6,3"
1392112480.0,1392112480.0,"5,6"
1392112480.0,1392112480.0,"6,3"
1392112480.0,1392112480.0,6
1392112481.0,1392112481.0,"5,6,3"
1392112481.0,1392112481.0,"5,6"
1392112481.0,1392112481.0,"6,3"
1392112481.0,1392112481.0,6
1392112482.0,1392112482.0,"5,6,3"
1392112482.0,1392112482.0,"5,6"
1392112482.0,1392112482.0,"6,3"
1392112482.0,1392112482.0,6
1392112483.0,1392112483.0,"5,6,3"
1392112483.0,1392112483.0,"5,6"
1392112483.0,1392112483.0,"6,3"
1392112483.0,1392112483.0,6
1392112484.0,1392112484.0,"5,6,3"
1392112484.0,1392112484.0,"5,6"
1392112484.0,1392112484.0,"6,3"
1392112484.0,1392112484.0,6
1392112485.0,1392112485.0,"5,6,3"
1392112485.0,1392112485.0,"5,6"
1392112485.0,1392112485.0,"6,3"
1392112485.0,1392112485.0,6
1392112486.0,1392112486.0,"5,6,3"
1392112486.0,1392112486.0,"5,6"
1392112486.0,1392112486.0,"6,3"
1392112486.0,1392112486.0,6
1392112487.0,1392112487.0,"5,6,3"
1392112487.0,1392112487.0,"5,6"
1392112487.0,1392112487.0,"6,3"
1392112487.0,1392112487.0,6
1392112488.0,1392112488.0,"5,6,3"
1392112488.0,1392112488.0,"5,6"
1392112488.0,1392112488.0,"6,3"
1392112488.0,1392112488.0,6
1392112489.0,1392112489.0,"5,6,3"
1392112489.0,1392112489.0,"5,6"
1392112489.0,1392112489.0,"6,3"
1392112489.0,1392112489.0,6
1392112490.0,1392112490.0,"5,6,3"
1392112490.0,1392112490.0,"5,6"
1392112490.0,1392112490.0,"6,3"
1392112490.0,1392112490.0,6
1392112491.0,1392112491.0,"5,6,3"
1392112491.0,1392112491.0,"5,6"
1392112491.0,1392112491.0,"6,3"
1392112491.0,1392112491.0,6
1392112492.0,1392112492.0,"5,6,3"
1392112492.0,1392112492.0,"5,6"
1392112492.0,1392112492.0,"6,3"
1392112492.0,1392112492.0,6
1392112493.0,1392112493.0,"5,6,3"
1392112493.0,1392112493.0,"5,6"
1392112493.0,1392112493.0,"6,3"
1392112493.0,1392112493.0,6
1392112494.0,1392112494.0,"5,6,3"
1392112494.0,1392112494.0,"5,6"
1392112494.0,1392112494.0,"6,3"
1392112494.0,1392112494.0,6
1392112495.0,1392112495.0,"5,6,3"
1392112495.0,1392112495.0,"5,6"
1392112495.0,1392112495.0,"6,3"
1392112495.0,1392112495.0,6
1392112496.0,1392112496.0,"5,6,3"
1392112496.0,1392112496.0,"5,6"
1392112496.0,1392112496.0,"6,3"
1392112496.0,1392112496.0,6
1392112497.0,1392112497.0,"5,6,3"
1392112497.0,1392112497.0,"5,6"
1392112497.0,1392112497.0,"6,3"
1392112497.0,1392112497.0,6
1392112498.0,1392112498.0,"5,6,3"
1392112498.0,1392112498.0,"5,6"
1392112498.0,1392112498.0,"6,3"
1392112498.0,1392112498.0,6
1392112499.0,1392112499.0,"5,6,3"
1392112499.0,1392112499.0,"5,6"
1392112499.0,1392112499.0,"6,3"
1392112499.0,1392112499.0,6
1392112500.0,1392112500.0,"5,6,3"
1392112500.0,1392112500.0,"5,6"
1392112500.0,1392112500.0,"6,3"
1392112500.0,1392112500.0,6
1392112501.0,1392112501.0,"5,6,3"
1392112501.0,1392112501.0,"5,6"
1392112501.0,1392112501.0,"6,3"
1392112501.0,1392112501.0,6
1392112502.0,1392112502.0,"5,6,3"
1392112502.0,1392112502.0,"5,6"
1392112502.0,1392112502.0,"6,3"
1392112502.0,1392112502.0,6
1392112503.0,1392112503.0,"5,6,3"
1392112503.0,1392112503.0,"5,6"
1392112503.0,1392112503.0,"6,3"
1392112503.0,1392112503.0,6
1392112504.0,1392112504.0,"5,6,3"
1392112504.0,1392112504.0,"5,6"
1392112504.0,1392112504.0,"6,3"
1392112504.0,1392112504.0,6
1392112505.0,1392112505.0,"5,6,3"
1392112505.0,1392112505.0,"5,6"
1392112505.0,1392112505.0,"6,3"
1392112505.0,1392112505.0,6
1392112506.0,1392112506.0,"5,6,3"
1392112506.0,1392112506.0,"5,6"
1392112506.0,1392112506.0,"6,3"
1392112506.0,1392112506.0,6
1392112507.0,1392112507.0,"5,6,3"
1392112507.0,1392112507.0,"5,6"
1392112507.0,1392112507.0,"6,3"
1392112507.0,1392112507.0,6
1392112508.0,1392112508.0,"5,6,3"
1392112508.0,1392112508.0,"5,6"
1392112508.0,1392112508.0,"6,3"
1392112508.0,1392112508.0,6
1392112509.0,1392112509.0,"5,6,3"
1392112509.0,1392112509.0,"5,6"
1392112509.0,1392112509.0,"6,3"
1392112509.0,1392112509.0,6
1392112510.0,1392112510.0,"5,6,3"
1392112510.0,1392112510.0,"5,6"
1392112510.0,1392112510.0,"6,3"
1392112510.0,1392112510.0,6
1392112511.0,1392112511.0,"5,6,3"
1392112511.0,1392112511.0,"5,6"
1392112511.0,1392112511.0,"6,3"
1392112511.0,1392112511.0,6
1392112512.0,1392112512.0,"5,6,3"
1392112512.0,1392112512.0,"5,6"
1392112512.0,1392112512.0,"6,3"
1392112512.0,1392112512.0,6
1392112513.0,1392112513.0,"5,6,3"
1392112513.0,1392112513.0,"5,6"
1392112513.0,1392112513.0,"6,3"
1392112513.0,1392112513.0,6
1392112514.0,1392112514.0,"5,6,3"
1392112514.0,1392112514.0,"5,6"
1392112514.0,1392112514.0,"6,3"
1392112514.0,1392112514.0,6
1392112515.0,1392112515.0,"5,6,3"
1392112515.0,1392112515.0,"5,6"
1392112515.0,1392112515.0,"6,3"
1392112515.0,1392112515.0,6
1392112516.0,1392112516.0,"5,6,3"
1392112516.0,1392112516.0,"5,6"
1392112516.0,1392112516.0,"6,3"
1392112516.0,1392112516.0,6
1392112517.0,1392112517.0,"5,6,3"
1392112517.0,1392112517.0,"5,6"
1392112517.0,1392112517.0,"6,3"
1392112517.0,1392112517.0,6
1392112518.0,1392112518.0,"5,6,3"
1392112518.0,1392112518.0,"5,6"
1392112518.0,1392112518.0,"6,3"
1392112518.0,1392112518.0,6
1392112519.0,1392112519.0,"5,6,3"
1392112519.0,1392112519.0,"5,6"
1392112519.0,1392112519.0,"6,3"
1392112519.0,1392112519.0,6
1392112520.0,1392112520.0,"5,6,3"
1392112520.0,1392112520.0,"5,6"
1392112520.0,1392112520.0,"6,3"
1392112520.0,1392112520.0,6
1392112521.0,1392112521.0,"5,6,3"
1392112521.0,1392112521.0,"5,6"
1392112521.0,1392112521.0,"6,3"
1392112521.0,1392112521.0,6
1392112522.0,1392112522.0,"5,6,3"
1392112522.0,1392112522.0,"5,6"
1392112522.0,1392112522.0,"6,3"
1392112522.0,1392112522.0,6
1392112523.0,1392112523.0,"5,6,3"
1392112523.0,1392112523.0,"5,6"
1392112523.0,1392112523.0,"6,3"
1392112523.0,1392112523.0,6
1392112524.0,1392112524.0,"5,6,3"
1392112524.0,1392112524.0,"5,6"
1392112524.0,1392112524.0,"6,3"
1392112524.0,1392112524.0,6
1392112525.0,1392112525.0,"5,6,3"
1392112525.0,1392112525.0,"5,6"
1392112525.0,1392112525.0,"6,3"
1392112525.0,1392112525.0,6
1392112526.0,1392112526.0,"5,6,3"
1392112526.0,1392112526.0,"5,6"
1392112526.0,1392112526.0,"6,3"
1392112526.0,1392112526.0,6
1392112527.0,1392112527.0,"5,6,3"
1392112527.0,1392112527.0,"5,6"
1392112527.0,1392112527.0,"6,3"
1392112527.0,1392112527.0,6
1392112528.0,1392112528.0,"5,6,3"
1392112528.0,1392112528.0,"5,6"
1392112528.0,1392112528.0,"6,3"
1392112528.0,1392112528.0,6
1392112529.0,1392112529.0,"5,6,3"
1392112529.0,1392112529.0,"5,6"
1392112529.0,1392112529.0,"6,3"
1392112529.0,1392112529.0,6
1392112530.0,1392112530.0,"5,6,3"
1392112530.0,1392112530.0,"5,6"
1392112530.0,1392112530.0,"6,3"
1392112530.0,1392112530.0,6
1392112531.0,1392112531.0,"5,6,3"
1392112531.0,1392112531.0,"5,6"
1392112531.0,1392112531.0,"6,3"
1392112531.0,1392112531.0,6
1392112532.0,1392112532.0,"5,6,3"
1392112532.0,1392112532.0,"5,6"
1392112532.0,1392112532.0,"6,3"
1392112532.0,1392112532.0,6
1392112533.0,1392112533.0,"5,6,3"
1392112533.0,1392112533.0,"5,6"
1392112533.0,1392112533.0,"6,3"
1392112533.0,1392112533.0,6
1392112534.0,1392112534.0,"5,6,3"
1392112534.0,1392112534.0,"5,6"
1392112534.0,1392112534.0,"6,3"
1392112534.0,1392112534.0,6
1392112535.0,1392112535.0,"5,6,3"
1392112535.0,1392112535.0,"5,6"
1392112535.0,1392112535.0,"6,3"
1392112535.0,1392112535.0,6
1392112536.0,1392112536.0,"5,6,3"
1392112536.0,1392112536.0,"5,6"
1392112536.0,1392112536.0,"6,3"
1392112536.0,1392112536.0,6
1392112537.0,1392112537.0,"5,6,3"
1392112537.0,1392112537.0,"5,6"
1392112537.0,1392112537.0,"6,3"
1392112537.0,1392112537.0,6
1392112538.0,1392112538.0,"5,6,3"
1392112538.0,1392112538.0,"5,6"
1392112538.0,1392112538.0,"6,3"
1392112538.0,1392112538.0,6
1392112539.0,1392112539.0,"5,6,3"
1392112539.0,1392112539.0,"5,6"
1392112539.0,1392112539.0,"6,3"
1392112539.0,1392112539.0,6
1392112540.0,1392112540.0,"5,6,3"
1392112540.0,1392112540.0,"5,6"
1392112540.0,1392112540.0,"6,3"
1392112540.0,1392112540.0,6
1392112541.0,1392112541.0,"5,6,3"
1392112541.0,1392112541.0,"5,6"
1392112541.0,1392112541.0,"6,3"
1392112541.0,1392112541.0,6
1392112542.0,1392112542.0,"5,6,3"
1392112542.0,1392112542.0,"5,6"
1392112542.0,1392112542.0,"6,3"
1392112542.0,1392112542.0,6
1392112543.0,1392112543.0,"5,6,3"
1392112543.0,1392112543.0,"5,6"
1392112543.0,1392112543.0,"6,3"
1392112543.0,1392112543.0,6
1392112544.0,1392112544.0,"5,6,3"
1392112544.0,1392112544.0,"5,6"
1392112544.0,1392112544.0,"6,3"
1392112544.0,1392112544.0,6
1392112545.0,1392112545.0,"5,6,3"
1392112545.0,1392112545.0,"5,6"
1392112545.0,1392112545.0,"6,3"
1392112545.0,1392112545.0,6
1392112546.0,1392112546.0,"5,6,3"
1392112546.0,1392112546.0,"5,6"
1392112546.0,1392112546.0,"6,3"
1392112546.0,1392112546.0,6
1392112547.0,1392112547.0,"5,6,3"
1392112547.0,1392112547.0,"5,6"
1392112547.0,1392112547.0,"6,3"
1392112547.0,1392112547.0,6
1392112548.0,1392112548.0,"5,6,3"
1392112548.0,1392112548.0,"5,6"
1392112548.0,1392112548.0,"6,3"
1392112548.0,1392112548.0,6
1392112549.0,1392112549.0,"5,6,3"
1392112549.0,1392112549.0,"5,6"
1392112549.0,1392112549.0,"6,3"
1392112549.0,1392112549.0,6
1392112550.0,1392112550.0,"5,6,3"
1392112550.0,1392112550.0,"5,6"
1392112550.0,1392112550.0,"6,3"
1392112550.0,1392112550.0,6
1392112551.0,1392112551.0,"5,6,3"
1392112551.0,1392112551.0,"5,6"
1392112551.0,1392112551.0,"6,3"
1392112551.0,1392112551.0,6
1392112552.0,1392112552.0,"5,6,3"
1392112552.0,1392112552.0,"5,6"
1392112552.0,1392112552.0,"6,3"
1392112552.0,1392112552.0,6
1392112553.0,1392112553.0,"5,6,3"
1392112553.0,1392112553.0,"5,6"
1392112553.0,1392112553.0,"6,3"
1392112553.0,1392112553.0,6
1392112554.0,1392112554.0,"5,6,3"
1392112554.0,1392112554.0,"5,6"
1392112554.0,1392112554.0,"6,3"
1392112554.0,1392112554.0,6
1392112555.0,1392112555.0,"5,6,3"
1392112555.0,1392112555.0,"5,6"
1392112555.0,1392112555.0,"6,3"
1392112555.0,1392112555.0,6
1392112556.0,1392112556.0,"5,6,3"
1392112556.0,1392112556.0,"5,6"
1392112556.0,1392112556.0,"6,3"
1392112556.0,1392112556.0,6
1392112557.0,1392112557.0,"5,6,3"
1392112557.0,1392112557.0,"5,6"
1392112557.0,1392112557.0,"6,3"
1392112557.0,1392112557.0,6
1392112558.0,1392112558.0,"5,6,3"
1392112558.0,1392112558.0,"5,6"
1392112558.0,1392112558.0,"6,3"
1392112558.0,1392112558.0,6
1392112559.0,1392112559.0,"5,6,3"
1392112559.0,1392112559.0,"5,6"
1392112559.0,1392112559.0,"6,3"
1392112559.0,1392112559.0,6
1392112560.0,1392112560.0,"5,6,3"
1392112560.0,1392112560.0,"5,6"
1392112560.0,1392112560.0,"6,3"
1392112560.0,1392112560.0,6
1392112561.0,1392112561.0,"5,6,3"
1392112561.0,1392112561.0,"5,6"
1392112561.0,1392112561.0,"6,3"
1392112561.0,1392112561.0,6
1392112562.0,1392112562.0,"5,6,3"
1392112562.0,1392112562.0,"5,6"
1392112562.0,1392112562.0,"6,3"
1392112562.0,1392112562.0,6
1392112563.0,1392112563.0,"5,6,3"
1392112563.0,1392112563.0,"5,6"
1392112563.0,1392112563.0,"6,3"
1392112563.0,1392112563.0,6
1392112564.0,1392112564.0,"5,6,3"
1392112564.0,1392112564.0,"5,6"
1392112564.0,1392112564.0,"6,3"
1392112564.0,1392112564.0,6
1392112565.0,1392112565.0,"5,6,3"
1392112565.0,1392112565.0,"5,6"
1392112565.0,1392112565.0,"6,3"
1392112565.0,1392112565.0,6
1392112566.0,1392112566.0,"5,6,3"
1392112566.0,1392112566.0,"5,6"
1392112566.0,1392112566.0,"6,3"
1392112566.0,1392112566.0,6
1392112567.0,1392112567.0,"5,6,3"
1392112567.0,1392112567.0,"5,6"
1392112567.0,1392112567.0,"6,3"
1392112567.0,1392112567.0,6
1392112568.0,1392112568.0,"5,6,3"
1392112568.0,1392112568.0,"5,6"
1392112568.0,1392112568.0,"6,3"
1392112568.0,1392112568.0,6
1392112569.0,1392112569.0,"5,6,3"
1392112569.0,1392112569.0,"5,6"
1392112569.0,1392112569.0,"6,3"
1392112569.0,1392112569.0,6
1392112570.0,1392112570.0,"5,6,3"
1392112570.0,1392112570.0,"5,6"
1392112570.0,1392112570.0,"6,3"
1392112570.0,1392112570.0,6
1392112571.0,1392112571.0,"5,6,3"
1392112571.0,1392112571.0,"5,6"
1392112571.0,1392112571.0,"6,3"
1392112571.0,1392112571.0,6
1392112572.0,1392112572.0,"5,6,3"
1392112572.0,1392112572.0,"5,6"
1392112572.0,1392112572.0,"6,3"
1392112572.0,1392112572.0,6
1392112573.0,1392112573.0,"5,6,3"
1392112573.0,1392112573.0,"5,6"
1392112573.0,1392112573.0,"6,3"
1392112573.0,1392112573.0,6
1392112574.0,1392112574.0,"5,6,3"
1392112574.0,1392112574.0,"5,6"
1392112574.0,1392112574.0,"6,3"
1392112574.0,1392112574.0,6
1392112575.0,1392112575.0,"5,6,3"
1392112575.0,1392112575.0,"5,6"
1392112575.0,1392112575.0,"6,3"
1392112575.0,1392112575.0,6
1392112576.0,1392112576.0,"5,6,3"
1392112576.0,1392112576.0,"5,6"
1392112576.0,1392112576.0,"6,3"
1392112576.0,1392112576.0,6
1392112577.0,1392112577.0,"5,6,3"
1392112577.0,1392112577.0,"5,6"
1392112577.0,1392112577.0,"6,3"
1392112577.0,1392112577.0,6
1392112578.0,1392112578.0,"5,6,3"
1392112578.0,1392112578.0,"5,6"
1392112578.0,1392112578.0,"6,3"
1392112578.0,1392112578.0,6
1392112579.0,1392112579.0,"5,6,3"
1392112579.0,1392112579.0,"5,6"
1392112579.0,1392112579.0,"6,3"
1392112579.0,1392112579.0,6
1392112580.0,1392112580.0,"5,3"
1392112580.0,1392112580.0,5
1392112580.0,1392112580.0,3
1392112581.0,1392112581.0,"5,3"
1392112581.0,1392112581.0,5
1392112581.0,1392112581.0,3
1392112582.0,1392112582.0,"5,3"
1392112582.0,1392112582.0,5
1392112582.0,1392112582.0,3
1392112583.0,1392112583.0,"5,3"
1392112583.0,1392112583.0,5
1392112583.0,1392112583.0,3
1392112584.0,1392112584.0,"5,3"
1392112584.0,1392112584.0,5
1392112584.0,1392112584.0,3
1392112585.0,1392112585.0,"5,3"
1392112585.0,1392112585.0,5
1392112585.0,1392112585.0,3
1392112586.0,1392112586.0,"5,3"
1392112586.0,1392112586.0,5
1392112586.0,1392112586.0,3
1392112587.0,1392112587.0,"5,3"
1392112587.0,1392112587.0,5
1392112587.0,1392112587.0,3
1392112588.0,1392112588.0,"5,3"
1392112588.0,1392112588.0,5
1392112588.0,1392112588.0,3
1392112589.0,1392112589.0,"5,3"
1392112589.0,1392112589.0,5
1392112589.0,1392112589.0,3
1392112590.0,1392112590.0,"5,3"
1392112590.0,1392112590.0,5
1392112590.0,1392112590.0,3
1392112591.0,1392112591.0,"5,3"
1392112591.0,1392112591.0,5
1392112591.0,1392112591.0,3
1392112592.0,1392112592.0,"5,3"
1392112592.0,1392112592.0,5
1392112592.0,1392112592.0,3
1392112593.0,1392112593.0,"5,3"
1392112593.0,1392112593.0,5
1392112593.0,1392112593.0,3
1392112594.0,1392112594.0,"5,3"
1392112594.0,1392112594.0,5
1392112594.0,1392112594.0,3
1392112595.0,1392112595.0,"5,3"
1392112595.0,1392112595.0,5
1392112595.0,1392112595.0,3
1392112596.0,1392112596.0,"5,3"
1392112596.0,1392112596.0,5
1392112596.0,1392112596.0,3
1392112597.0,1392112597.0,"5,3"
1392112597.0,1392112597.0,5
1392112597.0,1392112597.0,3
1392112598.0,1392112598.0,"5,3"
1392112598.0,1392112598.0,5
1392112598.0,1392112598.0,3
1392112599.0,1392112599.0,"5,3"
1392112599.0,1392112599.0,5
1392112599.0,1392112599.0,3
1392112600.0,1392112600.0,"5,3"
1392112600.0,1392112600.0,5
1392112600.0,1392112600.0,3
1392112601.0,1392112601.0,"5,3"
1392112601.0,1392112601.0,5
1392112601.0,1392112601.0,3
1392112602.0,1392112602.0,"5,3"
1392112602.0,1392112602.0,5
1392112602.0,1392112602.0,3
1392112603.0,1392112603.0,"5,3"
1392112603.0,1392112603.0,5
1392112603.0,1392112603.0,3
1392112604.0,1392112604.0,"5,3"
1392112604.0,1392112604.0,5
1392112604.0,1392112604.0,3
1392112605.0,1392112605.0,"5,3"
1392112605.0,1392112605.0,5
1392112605.0,1392112605.0,3
1392112606.0,1392112606.0,"5,3"
1392112606.0,1392112606.0,5
1392112606.0,1392112606.0,3
1392112607.0,1392112607.0,"5,3"
1392112607.0,1392112607.0,5
1392112607.0,1392112607.0,3
1392112608.0,1392112608.0,"5,3"
1392112608.0,1392112608.0,5
1392112608.0,1392112608.0,3
1392112609.0,1392112609.0,"5,3"
1392112609.0,1392112609.0,5
1392112609.0,1392112609.0,3
1392112610.0,1392112610.0,"5,3"
1392112610.0,1392112610.0,5
1392112610.0,1392112610.0,3
1392112611.0,1392112611.0,"5,3"
1392112611.0,1392112611.0,5
1392112611.0,1392112611.0,3
1392112612.0,1392112612.0,"5,3"
1392112612.0,1392112612.0,5
1392112612.0,1392112612.0,3
1392112613.0,1392112613.0,"5,3"
1392112613.0,1392112613.0,5
1392112613.0,1392112613.0,3
1392112614.0,1392112614.0,"5,3"
1392112614.0,1392112614.0,5
1392112614.0,1392112614.0,3
1392112615.0,1392112615.0,"5,3"
1392112615.0,1392112615.0,5
1392112615.0,1392112615.0,3
1392112616.0,1392112616.0,"5,3"
1392112616.0,1392112616.0,5
1392112616.0,1392112616.0,3
1392112617.0,1392112617.0,"5,3"
1392112617.0,1392112617.0,5
1392112617.0,1392112617.0,3
1392112618.0,1392112618.0,"5,3"
1392112618.0,1392112618.0,5
1392112618.0,1392112618.0,3
1392112619.0,1392112619.0,"5,3"
1392112619.0,1392112619.0,5
1392112619.0,1392112619.0,3
1392112620.0,1392112620.0,"5,3"
1392112620.0,1392112620.0,5
1392112620.0,1392112620.0,3
1392112621.0,1392112621.0,"5,3"
1392112621.0,1392112621.0,5
1392112621.0,1392112621.0,3
1392112622.0,1392112622.0,"5,3"
1392112622.0,1392112622.0,5
1392112622.0,1392112622.0,3
1392112623.0,1392112623.0,"5,3"
1392112623.0,1392112623.0,5
1392112623.0,1392112623.0,3
1392112624.0,1392112624.0,"5,3"
1392112624.0,1392112624.0,5
1392112624.0,1392112624.0,3
1392112625.0,1392112625.0,"5,3"
1392112625.0,1392112625.0,5
1392112625.0,1392112625.0,3
1392112626.0,1392112626.0,"5,3"
1392112626.0,1392112626.0,5
1392112626.0,1392112626.0,3
1392112627.0,1392112627.0,"5,3"
1392112627.0,1392112627.0,5
1392112627.0,1392112627.0,3
1392112628.0,1392112628.0,"5,3"
1392112628.0,1392112628.0,5
1392112628.0,1392112628.0,3
1392112629.0,1392112629.0,"5,3"
1392112629.0,1392112629.0,5
1392112629.0,1392112629.0,3
1392112630.0,1392112630.0,"5,3"
1392112630.0,1392112630.0,5
1392112630.0,1392112630.0,3
1392112631.0,1392112631.0,"5,3"
1392112631.0,1392112631.0,5
1392112631.0,1392112631.0,3
1392112632.0,1392112632.0,"5,3"
1392112632.0,1392112632.0,5
1392112632.0,1392112632.0,3
1392112633.0,1392112633.0,"5,3"
1392112633.0,1392112633.0,5
1392112633.0,1392112633.0,3
1392112634.0,1392112634.0,"5,3"
1392112634.0,1392112634.0,5
1392112634.0,1392112634.0,3
1392112635.0,1392112635.0,"5,3"
1392112635.0,1392112635.0,5
1392112635.0,1392112635.0,3
1392112636.0,1392112636.0,"5,3"
1392112636.0,1392112636.0,5
1392112636.0,1392112636.0,3
1392112637.0,1392112637.0,"5,3"
1392112637.0,1392112637.0,5
1392112637.0,1392112637.0,3
1392112638.0,1392112638.0,"5,3"
1392112638.0,1392112638.0,5
1392112638.0,1392112638.0,3
1392112639.0,1392112639.0,"5,3"
1392112639.0,1392112639.0,5
1392112639.0,1392112639.0,3
1392112640.0,1392112640.0,"5,3"
1392112640.0,1392112640.0,5
1392112640.0,1392112640.0,3
1392112641.0,1392112641.0,"5,3"
1392112641.0,1392112641.0,5
1392112641.0,1392112641.0,3
1392112642.0,1392112642.0,"5,3"
1392112642.0,1392112642.0,5
1392112642.0,1392112642.0,3
1392112643.0,1392112643.0,"5,3"
1392112643.0,1392112643.0,5
1392112643.0,1392112643.0,3
1392112644.0,1392112644.0,"5,3"
1392112644.0,1392112644.0,5
1392112644.0,1392112644.0,3
1392112645.0,1392112645.0,"5,3"
1392112645.0,1392112645.0,5
1392112645.0,1392112645.0,3
1392112646.0,1392112646.0,"5,3"
1392112646.0,1392112646.0,5
1392112646.0,1392112646.0,3
1392112647.0,1392112647.0,"5,3"
1392112647.0,1392112647.0,5
1392112647.0,1392112647.0,3
1392112648.0,1392112648.0,"5,3"
1392112648.0,1392112648.0,5
1392112648.0,1392112648.0,3
1392112649.0,1392112649.0,"5,3"
1392112649.0,1392112649.0,5
1392112649.0,1392112649.0,3
1392112650.0,1392112650.0,"5,3"
1392112650.0,1392112650.0,5
1392112650.0,1392112650.0,3
1392112651.0,1392112651.0,"5,3"
1392112651.0,1392112651.0,5
1392112651.0,1392112651.0,3
1392112652.0,1392112652.0,"5,3"
1392112652.0,1392112652.0,5
1392112652.0,1392112652.0,3
1392112653.0,1392112653.0,"5,3"
1392112653.0,1392112653.0,5
1392112653.0,1392112653.0,3
1392112654.0,1392112654.0,"5,3"
1392112654.0,1392112654.0,5
1392112654.0,1392112654.0,3
1392112655.0,1392112655.0,"5,3"
1392112655.0,1392112655.0,5
1392112655.0,1392112655.0,3
1392112656.0,1392112656.0,"5,3"
1392112656.0,1392112656.0,5
1392112656.0,1392112656.0,3
1392112657.0,1392112657.0,"5,3"
1392112657.0,1392112657.0,5
1392112657.0,1392112657.0,3
1392112658.0,1392112658.0,"5,3"
1392112658.0,1392112658.0,5
1392112658.0,1392112658.0,3
1392112659.0,1392112659.0,"5,3"
1392112659.0,1392112659.0,5
1392112659.0,1392112659.0,3
1392112660.0,1392112660.0,"5,3"
1392112660.0,1392112660.0,5
1392112660.0,1392112660.0,3
1392112661.0,1392112661.0,"5,3"
1392112661.0,1392112661.0,5
1392112661.0,1392112661.0,3
1392112662.0,1392112662.0,"5,3"
1392112662.0,1392112662.0,5
1392112662.0,1392112662.0,3
1392112663.0,1392112663.0,"5,3"
1392112663.0,1392112663.0,5
1392112663.0,1392112663.0,3
1392112664.0,1392112664.0,"5,3"
1392112664.0,1392112664.0,5
1392112664.0,1392112664.0,3
1392112665.0,1392112665.0,"5,3"
1392112665.0,1392112665.0,5
1392112665.0,1392112665.0,3
1392112666.0,1392112666.0,"5,3"
1392112666.0,1392112666.0,5
1392112666.0,1392112666.0,3
1392112667.0,1392112667.0,"5,3"
1392112667.0,1392112667.0,5
1392112667.0,1392112667.0,3
1392112668.0,1392112668.0,"5,3"
1392112668.0,1392112668.0,5
1392112668.0,1392112668.0,3
1392112669.0,1392112669.0,"5,3"
1392112669.0,1392112669.0,5
1392112669.0,1392112669.0,3
1392112670.0,1392112670.0,"5,3"
1392112670.0,1392112670.0,5
1392112670.0,1392112670.0,3
1392112671.0,1392112671.0,"5,3"
1392112671.0,1392112671.0,5
1392112671.0,1392112671.0,3
1392112672.0,1392112672.0,"5,3"
1392112672.0,1392112672.0,5
1392112672.0,1392112672.0,3
1392112673.0,1392112673.0,"5,3"
1392112673.0,1392112673.0,5
1392112673.0,1392112673.0,3
1392112674.0,1392112674.0,"5,3"
1392112674.0,1392112674.0,5
1392112674.0,1392112674.0,3
1392112675.0,1392112675.0,"5,3"
1392112675.0,1392112675.0,5
1392112675.0,1392112675.0,3
1392112676.0,1392112676.0,"5,3"
1392112676.0,1392112676.0,5
1392112676.0,1392112676.0,3
1392112677.0,1392112677.0,"5,3"
1392112677.0,1392112677.0,5
1392112677.0,1392112677.0,3
1392112678.0,1392112678.0,"5,3"
1392112678.0,1392112678.0,5
1392112678.0,1392112678.0,3
1392112679.0,1392112679.0,"5,3"
1392112679.0,1392112679.0,5
1392112679.0,1392112679.0,3
1392112680.0,1392112680.0,"5,3"
1392112680.0,1392112680.0,5
1392112680.0,1392112680.0,3
1392112681.0,1392112681.0,"5,3"
1392112681.0,1392112681.0,5
1392112681.0,1392112681.0,3
1392112682.0,1392112682.0,"5,3"
1392112682.0,1392112682.0,5
1392112682.0,1392112682.0,3
1392112683.0,1392112683.0,"5,3"
1392112683.0,1392112683.0,5
1392112683.0,1392112683.0,3
1392112684.0,1392112684.0,"5,3"
1392112684.0,1392112684.0,5
1392112684.0,1392112684.0,3
1392112685.0,1392112685.0,"5,3"
1392112685.0,1392112685.0,5
1392112685.0,1392112685.0,3
1392112686.0,1392112686.0,"5,3"
1392112686.0,1392112686.0,5
1392112686.0,1392112686.0,3
1392112687.0,1392112687.0,"5,3"
1392112687.0,1392112687.0,5
1392112687.0,1392112687.0,3
1392112688.0,1392112688.0,"5,3"
1392112688.0,1392112688.0,5
1392112688.0,1392112688.0,3
1392112689.0,1392112689.0,"5,3"
1392112689.0,1392112689.0,5
1392112689.0,1392112689.0,3
1392112690.0,1392112690.0,"5,3"
1392112690.0,1392112690.0,5
1392112690.0,1392112690.0,3
1392112691.0,1392112691.0,"5,3"
1392112691.0,1392112691.0,5
1392112691.0,1392112691.0,3
1392112692.0,1392112692.0,"5,3"
1392112692.0,1392112692.0,5
1392112692.0,1392112692.0,3
1392112693.0,1392112693.0,"5,3"
1392112693.0,1392112693.0,5
1392112693.0,1392112693.0,3
1392112694.0,1392112694.0,"5,3"
1392112694.0,1392112694.0,5
1392112694.0,1392112694.0,3
1392112695.0,1392112695.0,"5,3"
1392112695.0,1392112695.0,5
1392112695.0,1392112695.0,3
1392112696.0,1392112696.0,"5,3"
1392112696.0,1392112696.0,5
1392112696.0,1392112696.0,3
1392112697.0,1392112697.0,"5,3"
1392112697.0,1392112697.0,5
1392112697.0,1392112697.0,3
1392112698.0,1392112698.0,"5,3"
1392112698.0,1392112698.0,5
1392112698.0,1392112698.0,3
1392112699.0,1392112699.0,"5,3"
1392112699.0,1392112699.0,5
1392112699.0,1392112699.0,3
1392112700.0,1392112700.0,"5,3"
1392112700.0,1392112700.0,5
1392112700.0,1392112700.0,3
1392112701.0,1392112701.0,"5,3"
1392112701.0,1392112701.0,5
1392112701.0,1392112701.0,3
1392112702.0,1392112702.0,"5,3"
1392112702.0,1392112702.0,5
1392112702.0,1392112702.0,3
1392112703.0,1392112703.0,"5,3"
1392112703.0,1392112703.0,5
1392112703.0,1392112703.0,3
1392112704.0,1392112704.0,"5,3"
1392112704.0,1392112704.0,5
1392112704.0,1392112704.0,3
1392112705.0,1392112705.0,"5,3"
1392112705.0,1392112705.0,5
1392112705.0,1392112705.0,3
1392112706.0,1392112706.0,"5,3"
1392112706.0,1392112706.0,5
1392112706.0,1392112706.0,3
1392112707.0,1392112707.0,"5,3"
1392112707.0,1392112707.0,5
1392112707.0,1392112707.0,3
1392112708.0,1392112708.0,"5,3"
1392112708.0,1392112708.0,5
1392112708.0,1392112708.0,3
1392112709.0,1392112709.0,"5,3"
1392112709.0,1392112709.0,5
1392112709.0,1392112709.0,3
1392112710.0,1392112710.0,"5,3"
1392112710.0,1392112710.0,5
1392112710.0,1392112710.0,3
1392112711.0,1392112711.0,"5,3"
1392112711.0,1392112711.0,5
1392112711.0,1392112711.0,3
1392112712.0,1392112712.0,"5,3"
1392112712.0,1392112712.0,5
1392112712.0,1392112712.0,3
1392112713.0,1392112713.0,"5,3"
1392112713.0,1392112713.0,5
1392112713.0,1392112713.0,3
1392112714.0,1392112714.0,"5,3"
1392112714.0,1392112714.0,5
1392112714.0,1392112714.0,3
1392112715.0,1392112715.0,"5,3"
1392112715.0,1392112715.0,5
1392112715.0,1392112715.0,3
1392112716.0,1392112716.0,"5,3"
1392112716.0,1392112716.0,5
1392112716.0,1392112716.0,3
1392112717.0,1392112717.0,"5,3"
1392112717.0,1392112717.0,5
1392112717.0,1392112717.0,3
1392112718.0,1392112718.0,"5,3"
1392112718.0,1392112718.0,5
1392112718.0,1392112718.0,3
1392112719.0,1392112719.0,"5,3"
1392112719.0,1392112719.0,5
1392112719.0,1392112719.0,3
1392112720.0,1392112720.0,"5,3"
1392112720.0,1392112720.0,5
1392112720.0,1392112720.0,3
1392112721.0,1392112721.0,"5,3"
1392112721.0,1392112721.0,5
1392112721.0,1392112721.0,3
1392112722.0,1392112722.0,"5,3"
1392112722.0,1392112722.0,5
1392112722.0,1392112722.0,3
1392112723.0,1392112723.0,"5,3"
1392112723.0,1392112723.0,5
1392112723.0,1392112723.0,3
1392112724.0,1392112724.0,"5,3"
1392112724.0,1392112724.0,5
1392112724.0,1392112724.0,3
1392112725.0,1392112725.0,"5,3"
1392112725.0,1392112725.0,5
1392112725.0,1392112725.0,3
1392112726.0,1392112726.0,"5,3"
1392112726.0,1392112726.0,5
1392112726.0,1392112726.0,3
1392112727.0,1392112727.0,"5,3"
1392112727.0,1392112727.0,5
1392112727.0,1392112727.0,3
1392112728.0,1392112728.0,"5,3"
1392112728.0,1392112728.0,5
1392112728.0,1392112728.0,3
1392112729.0,1392112729.0,"5,3"
1392112729.0,1392112729.0,5
1392112729.0,1392112729.0,3
1392112730.0,1392112730.0,"5,3"
1392112730.0,1392112730.0,5
1392112730.0,1392112730.0,3
1392112731.0,1392112731.0,"5,3"
1392112731.0,1392112731.0,5
1392112731.0,1392112731.0,3
1392112732.0,1392112732.0,"5,3"
1392112732.0,1392112732.0,5
1392112732.0,1392112732.0,3
1392112733.0,1392112733.0,"5,3"
1392112733.0,1392112733.0,5
1392112733.0,1392112733.0,3
1392112734.0,1392112734.0,"5,3"
1392112734.0,1392112734.0,5
1392112734.0,1392112734.0,3
1392112735.0,1392112735.0,"5,3"
1392112735.0,1392112735.0,5
1392112735.0,1392112735.0,3
1392112736.0,1392112736.0,"5,3"
1392112736.0,1392112736.0,5
1392112736.0,1392112736.0,3
1392112737.0,1392112737.0,"5,3"
1392112737.0,1392112737.0,5
1392112737.0,1392112737.0,3
1392112738.0,1392112738.0,"5,3"
1392112738.0,1392112738.0,5
1392112738.0,1392112738.0,3
1392112739.0,1392112739.0,"5,3"
1392112739.0,1392112739.0,5
1392112739.0,1392112739.0,3
1392112740.0,1392112740.0,"5,3"
1392112740.0,1392112740.0,5
1392112740.0,1392112740.0,3
1392112741.0,1392112741.0,"5,3"
1392112741.0,1392112741.0,5
1392112741.0,1392112741.0,3
1392112742.0,1392112742.0,"5,3"
1392112742.0,1392112742.0,5
1392112742.0,1392112742.0,3
1392112743.0,1392112743.0,"5,3"
1392112743.0,1392112743.0,5
1392112743.0,1392112743.0,3
1392112744.0,1392112744.0,"5,3"
1392112744.0,1392112744.0,5
1392112744.0,1392112744.0,3
1392112745.0,1392112745.0,"5,3"
1392112745.0,1392112745.0,5
1392112745.0,1392112745.0,3
1392112746.0,1392112746.0,"5,3"
1392112746.0,1392112746.0,5
1392112746.0,1392112746.0,3
1392112747.0,1392112747.0,"5,3"
1392112747.0,1392112747.0,5
1392112747.0,1392112747.0,3
1392112748.0,1392112748.0,"5,3"
1392112748.0,1392112748.0,5
1392112748.0,1392112748.0,3
1392112749.0,1392112749.0,"5,3"
1392112749.0,1392112749.0,5
1392112749.0,1392112749.0,3
1392112750.0,1392112750.0,"5,3"
1392112750.0,1392112750.0,5
1392112750.0,1392112750.0,3
1392112751.0,1392112751.0,"5,3"
1392112751.0,1392112751.0,5
1392112751.0,1392112751.0,3
1392112752.0,1392112752.0,"5,3"
1392112752.0,1392112752.0,5
1392112752.0,1392112752.0,3
1392112753.0,1392112753.0,"5,3"
1392112753.0,1392112753.0,5
1392112753.0,1392112753.0,3
1392112754.0,1392112754.0,"5,3"
1392112754.0,1392112754.0,5
1392112754.0,1392112754.0,3
1392112755.0,1392112755.0,"5,3"
1392112755.0,1392112755.0,5
1392112755.0,1392112755.0,3
1392112756.0,1392112756.0,"5,3"
1392112756.0,1392112756.0,5
1392112756.0,1392112756.0,3
1392112757.0,1392112757.0,"5,3"
1392112757.0,1392112757.0,5
1392112757.0,1392112757.0,3
1392112758.0,1392112758.0,"5,3"
1392112758.0,1392112758.0,5
1392112758.0,1392112758.0,3
1392112759.0,1392112759.0,"5,6,3"
1392112759.0,1392112759.0,"5,6"
1392112759.0,1392112759.0,"6,3"
1392112759.0,1392112759.0,6
1392112760.0,1392112760.0,"5,6,3"
1392112760.0,1392112760.0,"5,6"
1392112760.0,1392112760.0,"6,3"
1392112760.0,1392112760.0,6
1392112761.0,1392112761.0,"5,6,3"
1392112761.0,1392112761.0,"5,6"
1392112761.0,1392112761.0,"6,3"
1392112761.0,1392112761.0,6
1392112762.0,1392112762.0,"5,6,3"
1392112762.0,1392112762.0,"5,6"
1392112762.0,1392112762.0,"6,3"
1392112762.0,1392112762.0,6
1392112763.0,1392112763.0,"5,6,3"
1392112763.0,1392112763.0,"5,6"
1392112763.0,1392112763.0,"6,3"
1392112763.0,1392112763.0,6
1392112764.0,1392112764.0,"5,6,3"
1392112764.0,1392112764.0,"5,6"
1392112764.0,1392112764.0,"6,3"
1392112764.0,1392112764.0,6
1392112765.0,1392112765.0,"5,6,3"
1392112765.0,1392112765.0,"5,6"
1392112765.0,1392112765.0,"6,3"
1392112765.0,1392112765.0,6
1392112766.0,1392112766.0,"5,6,3"
1392112766.0,1392112766.0,"5,6"
1392112766.0,1392112766.0,"6,3"
1392112766.0,1392112766.0,6
1392112767.0,1392112767.0,"5,6,3"
1392112767.0,1392112767.0,"5,6"
1392112767.0,1392112767.0,"6,3"
1392112767.0,1392112767.0,6
1392112768.0,1392112768.0,"5,6,3"
1392112768.0,1392112768.0,"5,6"
1392112768.0,1392112768.0,"6,3"
1392112768.0,1392112768.0,6
1392112769.0,1392112769.0,"5,6,3"
1392112769.0,1392112769.0,"5,6"
1392112769.0,1392112769.0,"6,3"
1392112769.0,1392112769.0,6
1392112770.0,1392112770.0,"5,6,3"
1392112770.0,1392112770.0,"5,6"
1392112770.0,1392112770.0,"6,3"
1392112770.0,1392112770.0,6
1392112771.0,1392112771.0,"5,6,3"
1392112771.0,1392112771.0,"5,6"
1392112771.0,1392112771.0,"6,3"
1392112771.0,1392112771.0,6
1392112772.0,1392112772.0,"5,6,3"
1392112772.0,1392112772.0,"5,6"
1392112772.0,1392112772.0,"6,3"
1392112772.0,1392112772.0,6
1392112773.0,1392112773.0,"5,6,3"
1392112773.0,1392112773.0,"5,6"
1392112773.0,1392112773.0,"6,3"
1392112773.0,1392112773.0,6
1392112774.0,1392112774.0,"5,6,3"
1392112774.0,1392112774.0,"5,6"
1392112774.0,1392112774.0,"6,3"
1392112774.0,1392112774.0,6
1392112775.0,1392112775.0,"5,6,3"
1392112775.0,1392112775.0,"5,6"
1392112775.0,1392112775.0,"6,3"
1392112775.0,1392112775.0,6
1392112776.0,1392112776.0,"5,6,3"
1392112776.0,1392112776.0,"5,6"
1392112776.0,1392112776.0,"6,3"
1392112776.0,1392112776.0,6
1392112777.0,1392112777.0,"5,6,3"
1392112777.0,1392112777.0,"5,6"
1392112777.0,1392112777.0,"6,3"
1392112777.0,1392112777.0,6
1392112778.0,1392112778.0,"5,6,3"
1392112778.0,1392112778.0,"5,6"
1392112778.0,1392112778.0,"6,3"
1392112778.0,1392112778.0,6
1392112779.0,1392112779.0,"5,6,3"
1392112779.0,1392112779.0,"5,6"
1392112779.0,1392112779.0,"6,3"
1392112779.0,1392112779.0,6
1392112780.0,1392112780.0,"5,6,3"
1392112780.0,1392112780.0,"5,6"
1392112780.0,1392112780.0,"6,3"
1392112780.0,1392112780.0,6
1392112781.0,1392112781.0,"5,6,3"
1392112781.0,1392112781.0,"5,6"
1392112781.0,1392112781.0,"6,3"
1392112781.0,1392112781.0,6
1392112782.0,1392112782.0,"5,6,3"
1392112782.0,1392112782.0,"5,6"
1392112782.0,1392112782.0,"6,3"
1392112782.0,1392112782.0,6
1392112783.0,1392112783.0,"5,6,3"
1392112783.0,1392112783.0,"5,6"
1392112783.0,1392112783.0,"6,3"
1392112783.0,1392112783.0,6
1392112784.0,1392112784.0,"5,6,3"
1392112784.0,1392112784.0,"5,6"
1392112784.0,1392112784.0,"6,3"
1392112784.0,1392112784.0,6
1392112785.0,1392112785.0,"5,6,3"
1392112785.0,1392112785.0,"5,6"
1392112785.0,1392112785.0,"6,3"
1392112785.0,1392112785.0,6
1392112786.0,1392112786.0,"5,6,3"
1392112786.0,1392112786.0,"5,6"
1392112786.0,1392112786.0,"6,3"
1392112786.0,1392112786.0,6
1392112787.0,1392112787.0,"5,6,3"
1392112787.0,1392112787.0,"5,6"
1392112787.0,1392112787.0,"6,3"
1392112787.0,1392112787.0,6
1392112788.0,1392112788.0,"5,6,3"
1392112788.0,1392112788.0,"5,6"
1392112788.0,1392112788.0,"6,3"
1392112788.0,1392112788.0,6
1392112789.0,1392112789.0,"5,6,3"
1392112789.0,1392112789.0,"5,6"
1392112789.0,1392112789.0,"6,3"
1392112789.0,1392112789.0,6
1392112790.0,1392112790.0,"5,6,3"
1392112790.0,1392112790.0,"5,6"
1392112790.0,1392112790.0,"6,3"
1392112790.0,1392112790.0,6
1392112791.0,1392112791.0,"5,6,3"
1392112791.0,1392112791.0,"5,6"
1392112791.0,1392112791.0,"6,3"
1392112791.0,1392112791.0,6
1392112792.0,1392112792.0,"5,6,3"
1392112792.0,1392112792.0,"5,6"
1392112792.0,1392112792.0,"6,3"
1392112792.0,1392112792.0,6
1392112793.0,1392112793.0,"5,6,3"
1392112793.0,1392112793.0,"5,6"
1392112793.0,1392112793.0,"6,3"
1392112793.0,1392112793.0,6
1392112794.0,1392112794.0,"5,6,3"
1392112794.0,1392112794.0,"5,6"
1392112794.0,1392112794.0,"6,3"
1392112794.0,1392112794.0,6
1392112795.0,1392112795.0,"5,6,3"
1392112795.0,1392112795.0,"5,6"
1392112795.0,1392112795.0,"6,3"
1392112795.0,1392112795.0,6
1392112796.0,1392112796.0,"5,6,3"
1392112796.0,1392112796.0,"5,6"
1392112796.0,1392112796.0,"6,3"
1392112796.0,1392112796.0,6
1392112797.0,1392112797.0,"5,6,3"
1392112797.0,1392112797.0,"5,6"
1392112797.0,1392112797.0,"6,3"
1392112797.0,1392112797.0,6
1392112798.0,1392112798.0,"5,6,3"
1392112798.0,1392112798.0,"5,6"
1392112798.0,1392112798.0,"6,3"
1392112798.0,1392112798.0,6
1392112799.0,1392112799.0,"5,6,3"
1392112799.0,1392112799.0,"5,6"
1392112799.0,1392112799.0,"6,3"
1392112799.0,1392112799.0,6
1392112800.0,1392112800.0,"5,6,3"
1392112800.0,1392112800.0,"5,6"
1392112800.0,1392112800.0,"6,3"
1392112800.0,1392112800.0,6
1392112801.0,1392112801.0,"5,6,3"
1392112801.0,1392112801.0,"5,6"
1392112801.0,1392112801.0,"6,3"
1392112801.0,1392112801.0,6
1392112802.0,1392112802.0,"5,6,3"
1392112802.0,1392112802.0,"5,6"
1392112802.0,1392112802.0,"6,3"
1392112802.0,1392112802.0,6
1392112803.0,1392112803.0,"5,6,3"
1392112803.0,1392112803.0,"5,6"
1392112803.0,1392112803.0,"6,3"
1392112803.0,1392112803.0,6
1392112804.0,1392112804.0,"5,6,3"
1392112804.0,1392112804.0,"5,6"
1392112804.0,1392112804.0,"6,3"
1392112804.0,1392112804.0,6
1392112805.0,1392112805.0,"5,6,3"
1392112805.0,1392112805.0,"5,6"
1392112805.0,1392112805.0,"6,3"
1392112805.0,1392112805.0,6
1392112806.0,1392112806.0,"5,6,3"
1392112806.0,1392112806.0,"5,6"
1392112806.0,1392112806.0,"6,3"
1392112806.0,1392112806.0,6
1392112807.0,1392112807.0,"5,6,3"
1392112807.0,1392112807.0,"5,6"
1392112807.0,1392112807.0,"6,3"
1392112807.0,1392112807.0,6
1392112808.0,1392112808.0,"5,6,3"
1392112808.0,1392112808.0,"5,6"
1392112808.0,1392112808.0,"6,3"
1392112808.0,1392112808.0,6
1392112809.0,1392112809.0,"5,6,3"
1392112809.0,1392112809.0,"5,6"
1392112809.0,1392112809.0,"6,3"
1392112809.0,1392112809.0,6
1392112810.0,1392112810.0,"5,6,3"
1392112810.0,1392112810.0,"5,6"
1392112810.0,1392112810.0,"6,3"
1392112810.0,1392112810.0,6
1392112811.0,1392112811.0,"5,6,3"
1392112811.0,1392112811.0,"5,6"
1392112811.0,1392112811.0,"6,3"
1392112811.0,1392112811.0,6
1392112812.0,1392112812.0,"5,6,3"
1392112812.0,1392112812.0,"5,6"
1392112812.0,1392112812.0,"6,3"
1392112812.0,1392112812.0,6
1392112813.0,1392112813.0,"5,6,3"
1392112813.0,1392112813.0,"5,6"
1392112813.0,1392112813.0,"6,3"
1392112813.0,1392112813.0,6
1392112814.0,1392112814.0,"5,6,3"
1392112814.0,1392112814.0,"5,6"
1392112814.0,1392112814.0,"6,3"
1392112814.0,1392112814.0,6
1392112815.0,1392112815.0,"5,6,3"
1392112815.0,1392112815.0,"5,6"
1392112815.0,1392112815.0,"6,3"
1392112815.0,1392112815.0,6
1392112816.0,1392112816.0,"5,6,3"
1392112816.0,1392112816.0,"5,6"
1392112816.0,1392112816.0,"6,3"
1392112816.0,1392112816.0,6
1392112817.0,1392112817.0,"5,6,3"
1392112817.0,1392112817.0,"5,6"
1392112817.0,1392112817.0,"6,3"
1392112817.0,1392112817.0,6
1392112818.0,1392112818.0,"5,6,3"
1392112818.0,1392112818.0,"5,6"
1392112818.0,1392112818.0,"6,3"
1392112818.0,1392112818.0,6
1392112819.0,1392112819.0,"5,6,3"
1392112819.0,1392112819.0,"5,6"
1392112819.0,1392112819.0,"6,3"
1392112819.0,1392112819.0,6
1392112820.0,1392112820.0,"5,6,3"
1392112820.0,1392112820.0,"5,6"
1392112820.0,1392112820.0,"6,3"
1392112820.0,1392112820.0,6
1392112821.0,1392112821.0,"5,6,3"
1392112821.0,1392112821.0,"5,6"
1392112821.0,1392112821.0,"6,3"
1392112821.0,1392112821.0,6
1392112822.0,1392112822.0,"5,6,3"
1392112822.0,1392112822.0,"5,6"
1392112822.0,1392112822.0,"6,3"
1392112822.0,1392112822.0,6
1392112823.0,1392112823.0,"5,6,3"
1392112823.0,1392112823.0,"5,6"
1392112823.0,1392112823.0,"6,3"
1392112823.0,1392112823.0,6
1392112824.0,1392112824.0,"5,6,3"
1392112824.0,1392112824.0,"5,6"
1392112824.0,1392112824.0,"6,3"
1392112824.0,1392112824.0,6
1392112825.0,1392112825.0,"5,6,3"
1392112825.0,1392112825.0,"5,6"
1392112825.0,1392112825.0,"6,3"
1392112825.0,1392112825.0,6
1392112826.0,1392112826.0,"5,6,3"
1392112826.0,1392112826.0,"5,6"
1392112826.0,1392112826.0,"6,3"
1392112826.0,1392112826.0,6
1392112827.0,1392112827.0,"5,6,3"
1392112827.0,1392112827.0,"5,6"
1392112827.0,1392112827.0,"6,3"
1392112827.0,1392112827.0,6
1392112828.0,1392112828.0,"5,6,3"
1392112828.0,1392112828.0,"5,6"
1392112828.0,1392112828.0,"6,3"
1392112828.0,1392112828.0,6
1392112829.0,1392112829.0,"5,6,3"
1392112829.0,1392112829.0,"5,6"
1392112829.0,1392112829.0,"6,3"
1392112829.0,1392112829.0,6
1392112830.0,1392112830.0,"5,6,3"
1392112830.0,1392112830.0,"5,6"
1392112830.0,1392112830.0,"6,3"
1392112830.0,1392112830.0,6
1392112831.0,1392112831.0,"5,6,3"
1392112831.0,1392112831.0,"5,6"
1392112831.0,1392112831.0,"6,3"
1392112831.0,1392112831.0,6
1392112832.0,1392112832.0,"5,6,3"
1392112832.0,1392112832.0,"5,6"
1392112832.0,1392112832.0,"6,3"
1392112832.0,1392112832.0,6
1392112833.0,1392112833.0,"5,6,3"
1392112833.0,1392112833.0,"5,6"
1392112833.0,1392112833.0,"6,3"
1392112833.0,1392112833.0,6
1392112834.0,1392112834.0,"5,6,3"
1392112834.0,1392112834.0,"5,6"
1392112834.0,1392112834.0,"6,3"
1392112834.0,1392112834.0,6
1392112835.0,1392112835.0,"5,6,3"
1392112835.0,1392112835.0,"5,6"
1392112835.0,1392112835.0,"6,3"
1392112835.0,1392112835.0,6
1392112836.0,1392112836.0,"5,6,3"
1392112836.0,1392112836.0,"5,6"
1392112836.0,1392112836.0,"6,3"
1392112836.0,1392112836.0,6
1392112837.0,1392112837.0,"5,6,3"
1392112837.0,1392112837.0,"5,6"
1392112837.0,1392112837.0,"6,3"
1392112837.0,1392112837.0,6
1392112838.0,1392112838.0,"5,6,3"
1392112838.0,1392112838.0,"5,6"
1392112838.0,1392112838.0,"6,3"
1392112838.0,1392112838.0,6
1392112839.0,1392112839.0,"5,6,3"
1392112839.0,1392112839.0,"5,6"
1392112839.0,1392112839.0,"6,3"
1392112839.0,1392112839.0,6
1392112840.0,1392112840.0,"5,6,3"
1392112840.0,1392112840.0,"5,6"
1392112840.0,1392112840.0,"6,3"
1392112840.0,1392112840.0,6
1392112841.0,1392112841.0,"5,6,3"
1392112841.0,1392112841.0,"5,6"
1392112841.0,1392112841.0,"6,3"
1392112841.0,1392112841.0,6
1392112842.0,1392112842.0,"5,6,3"
1392112842.0,1392112842.0,"5,6"
1392112842.0,1392112842.0,"6,3"
1392112842.0,1392112842.0,6
1392112843.0,1392112843.0,"5,6,3"
1392112843.0,1392112843.0,"5,6"
1392112843.0,1392112843.0,"6,3"
1392112843.0,1392112843.0,6
1392112844.0,1392112844.0,"5,6,3"
1392112844.0,1392112844.0,"5,6"
1392112844.0,1392112844.0,"6,3"
1392112844.0,1392112844.0,6
1392112845.0,1392112845.0,"5,6,3"
1392112845.0,1392112845.0,"5,6"
1392112845.0,1392112845.0,"6,3"
1392112845.0,1392112845.0,6
1392112846.0,1392112846.0,"5,6,3"
1392112846.0,1392112846.0,"5,6"
1392112846.0,1392112846.0,"6,3"
1392112846.0,1392112846.0,6
1392112847.0,1392112847.0,"5,6,3"
1392112847.0,1392112847.0,"5,6"
1392112847.0,1392112847.0,"6,3"
1392112847.0,1392112847.0,6
1392112848.0,1392112848.0,"5,6,3"
1392112848.0,1392112848.0,"5,6"
1392112848.0,1392112848.0,"6,3"
1392112848.0,1392112848.0,6
1392112849.0,1392112849.0,"5,6,3"
1392112849.0,1392112849.0,"5,6"
1392112849.0,1392112849.0,"6,3"
1392112849.0,1392112849.0,6
1392112850.0,1392112850.0,"5,6,3"
1392112850.0,1392112850.0,"5,6"
1392112850.0,1392112850.0,"6,3"
1392112850.0,1392112850.0,6
1392112851.0,1392112851.0,"5,6,3"
1392112851.0,1392112851.0,"5,6"
1392112851.0,1392112851.0,"6,3"
1392112851.0,1392112851.0,6
1392112852.0,1392112852.0,"5,6,3"
1392112852.0,1392112852.0,"5,6"
1392112852.0,1392112852.0,"6,3"
1392112852.0,1392112852.0,6
1392112853.0,1392112853.0,"5,6,3"
1392112853.0,1392112853.0,"5,6"
1392112853.0,1392112853.0,"6,3"
1392112853.0,1392112853.0,6
1392112854.0,1392112854.0,"5,6,3"
1392112854.0,1392112854.0,"5,6"
1392112854.0,1392112854.0,"6,3"
1392112854.0,1392112854.0,6
1392112855.0,1392112855.0,"5,6,3"
1392112855.0,1392112855.0,"5,6"
1392112855.0,1392112855.0,"6,3"
1392112855.0,1392112855.0,6
1392112856.0,1392112856.0,"5,6,3"
1392112856.0,1392112856.0,"5,6"
1392112856.0,1392112856.0,"6,3"
1392112856.0,1392112856.0,6
1392112857.0,1392112857.0,"5,6,3"
1392112857.0,1392112857.0,"5,6"
1392112857.0,1392112857.0,"6,3"
1392112857.0,1392112857.0,6
1392112858.0,1392112858.0,"5,6,3"
1392112858.0,1392112858.0,"5,6"
1392112858.0,1392112858.0,"6,3"
1392112858.0,1392112858.0,6
1392112859.0,1392112859.0,"5,6,3"
1392112859.0,1392112859.0,"5,6"
1392112859.0,1392112859.0,"6,3"
1392112859.0,1392112859.0,6
1392112860.0,1392112860.0,"5,6,3"
1392112860.0,1392112860.0,"5,6"
1392112860.0,1392112860.0,"6,3"
1392112860.0,1392112860.0,6
1392112861.0,1392112861.0,"5,6,3"
1392112861.0,1392112861.0,"5,6"
1392112861.0,1392112861.0,"6,3"
1392112861.0,1392112861.0,6
1392112862.0,1392112862.0,"5,6,3"
1392112862.0,1392112862.0,"5,6"
1392112862.0,1392112862.0,"6,3"
1392112862.0,1392112862.0,6
1392112863.0,1392112863.0,"5,6,3"
1392112863.0,1392112863.0,"5,6"
1392112863.0,1392112863.0,"6,3"
1392112863.0,1392112863.0,6
1392112864.0,1392112864.0,"5,6,3"
1392112864.0,1392112864.0,"5,6"
1392112864.0,1392112864.0,"6,3"
1392112864.0,1392112864.0,6
1392112865.0,1392112865.0,"5,6,3"
1392112865.0,1392112865.0,"5,6"
1392112865.0,1392112865.0,"6,3"
1392112865.0,1392112865.0,6
1392112866.0,1392112866.0,"5,6,3"
1392112866.0,1392112866.0,"5,6"
1392112866.0,1392112866.0,"6,3"
1392112866.0,1392112866.0,6
1392112867.0,1392112867.0,"5,6,3"
1392112867.0,1392112867.0,"5,6"
1392112867.0,1392112867.0,"6,3"
1392112867.0,1392112867.0,6
1392112868.0,1392112868.0,"5,6,3"
1392112868.0,1392112868.0,"5,6"
1392112868.0,1392112868.0,"6,3"
1392112868.0,1392112868.0,6
1392112869.0,1392112869.0,"5,6,3"
1392112869.0,1392112869.0,"5,6"
1392112869.0,1392112869.0,"6,3"
1392112869.0,1392112869.0,6
1392112870.0,1392112870.0,"5,6,3"
1392112870.0,1392112870.0,"5,6"
1392112870.0,1392112870.0,"6,3"
1392112870.0,1392112870.0,6
1392112871.0,1392112871.0,"5,6,3"
1392112871.0,1392112871.0,"5,6"
1392112871.0,1392112871.0,"6,3"
1392112871.0,1392112871.0,6
1392112872.0,1392112872.0,"5,6,3"
1392112872.0,1392112872.0,"5,6"
1392112872.0,1392112872.0,"6,3"
1392112872.0,1392112872.0,6
1392112873.0,1392112873.0,"5,6,3"
1392112873.0,1392112873.0,"5,6"
1392112873.0,1392112873.0,"6,3"
1392112873.0,1392112873.0,6
1392112874.0,1392112874.0,"5,6,3"
1392112874.0,1392112874.0,"5,6"
1392112874.0,1392112874.0,"6,3"
1392112874.0,1392112874.0,6
1392112875.0,1392112875.0,"5,6,3"
1392112875.0,1392112875.0,"5,6"
1392112875.0,1392112875.0,"6,3"
1392112875.0,1392112875.0,6
1392112876.0,1392112876.0,"5,6,3"
1392112876.0,1392112876.0,"5,6"
1392112876.0,1392112876.0,"6,3"
1392112876.0,1392112876.0,6
1392112877.0,1392112877.0,"5,6,3"
1392112877.0,1392112877.0,"5,6"
1392112877.0,1392112877.0,"6,3"
1392112877.0,1392112877.0,6
1392112878.0,1392112878.0,"5,6,3"
1392112878.0,1392112878.0,"5,6"
1392112878.0,1392112878.0,"6,3"
1392112878.0,1392112878.0,6
1392112879.0,1392112879.0,"5,6,3"
1392112879.0,1392112879.0,"5,6"
1392112879.0,1392112879.0,"6,3"
1392112879.0,1392112879.0,6
1392112880.0,1392112880.0,"5,6,3"
1392112880.0,1392112880.0,"5,6"
1392112880.0,1392112880.0,"6,3"
1392112880.0,1392112880.0,6
1392112881.0,1392112881.0,"5,6,3"
1392112881.0,1392112881.0,"5,6"
1392112881.0,1392112881.0,"6,3"
1392112881.0,1392112881.0,6
1392112882.0,1392112882.0,"5,6,3"
1392112882.0,1392112882.0,"5,6"
1392112882.0,1392112882.0,"6,3"
1392112882.0,1392112882.0,6
1392112883.0,1392112883.0,"5,6,3"
1392112883.0,1392112883.0,"5,6"
1392112883.0,1392112883.0,"6,3"
1392112883.0,1392112883.0,6
1392112884.0,1392112884.0,"5,6,3"
1392112884.0,1392112884.0,"5,6"
1392112884.0,1392112884.0,"6,3"
1392112884.0,1392112884.0,6
1392112885.0,1392112885.0,"5,6,3"
1392112885.0,1392112885.0,"5,6"
1392112885.0,1392112885.0,"6,3"
1392112885.0,1392112885.0,6
1392112886.0,1392112886.0,"5,6,3"
1392112886.0,1392112886.0,"5,6"
1392112886.0,1392112886.0,"6,3"
1392112886.0,1392112886.0,6
1392112887.0,1392112887.0,"5,6,3"
1392112887.0,1392112887.0,"5,6"
1392112887.0,1392112887.0,"6,3"
1392112887.0,1392112887.0,6
1392112888.0,1392112888.0,"5,6,3"
1392112888.0,1392112888.0,"5,6"
1392112888.0,1392112888.0,"6,3"
1392112888.0,1392112888.0,6
1392112889.0,1392112889.0,"5,6,3"
1392112889.0,1392112889.0,"5,6"
1392112889.0,1392112889.0,"6,3"
1392112889.0,1392112889.0,6
1392112890.0,1392112890.0,"5,6,3"
1392112890.0,1392112890.0,"5,6"
1392112890.0,1392112890.0,"6,3"
1392112890.0,1392112890.0,6
1392112891.0,1392112891.0,"5,6,3"
1392112891.0,1392112891.0,"5,6"
1392112891.0,1392112891.0,"6,3"
1392112891.0,1392112891.0,6
1392112892.0,1392112892.0,"5,6,3"
1392112892.0,1392112892.0,"5,6"
1392112892.0,1392112892.0,"6,3"
1392112892.0,1392112892.0,6
1392112893.0,1392112893.0,"5,6,3"
1392112893.0,1392112893.0,"5,6"
1392112893.0,1392112893.0,"6,3"
1392112893.0,1392112893.0,6
1392112894.0,1392112894.0,"5,6,3"
1392112894.0,1392112894.0,"5,6"
1392112894.0,1392112894.0,"6,3"
1392112894.0,1392112894.0,6
1392112895.0,1392112895.0,"5,6,3"
1392112895.0,1392112895.0,"5,6"
1392112895.0,1392112895.0,"6,3"
1392112895.0,1392112895.0,6
1392112896.0,1392112896.0,"5,6,3"
1392112896.0,1392112896.0,"5,6"
1392112896.0,1392112896.0,"6,3"
1392112896.0,1392112896.0,6
1392112897.0,1392112897.0,"5,6,3"
1392112897.0,1392112897.0,"5,6"
1392112897.0,1392112897.0,"6,3"
1392112897.0,1392112897.0,6
1392112898.0,1392112898.0,"5,6,3"
1392112898.0,1392112898.0,"5,6"
1392112898.0,1392112898.0,"6,3"
1392112898.0,1392112898.0,6
1392112899.0,1392112899.0,"5,6,3"
1392112899.0,1392112899.0,"5,6"
1392112899.0,1392112899.0,"6,3"
1392112899.0,1392112899.0,6
1392112900.0,1392112900.0,"5,6,3"
1392112900.0,1392112900.0,"5,6"
1392112900.0,1392112900.0,"6,3"
1392112900.0,1392112900.0,6
1392112901.0,1392112901.0,"5,6,3"
1392112901.0,1392112901.0,"5,6"
1392112901.0,1392112901.0,"6,3"
1392112901.0,1392112901.0,6
1392112902.0,1392112902.0,"5,6,3"
1392112902.0,1392112902.0,"5,6"
1392112902.0,1392112902.0,"6,3"
1392112902.0,1392112902.0,6
1392112903.0,1392112903.0,"5,6,3"
1392112903.0,1392112903.0,"5,6"
1392112903.0,1392112903.0,"6,3"
1392112903.0,1392112903.0,6
1392112904.0,1392112904.0,"5,6,3"
1392112904.0,1392112904.0,"5,6"
1392112904.0,1392112904.0,"6,3"
1392112904.0,1392112904.0,6
1392112905.0,1392112905.0,"5,6,3"
1392112905.0,1392112905.0,"5,6"
1392112905.0,1392112905.0,"6,3"
1392112905.0,1392112905.0,6
1392112906.0,1392112906.0,"5,6,3"
1392112906.0,1392112906.0,"5,6"
1392112906.0,1392112906.0,"6,3"
1392112906.0,1392112906.0,6
1392112907.0,1392112907.0,"5,6,3"
1392112907.0,1392112907.0,"5,6"
1392112907.0,1392112907.0,"6,3"
1392112907.0,1392112907.0,6
1392112908.0,1392112908.0,"5,6,3"
1392112908.0,1392112908.0,"5,6"
1392112908.0,1392112908.0,"6,3"
1392112908.0,1392112908.0,6
1392112909.0,1392112909.0,"5,6,3"
1392112909.0,1392112909.0,"5,6"
1392112909.0,1392112909.0,"6,3"
1392112909.0,1392112909.0,6
1392112910.0,1392112910.0,"5,6,3"
1392112910.0,1392112910.0,"5,6"
1392112910.0,1392112910.0,"6,3"
1392112910.0,1392112910.0,6
1392112911.0,1392112911.0,"5,6,3"
1392112911.0,1392112911.0,"5,6"
1392112911.0,1392112911.0,"6,3"
1392112911.0,1392112911.0,6
1392112912.0,1392112912.0,"5,6,3"
1392112912.0,1392112912.0,"5,6"
1392112912.0,1392112912.0,"6,3"
1392112912.0,1392112912.0,6
1392112913.0,1392112913.0,"5,6,3"
1392112913.0,1392112913.0,"5,6"
1392112913.0,1392112913.0,"6,3"
1392112913.0,1392112913.0,6
1392112914.0,1392112914.0,"5,6,3"
1392112914.0,1392112914.0,"5,6"
1392112914.0,1392112914.0,"6,3"
1392112914.0,1392112914.0,6
1392112915.0,1392112915.0,"5,6,3"
1392112915.0,1392112915.0,"5,6"
1392112915.0,1392112915.0,"6,3"
1392112915.0,1392112915.0,6
1392112916.0,1392112916.0,"5,6,3"
1392112916.0,1392112916.0,"5,6"
1392112916.0,1392112916.0,"6,3"
1392112916.0,1392112916.0,6
1392112917.0,1392112917.0,"5,6,3"
1392112917.0,1392112917.0,"5,6"
1392112917.0,1392112917.0,"6,3"
1392112917.0,1392112917.0,6
1392112918.0,1392112918.0,"5,6,3"
1392112918.0,1392112918.0,"5,6"
1392112918.0,1392112918.0,"6,3"
1392112918.0,1392112918.0,6
1392112919.0,1392112919.0,"5,6,3"
1392112919.0,1392112919.0,"5,6"
1392112919.0,1392112919.0,"6,3"
1392112919.0,1392112919.0,6
1392112920.0,1392112920.0,"5,6,3"
1392112920.0,1392112920.0,"5,6"
1392112920.0,1392112920.0,"6,3"
1392112920.0,1392112920.0,6
1392112921.0,1392112921.0,"5,6,3"
1392112921.0,1392112921.0,"5,6"
1392112921.0,1392112921.0,"6,3"
1392112921.0,1392112921.0,6
1392112922.0,1392112922.0,"5,6,3"
1392112922.0,1392112922.0,"5,6"
1392112922.0,1392112922.0,"6,3"
1392112922.0,1392112922.0,6
1392112923.0,1392112923.0,"5,6,3"
1392112923.0,1392112923.0,"5,6"
1392112923.0,1392112923.0,"6,3"
1392112923.0,1392112923.0,6
1392112924.0,1392112924.0,"5,6,3"
1392112924.0,1392112924.0,"5,6"
1392112924.0,1392112924.0,"6,3"
1392112924.0,1392112924.0,6
1392112925.0,1392112925.0,"5,6,3"
1392112925.0,1392112925.0,"5,6"
1392112925.0,1392112925.0,"6,3"
1392112925.0,1392112925.0,6
1392112926.0,1392112926.0,"5,6,3"
1392112926.0,1392112926.0,"5,6"
1392112926.0,1392112926.0,"6,3"
1392112926.0,1392112926.0,6
1392112927.0,1392112927.0,"5,6,3"
1392112927.0,1392112927.0,"5,6"
1392112927.0,1392112927.0,"6,3"
1392112927.0,1392112927.0,6
1392112928.0,1392112928.0,"5,6,3"
1392112928.0,1392112928.0,"5,6"
1392112928.0,1392112928.0,"6,3"
1392112928.0,1392112928.0,6
1392112929.0,1392112929.0,"5,6,3"
1392112929.0,1392112929.0,"5,6"
1392112929.0,1392112929.0,"6,3"
1392112929.0,1392112929.0,6
1392112930.0,1392112930.0,"5,6,3"
1392112930.0,1392112930.0,"5,6"
1392112930.0,1392112930.0,"6,3"
1392112930.0,1392112930.0,6
1392112931.0,1392112931.0,"5,6,3"
1392112931.0,1392112931.0,"5,6"
1392112931.0,1392112931.0,"6,3"
1392112931.0,1392112931.0,6
1392112932.0,1392112932.0,"5,6,3"
1392112932.0,1392112932.0,"5,6"
1392112932.0,1392112932.0,"6,3"
1392112932.0,1392112932.0,6
1392112933.0,1392112933.0,"5,6,3"
1392112933.0,1392112933.0,"5,6"
1392112933.0,1392112933.0,"6,3"
1392112933.0,1392112933.0,6
1392112934.0,1392112934.0,"5,6,3"
1392112934.0,1392112934.0,"5,6"
1392112934.0,1392112934.0,"6,3"
1392112934.0,1392112934.0,6
1392112935.0,1392112935.0,"5,6,3"
1392112935.0,1392112935.0,"5,6"
1392112935.0,1392112935.0,"6,3"
1392112935.0,1392112935.0,6
1392112936.0,1392112936.0,"5,6,3"
1392112936.0,1392112936.0,"5,6"
1392112936.0,1392112936.0,"6,3"
1392112936.0,1392112936.0,6
1392112937.0,1392112937.0,"5,6,3"
1392112937.0,1392112937.0,"5,6"
1392112937.0,1392112937.0,"6,3"
1392112937.0,1392112937.0,6
1392112938.0,1392112938.0,"5,6,3"
1392112938.0,1392112938.0,"5,6"
1392112938.0,1392112938.0,"6,3"
1392112938.0,1392112938.0,6
1392112939.0,1392112939.0,"5,6,3"
1392112939.0,1392112939.0,"5,6"
1392112939.0,1392112939.0,"6,3"
1392112939.0,1392112939.0,6
1392112940.0,1392112940.0,"5,6,3"
1392112940.0,1392112940.0,"5,6"
1392112940.0,1392112940.0,"6,3"
1392112940.0,1392112940.0,6
1392112941.0,1392112941.0,"5,6,3"
1392112941.0,1392112941.0,"5,6"
1392112941.0,1392112941.0,"6,3"
1392112941.0,1392112941.0,6
1392112942.0,1392112942.0,"5,6,3"
1392112942.0,1392112942.0,"5,6"
1392112942.0,1392112942.0,"6,3"
1392112942.0,1392112942.0,6
1392112943.0,1392112943.0,"5,6,3"
1392112943.0,1392112943.0,"5,6"
1392112943.0,1392112943.0,"6,3"
1392112943.0,1392112943.0,6
1392112944.0,1392112944.0,"5,6,3"
1392112944.0,1392112944.0,"5,6"
1392112944.0,1392112944.0,"6,3"
1392112944.0,1392112944.0,6
1392112945.0,1392112945.0,"5,6,3"
1392112945.0,1392112945.0,"5,6"
1392112945.0,1392112945.0,"6,3"
1392112945.0,1392112945.0,6
1392112946.0,1392112946.0,"5,6,3"
1392112946.0,1392112946.0,"5,6"
1392112946.0,1392112946.0,"6,3"
1392112946.0,1392112946.0,6
1392112947.0,1392112947.0,"5,6,3"
1392112947.0,1392112947.0,"5,6"
1392112947.0,1392112947.0,"6,3"
1392112947.0,1392112947.0,6
1392112948.0,1392112948.0,"5,6,3"
1392112948.0,1392112948.0,"5,6"
1392112948.0,1392112948.0,"6,3"
1392112948.0,1392112948.0,6
1392112949.0,1392112949.0,"5,6,3"
1392112949.0,1392112949.0,"5,6"
1392112949.0,1392112949.0,"6,3"
1392112949.0,1392112949.0,6
1392112950.0,1392112950.0,"5,6,3"
1392112950.0,1392112950.0,"5,6"
1392112950.0,1392112950.0,"6,3"
1392112950.0,1392112950.0,6
1392112951.0,1392112951.0,"5,6,3"
1392112951.0,1392112951.0,"5,6"
1392112951.0,1392112951.0,"6,3"
1392112951.0,1392112951.0,6
1392112952.0,1392112952.0,"5,6,3"
1392112952.0,1392112952.0,"5,6"
1392112952.0,1392112952.0,"6,3"
1392112952.0,1392112952.0,6
1392112953.0,1392112953.0,"5,6,3"
1392112953.0,1392112953.0,"5,6"
1392112953.0,1392112953.0,"6,3"
1392112953.0,1392112953.0,6
1392112954.0,1392112954.0,"5,6,3"
1392112954.0,1392112954.0,"5,6"
1392112954.0,1392112954.0,"6,3"
1392112954.0,1392112954.0,6
1392112955.0,1392112955.0,"5,6,3"
1392112955.0,1392112955.0,"5,6"
1392112955.0,1392112955.0,"6,3"
1392112955.0,1392112955.0,6
1392112956.0,1392112956.0,"5,6,3"
1392112956.0,1392112956.0,"5,6"
1392112956.0,1392112956.0,"6,3"
1392112956.0,1392112956.0,6
1392112957.0,1392112957.0,"5,6,3"
1392112957.0,1392112957.0,"5,6"
1392112957.0,1392112957.0,"6,3"
1392112957.0,1392112957.0,6
1392112958.0,1392112958.0,"5,6,3"
1392112958.0,1392112958.0,"5,6"
1392112958.0,1392112958.0,"6,3"
1392112958.0,1392112958.0,6
1392112959.0,1392112959.0,"5,6,3"
1392112959.0,1392112959.0,"5,6"
1392112959.0,1392112959.0,"6,3"
1392112959.0,1392112959.0,6
1392112960.0,1392112960.0,"5,6,3"
1392112960.0,1392112960.0,"5,6"
1392112960.0,1392112960.0,"6,3"
1392112960.0,1392112960.0,6
1392112961.0,1392112961.0,"5,6,3"
1392112961.0,1392112961.0,"5,6"
1392112961.0,1392112961.0,"6,3"
1392112961.0,1392112961.0,6
1392112962.0,1392112962.0,"5,6,3"
1392112962.0,1392112962.0,"5,6"
1392112962.0,1392112962.0,"6,3"
1392112962.0,1392112962.0,6
1392112963.0,1392112963.0,"5,6,3"
1392112963.0,1392112963.0,"5,6"
1392112963.0,1392112963.0,"6,3"
1392112963.0,1392112963.0,6
1392112964.0,1392112964.0,"5,6,3"
1392112964.0,1392112964.0,"5,6"
1392112964.0,1392112964.0,"6,3"
1392112964.0,1392112964.0,6
1392112965.0,1392112965.0,"5,6,3"
1392112965.0,1392112965.0,"5,6"
1392112965.0,1392112965.0,"6,3"
1392112965.0,1392112965.0,6
1392112966.0,1392112966.0,"5,6,3"
1392112966.0,1392112966.0,"5,6"
1392112966.0,1392112966.0,"6,3"
1392112966.0,1392112966.0,6
1392112967.0,1392112967.0,"5,6,3"
1392112967.0,1392112967.0,"5,6"
1392112967.0,1392112967.0,"6,3"
1392112967.0,1392112967.0,6
1392112968.0,1392112968.0,"5,6,3"
1392112968.0,1392112968.0,"5,6"
1392112968.0,1392112968.0,"6,3"
1392112968.0,1392112968.0,6
1392112969.0,1392112969.0,"5,6,3"
1392112969.0,1392112969.0,"5,6"
1392112969.0,1392112969.0,"6,3"
1392112969.0,1392112969.0,6
1392112970.0,1392112970.0,"5,6,3"
1392112970.0,1392112970.0,"5,6"
1392112970.0,1392112970.0,"6,3"
1392112970.0,1392112970.0,6
1392112971.0,1392112971.0,"5,6,3"
1392112971.0,1392112971.0,"5,6"
1392112971.0,1392112971.0,"6,3"
1392112971.0,1392112971.0,6
1392112972.0,1392112972.0,"5,6,3"
1392112972.0,1392112972.0,"5,6"
1392112972.0,1392112972.0,"6,3"
1392112972.0,1392112972.0,6
1392112973.0,1392112973.0,"5,6,3"
1392112973.0,1392112973.0,"5,6"
1392112973.0,1392112973.0,"6,3"
1392112973.0,1392112973.0,6
1392112974.0,1392112974.0,"5,6,3"
1392112974.0,1392112974.0,"5,6"
1392112974.0,1392112974.0,"6,3"
1392112974.0,1392112974.0,6
1392112975.0,1392112975.0,"5,6,3"
1392112975.0,1392112975.0,"5,6"
1392112975.0,1392112975.0,"6,3"
1392112975.0,1392112975.0,6
1392112976.0,1392112976.0,"5,6,3"
1392112976.0,1392112976.0,"5,6"
1392112976.0,1392112976.0,"6,3"
1392112976.0,1392112976.0,6
1392112977.0,1392112977.0,"5,6,3"
1392112977.0,1392112977.0,"5,6"
1392112977.0,1392112977.0,"6,3"
1392112977.0,1392112977.0,6
1392112978.0,1392112978.0,"5,6,3"
1392112978.0,1392112978.0,"5,6"
1392112978.0,1392112978.0,"6,3"
1392112978.0,1392112978.0,6
1392112979.0,1392112979.0,"5,6,3"
1392112979.0,1392112979.0,"5,6"
1392112979.0,1392112979.0,"6,3"
1392112979.0,1392112979.0,6
1392112980.0,1392112980.0,"5,6,3"
1392112980.0,1392112980.0,"5,6"
1392112980.0,1392112980.0,"6,3"
1392112980.0,1392112980.0,6
1392112981.0,1392112981.0,"5,6,3"
1392112981.0,1392112981.0,"5,6"
1392112981.0,1392112981.0,"6,3"
1392112981.0,1392112981.0,6
1392112982.0,1392112982.0,"5,6,3"
1392112982.0,1392112982.0,"5,6"
1392112982.0,1392112982.0,"6,3"
1392112982.0,1392112982.0,6
1392112983.0,1392112983.0,"5,6,3"
1392112983.0,1392112983.0,"5,6"
1392112983.0,1392112983.0,"6,3"
1392112983.0,1392112983.0,6
1392112984.0,1392112984.0,"5,6,3"
1392112984.0,1392112984.0,"5,6"
1392112984.0,1392112984.0,"6,3"
1392112984.0,1392112984.0,6
1392112985.0,1392112985.0,"5,6,3"
1392112985.0,1392112985.0,"5,6"
1392112985.0,1392112985.0,"6,3"
1392112985.0,1392112985.0,6
1392112986.0,1392112986.0,"5,6,3"
1392112986.0,1392112986.0,"5,6"
1392112986.0,1392112986.0,"6,3"
1392112986.0,1392112986.0,6
1392112987.0,1392112987.0,"5,6,3"
1392112987.0,1392112987.0,"5,6"
1392112987.0,1392112987.0,"6,3"
1392112987.0,1392112987.0,6
1392112988.0,1392112988.0,"5,6,3"
1392112988.0,1392112988.0,"5,6"
1392112988.0,1392112988.0,"6,3"
1392112988.0,1392112988.0,6
1392112989.0,1392112989.0,"5,6,3"
1392112989.0,1392112989.0,"5,6"
1392112989.0,1392112989.0,"6,3"
1392112989.0,1392112989.0,6
1392112990.0,1392112990.0,"5,6,3"
1392112990.0,1392112990.0,"5,6"
1392112990.0,1392112990.0,"6,3"
1392112990.0,1392112990.0,6
1392112991.0,1392112991.0,"5,6,3"
1392112991.0,1392112991.0,"5,6"
1392112991.0,1392112991.0,"6,3"
1392112991.0,1392112991.0,6
1392112992.0,1392112992.0,"5,6,3"
1392112992.0,1392112992.0,"5,6"
1392112992.0,1392112992.0,"6,3"
1392112992.0,1392112992.0,6
1392112993.0,1392112993.0,"5,6,3"
1392112993.0,1392112993.0,"5,6"
1392112993.0,1392112993.0,"6,3"
1392112993.0,1392112993.0,6
1392112994.0,1392112994.0,"5,6,3"
1392112994.0,1392112994.0,"5,6"
1392112994.0,1392112994.0,"6,3"
1392112994.0,1392112994.0,6
1392112995.0,1392112995.0,"5,6,3"
1392112995.0,1392112995.0,"5,6"
1392112995.0,1392112995.0,"6,3"
1392112995.0,1392112995.0,6
1392112996.0,1392112996.0,"5,6,3"
1392112996.0,1392112996.0,"5,6"
1392112996.0,1392112996.0,"6,3"
1392112996.0,1392112996.0,6
1392112997.0,1392112997.0,"5,6,3"
1392112997.0,1392112997.0,"5,6"
1392112997.0,1392112997.0,"6,3"
1392112997.0,1392112997.0,6
1392112998.0,1392112998.0,"5,6,3"
1392112998.0,1392112998.0,"5,6"
1392112998.0,1392112998.0,"6,3"
1392112998.0,1392112998.0,6
1392112999.0,1392112999.0,"5,6,3"
1392112999.0,1392112999.0,"5,6"
1392112999.0,1392112999.0,"6,3"
1392112999.0,1392112999.0,6
1392113000.0,1392113000.0,"5,6,3"
1392113000.0,1392113000.0,"5,6"
1392113000.0,1392113000.0,"6,3"
1392113000.0,1392113000.0,6
1392113001.0,1392113001.0,"5,6,3"
1392113001.0,1392113001.0,"5,6"
1392113001.0,1392113001.0,"6,3"
1392113001.0,1392113001.0,6
1392113002.0,1392113002.0,"5,6,3"
1392113002.0,1392113002.0,"5,6"
1392113002.0,1392113002.0,"6,3"
1392113002.0,1392113002.0,6
1392113003.0,1392113003.0,"5,6,3"
1392113003.0,1392113003.0,"5,6"
1392113003.0,1392113003.0,"6,3"
1392113003.0,1392113003.0,6
1392113004.0,1392113004.0,"5,6,3"
1392113004.0,1392113004.0,"5,6"
1392113004.0,1392113004.0,"6,3"
1392113004.0,1392113004.0,6
1392113005.0,1392113005.0,"5,6,3"
1392113005.0,1392113005.0,"5,6"
1392113005.0,1392113005.0,"6,3"
1392113005.0,1392113005.0,6
1392113006.0,1392113006.0,"5,6,3"
1392113006.0,1392113006.0,"5,6"
1392113006.0,1392113006.0,"6,3"
1392113006.0,1392113006.0,6
1392113007.0,1392113007.0,"5,6,3"
1392113007.0,1392113007.0,"5,6"
1392113007.0,1392113007.0,"6,3"
1392113007.0,1392113007.0,6
1392113008.0,1392113008.0,"5,6,3"
1392113008.0,1392113008.0,"5,6"
1392113008.0,1392113008.0,"6,3"
1392113008.0,1392113008.0,6
1392113009.0,1392113009.0,"5,6,3"
1392113009.0,1392113009.0,"5,6"
1392113009.0,1392113009.0,"6,3"
1392113009.0,1392113009.0,6
1392113010.0,1392113010.0,"5,6,3"
1392113010.0,1392113010.0,"5,6"
1392113010.0,1392113010.0,"6,3"
1392113010.0,1392113010.0,6
1392113011.0,1392113011.0,"5,6,3"
1392113011.0,1392113011.0,"5,6"
1392113011.0,1392113011.0,"6,3"
1392113011.0,1392113011.0,6
1392113012.0,1392113012.0,"5,6,3"
1392113012.0,1392113012.0,"5,6"
1392113012.0,1392113012.0,"6,3"
1392113012.0,1392113012.0,6
1392113013.0,1392113013.0,"5,6,3"
1392113013.0,1392113013.0,"5,6"
1392113013.0,1392113013.0,"6,3"
1392113013.0,1392113013.0,6
1392113014.0,1392113014.0,"5,6,3"
1392113014.0,1392113014.0,"5,6"
1392113014.0,1392113014.0,"6,3"
1392113014.0,1392113014.0,6
1392113015.0,1392113015.0,"5,6,3"
1392113015.0,1392113015.0,"5,6"
1392113015.0,1392113015.0,"6,3"
1392113015.0,1392113015.0,6
1392113016.0,1392113016.0,"5,6,3"
1392113016.0,1392113016.0,"5,6"
1392113016.0,1392113016.0,"6,3"
1392113016.0,1392113016.0,6
1392113017.0,1392113017.0,"5,6,3"
1392113017.0,1392113017.0,"5,6"
1392113017.0,1392113017.0,"6,3"
1392113017.0,1392113017.0,6
1392113018.0,1392113018.0,"5,6,3"
1392113018.0,1392113018.0,"5,6"
1392113018.0,1392113018.0,"6,3"
1392113018.0,1392113018.0,6
1392113019.0,1392113019.0,"5,6,3"
1392113019.0,1392113019.0,"5,6"
1392113019.0,1392113019.0,"6,3"
1392113019.0,1392113019.0,6
1392113020.0,1392113020.0,"5,6,3"
1392113020.0,1392113020.0,"5,6"
1392113020.0,1392113020.0,"6,3"
1392113020.0,1392113020.0,6
1392113021.0,1392113021.0,"5,6,3"
1392113021.0,1392113021.0,"5,6"
1392113021.0,1392113021.0,"6,3"
1392113021.0,1392113021.0,6
1392113022.0,1392113022.0,"5,6,3"
1392113022.0,1392113022.0,"5,6"
1392113022.0,1392113022.0,"6,3"
1392113022.0,1392113022.0,6
1392113023.0,1392113023.0,"5,6,3"
1392113023.0,1392113023.0,"5,6"
1392113023.0,1392113023.0,"6,3"
1392113023.0,1392113023.0,6
1392113024.0,1392113024.0,"5,6,3"
1392113024.0,1392113024.0,"5,6"
1392113024.0,1392113024.0,"6,3"
1392113024.0,1392113024.0,6
1392113025.0,1392113025.0,"5,6,3"
1392113025.0,1392113025.0,"5,6"
1392113025.0,1392113025.0,"6,3"
1392113025.0,1392113025.0,6
1392113026.0,1392113026.0,"5,6,3"
1392113026.0,1392113026.0,"5,6"
1392113026.0,1392113026.0,"6,3"
1392113026.0,1392113026.0,6
1392113027.0,1392113027.0,"5,6,3"
1392113027.0,1392113027.0,"5,6"
1392113027.0,1392113027.0,"6,3"
1392113027.0,1392113027.0,6
1392113028.0,1392113028.0,"5,6,3"
1392113028.0,1392113028.0,"5,6"
1392113028.0,1392113028.0,"6,3"
1392113028.0,1392113028.0,6
1392113029.0,1392113029.0,"5,6,3"
1392113029.0,1392113029.0,"5,6"
1392113029.0,1392113029.0,"6,3"
1392113029.0,1392113029.0,6
1392113030.0,1392113030.0,"5,6,3"
1392113030.0,1392113030.0,"5,6"
1392113030.0,1392113030.0,"6,3"
1392113030.0,1392113030.0,6
1392113031.0,1392113031.0,"5,6,3"
1392113031.0,1392113031.0,"5,6"
1392113031.0,1392113031.0,"6,3"
1392113031.0,1392113031.0,6
1392113032.0,1392113032.0,"5,6,3"
1392113032.0,1392113032.0,"5,6"
1392113032.0,1392113032.0,"6,3"
1392113032.0,1392113032.0,6
1392113033.0,1392113033.0,"5,6,3"
1392113033.0,1392113033.0,"5,6"
1392113033.0,1392113033.0,"6,3"
1392113033.0,1392113033.0,6
1392113034.0,1392113034.0,"5,6,3"
1392113034.0,1392113034.0,"5,6"
1392113034.0,1392113034.0,"6,3"
1392113034.0,1392113034.0,6
1392113035.0,1392113035.0,"5,6,3"
1392113035.0,1392113035.0,"5,6"
1392113035.0,1392113035.0,"6,3"
1392113035.0,1392113035.0,6
1392113036.0,1392113036.0,"5,6,3"
1392113036.0,1392113036.0,"5,6"
1392113036.0,1392113036.0,"6,3"
1392113036.0,1392113036.0,6
1392113037.0,1392113037.0,"5,6,3"
1392113037.0,1392113037.0,"5,6"
1392113037.0,1392113037.0,"6,3"
1392113037.0,1392113037.0,6
1392113038.0,1392113038.0,"5,6,3"
1392113038.0,1392113038.0,"5,6"
1392113038.0,1392113038.0,"6,3"
1392113038.0,1392113038.0,6
1392113039.0,1392113039.0,"5,6,3"
1392113039.0,1392113039.0,"5,6"
1392113039.0,1392113039.0,"6,3"
1392113039.0,1392113039.0,6
1392113040.0,1392113040.0,"5,6,3"
1392113040.0,1392113040.0,"5,6"
1392113040.0,1392113040.0,"6,3"
1392113040.0,1392113040.0,6
1392113041.0,1392113041.0,"5,6,3"
1392113041.0,1392113041.0,"5,6"
1392113041.0,1392113041.0,"6,3"
1392113041.0,1392113041.0,6
1392113042.0,1392113042.0,"5,6,3"
1392113042.0,1392113042.0,"5,6"
1392113042.0,1392113042.0,"6,3"
1392113042.0,1392113042.0,6
1392113043.0,1392113043.0,"5,6,3"
1392113043.0,1392113043.0,"5,6"
1392113043.0,1392113043.0,"6,3"
1392113043.0,1392113043.0,6
1392113044.0,1392113044.0,"5,6,3"
1392113044.0,1392113044.0,"5,6"
1392113044.0,1392113044.0,"6,3"
1392113044.0,1392113044.0,6
1392113045.0,1392113045.0,"5,6,3"
1392113045.0,1392113045.0,"5,6"
1392113045.0,1392113045.0,"6,3"
1392113045.0,1392113045.0,6
1392113046.0,1392113046.0,"5,6,3"
1392113046.0,1392113046.0,"5,6"
1392113046.0,1392113046.0,"6,3"
1392113046.0,1392113046.0,6
1392113047.0,1392113047.0,"5,6,3"
1392113047.0,1392113047.0,"5,6"
1392113047.0,1392113047.0,"6,3"
1392113047.0,1392113047.0,6
1392113048.0,1392113048.0,"5,6,3"
1392113048.0,1392113048.0,"5,6"
1392113048.0,1392113048.0,"6,3"
1392113048.0,1392113048.0,6
1392113049.0,1392113049.0,"5,6,3"
1392113049.0,1392113049.0,"5,6"
1392113049.0,1392113049.0,"6,3"
1392113049.0,1392113049.0,6
1392113050.0,1392113050.0,"5,6,3"
1392113050.0,1392113050.0,"5,6"
1392113050.0,1392113050.0,"6,3"
1392113050.0,1392113050.0,6
1392113051.0,1392113051.0,"5,6,3"
1392113051.0,1392113051.0,"5,6"
1392113051.0,1392113051.0,"6,3"
1392113051.0,1392113051.0,6
1392113052.0,1392113052.0,"5,6,3"
1392113052.0,1392113052.0,"5,6"
1392113052.0,1392113052.0,"6,3"
1392113052.0,1392113052.0,6
1392113053.0,1392113053.0,"5,6,3"
1392113053.0,1392113053.0,"5,6"
1392113053.0,1392113053.0,"6,3"
1392113053.0,1392113053.0,6
1392113054.0,1392113054.0,"5,6,3"
1392113054.0,1392113054.0,"5,6"
1392113054.0,1392113054.0,"6,3"
1392113054.0,1392113054.0,6
1392113055.0,1392113055.0,"5,6,3"
1392113055.0,1392113055.0,"5,6"
1392113055.0,1392113055.0,"6,3"
1392113055.0,1392113055.0,6
1392113056.0,1392113056.0,"5,6,3"
1392113056.0,1392113056.0,"5,6"
1392113056.0,1392113056.0,"6,3"
1392113056.0,1392113056.0,6
1392113057.0,1392113057.0,"5,6,3"
1392113057.0,1392113057.0,"5,6"
1392113057.0,1392113057.0,"6,3"
1392113057.0,1392113057.0,6
1392113058.0,1392113058.0,"5,6,3"
1392113058.0,1392113058.0,"5,6"
1392113058.0,1392113058.0,"6,3"
1392113058.0,1392113058.0,6
1392113059.0,1392113059.0,"5,6,3"
1392113059.0,1392113059.0,"5,6"
1392113059.0,1392113059.0,"6,3"
1392113059.0,1392113059.0,6
1392113060.0,1392113060.0,"5,6,3"
1392113060.0,1392113060.0,"5,6"
1392113060.0,1392113060.0,"6,3"
1392113060.0,1392113060.0,6
1392113061.0,1392113061.0,"5,6,3"
1392113061.0,1392113061.0,"5,6"
1392113061.0,1392113061.0,"6,3"
1392113061.0,1392113061.0,6
1392113062.0,1392113062.0,"5,6,3"
1392113062.0,1392113062.0,"5,6"
1392113062.0,1392113062.0,"6,3"
1392113062.0,1392113062.0,6
1392113063.0,1392113063.0,"5,6,3"
1392113063.0,1392113063.0,"5,6"
1392113063.0,1392113063.0,"6,3"
1392113063.0,1392113063.0,6
1392113064.0,1392113064.0,"5,6,3"
1392113064.0,1392113064.0,"5,6"
1392113064.0,1392113064.0,"6,3"
1392113064.0,1392113064.0,6
1392113065.0,1392113065.0,"5,6,3"
1392113065.0,1392113065.0,"5,6"
1392113065.0,1392113065.0,"6,3"
1392113065.0,1392113065.0,6
1392113066.0,1392113066.0,"5,6,3"
1392113066.0,1392113066.0,"5,6"
1392113066.0,1392113066.0,"6,3"
1392113066.0,1392113066.0,6
1392113067.0,1392113067.0,"5,6,3"
1392113067.0,1392113067.0,"5,6"
1392113067.0,1392113067.0,"6,3"
1392113067.0,1392113067.0,6
1392113068.0,1392113068.0,"5,6,3"
1392113068.0,1392113068.0,"5,6"
1392113068.0,1392113068.0,"6,3"
1392113068.0,1392113068.0,6
1392113069.0,1392113069.0,"5,6,3"
1392113069.0,1392113069.0,"5,6"
1392113069.0,1392113069.0,"6,3"
1392113069.0,1392113069.0,6
1392113070.0,1392113070.0,"5,6,3"
1392113070.0,1392113070.0,"5,6"
1392113070.0,1392113070.0,"6,3"
1392113070.0,1392113070.0,6
1392113071.0,1392113071.0,"5,6,3"
1392113071.0,1392113071.0,"5,6"
1392113071.0,1392113071.0,"6,3"
1392113071.0,1392113071.0,6
1392113072.0,1392113072.0,"5,6,3"
1392113072.0,1392113072.0,"5,6"
1392113072.0,1392113072.0,"6,3"
1392113072.0,1392113072.0,6
1392113073.0,1392113073.0,"5,6,3"
1392113073.0,1392113073.0,"5,6"
1392113073.0,1392113073.0,"6,3"
1392113073.0,1392113073.0,6
1392113074.0,1392113074.0,"5,6,3"
1392113074.0,1392113074.0,"5,6"
1392113074.0,1392113074.0,"6,3"
1392113074.0,1392113074.0,6
1392113075.0,1392113075.0,"5,6,3"
1392113075.0,1392113075.0,"5,6"
1392113075.0,1392113075.0,"6,3"
1392113075.0,1392113075.0,6
1392113076.0,1392113076.0,"5,6,3"
1392113076.0,1392113076.0,"5,6"
1392113076.0,1392113076.0,"6,3"
1392113076.0,1392113076.0,6
1392113077.0,1392113077.0,"5,6,3"
1392113077.0,1392113077.0,"5,6"
1392113077.0,1392113077.0,"6,3"
1392113077.0,1392113077.0,6
1392113078.0,1392113078.0,"5,6,3"
1392113078.0,1392113078.0,"5,6"
1392113078.0,1392113078.0,"6,3"
1392113078.0,1392113078.0,6
1392113079.0,1392113079.0,"5,6,3"
1392113079.0,1392113079.0,"5,6"
1392113079.0,1392113079.0,"6,3"
1392113079.0,1392113079.0,6
1392113080.0,1392113080.0,"5,6,3"
1392113080.0,1392113080.0,"5,6"
1392113080.0,1392113080.0,"6,3"
1392113080.0,1392113080.0,6
1392113081.0,1392113081.0,"5,6,3"
1392113081.0,1392113081.0,"5,6"
1392113081.0,1392113081.0,"6,3"
1392113081.0,1392113081.0,6
1392113082.0,1392113082.0,"5,6,3"
1392113082.0,1392113082.0,"5,6"
1392113082.0,1392113082.0,"6,3"
1392113082.0,1392113082.0,6
1392113083.0,1392113083.0,"5,6,3"
1392113083.0,1392113083.0,"5,6"
1392113083.0,1392113083.0,"6,3"
1392113083.0,1392113083.0,6
1392113084.0,1392113084.0,"5,6,3"
1392113084.0,1392113084.0,"5,6"
1392113084.0,1392113084.0,"6,3"
1392113084.0,1392113084.0,6
1392113085.0,1392113085.0,"5,6,3"
1392113085.0,1392113085.0,"5,6"
1392113085.0,1392113085.0,"6,3"
1392113085.0,1392113085.0,6
1392113086.0,1392113086.0,"5,6,3"
1392113086.0,1392113086.0,"5,6"
1392113086.0,1392113086.0,"6,3"
1392113086.0,1392113086.0,6
1392113087.0,1392113087.0,"5,6,3"
1392113087.0,1392113087.0,"5,6"
1392113087.0,1392113087.0,"6,3"
1392113087.0,1392113087.0,6
1392113088.0,1392113088.0,"5,6,3"
1392113088.0,1392113088.0,"5,6"
1392113088.0,1392113088.0,"6,3"
1392113088.0,1392113088.0,6
1392113089.0,1392113089.0,"5,6,3"
1392113089.0,1392113089.0,"5,6"
1392113089.0,1392113089.0,"6,3"
1392113089.0,1392113089.0,6
1392113090.0,1392113090.0,"5,6,3"
1392113090.0,1392113090.0,"5,6"
1392113090.0,1392113090.0,"6,3"
1392113090.0,1392113090.0,6
1392113091.0,1392113091.0,"5,6,3"
1392113091.0,1392113091.0,"5,6"
1392113091.0,1392113091.0,"6,3"
1392113091.0,1392113091.0,6
1392113092.0,1392113092.0,"5,6,3"
1392113092.0,1392113092.0,"5,6"
1392113092.0,1392113092.0,"6,3"
1392113092.0,1392113092.0,6
1392113093.0,1392113093.0,"5,6,3"
1392113093.0,1392113093.0,"5,6"
1392113093.0,1392113093.0,"6,3"
1392113093.0,1392113093.0,6
1392113094.0,1392113094.0,"5,6,3"
1392113094.0,1392113094.0,"5,6"
1392113094.0,1392113094.0,"6,3"
1392113094.0,1392113094.0,6
