1392097114.0,1392097114.0.1,"4,1"
1392097114.0,1392097114.0,"3,1"
1392097114.0,1392097114.0,1
1392097115.0,1392097115.0,"4,3,1"
1392097115.0,1392097115.0,"4,1"
1392097115.0,1392097115.0,"3,1"
1392097115.0,1392097115.0,1
1392097116.0,1392097116.0,"4,3,1"
1392097116.0,1392097116.0,"4,1"
1392097116.0,1392097116.0,"3,1"
1392097116.0,1392097116.0,1
1392097117.0,1392097117.0,"4,3,1"
1392097117.0,1392097117.0,"4,1"
1392097117.0,1392097117.0,"3,1"
1392097117.0,1392097117.0,1
1392097118.0,1392097118.0,"4,3,1"
1392097118.0,1392097118.0,"4,1"
1392097118.0,1392097118.0,"3,1"
1392097118.0,1392097118.0,1
1392097119.0,1392097119.0,"4,3,1"
1392097119.0,1392097119.0,"4,1"
1392097119.0,1392097119.0,"3,1"
1392097119.0,1392097119.0,1
1392097120.0,1392097120.0,"4,3,1"
1392097120.0,1392097120.0,"4,1"
1392097120.0,1392097120.0,"3,1"
1392097120.0,1392097120.0,1
1392097121.0,1392097121.0,"4,3,1"
1392097121.0,1392097121.0,"4,1"
1392097121.0,1392097121.0,"3,1"
1392097121.0,1392097121.0,1
1392097122.0,1392097122.0,"4,3,1"
1392097122.0,1392097122.0,"4,1"
1392097122.0,1392097122.0,"3,1"
1392097122.0,1392097122.0,1
1392097123.0,1392097123.0,"4,3,1"
1392097123.0,1392097123.0,"4,1"
1392097123.0,1392097123.0,"3,1"
1392097123.0,1392097123.0,1
1392097124.0,1392097124.0,"4,3,1"
1392097124.0,1392097124.0,"4,1"
1392097124.0,1392097124.0,"3,1"
1392097124.0,1392097124.0,1
1392097125.0,1392097125.0,"4,3,1"
1392097125.0,1392097125.0,"4,1"
1392097125.0,1392097125.0,"3,1"
1392097125.0,1392097125.0,1
1392097126.0,1392097126.0,"4,3,1"
1392097126.0,1392097126.0,"4,1"
1392097126.0,1392097126.0,"3,1"
1392097126.0,1392097126.0,1
1392097127.0,1392097127.0,"4,3,1"
1392097127.0,1392097127.0,"4,1"
1392097127.0,1392097127.0,"3,1"
1392097127.0,1392097127.0,1
1392097128.0,1392097128.0,"4,3,1"
1392097128.0,1392097128.0,"4,1"
1392097128.0,1392097128.0,"3,1"
1392097128.0,1392097128.0,1
1392097129.0,1392097129.0,"4,3,1"
1392097129.0,1392097129.0,"4,1"
1392097129.0,1392097129.0,"3,1"
1392097129.0,1392097129.0,1
1392097130.0,1392097130.0,"4,3,1"
1392097130.0,1392097130.0,"4,1"
1392097130.0,1392097130.0,"3,1"
1392097130.0,1392097130.0,1
1392097131.0,1392097131.0,"4,3,1"
1392097131.0,1392097131.0,"4,1"
1392097131.0,1392097131.0,"3,1"
1392097131.0,1392097131.0,1
1392097132.0,1392097132.0,"4,3,1"
1392097132.0,1392097132.0,"4,1"
1392097132.0,1392097132.0,"3,1"
1392097132.0,1392097132.0,1
1392097133.0,1392097133.0,"4,3,1"
1392097133.0,1392097133.0,"4,1"
1392097133.0,1392097133.0,"3,1"
1392097133.0,1392097133.0,1
1392097134.0,1392097134.0,"4,3,1"
1392097134.0,1392097134.0,"4,1"
1392097134.0,1392097134.0,"3,1"
1392097134.0,1392097134.0,1
1392097135.0,1392097135.0,"4,3,1"
1392097135.0,1392097135.0,"4,1"
1392097135.0,1392097135.0,"3,1"
1392097135.0,1392097135.0,1
1392097136.0,1392097136.0,"4,3,1"
1392097136.0,1392097136.0,"4,1"
1392097136.0,1392097136.0,"3,1"
1392097136.0,1392097136.0,1
1392097137.0,1392097137.0,"4,3,1"
1392097137.0,1392097137.0,"4,1"
1392097137.0,1392097137.0,"3,1"
1392097137.0,1392097137.0,1
1392097138.0,1392097138.0,"4,3,1"
1392097138.0,1392097138.0,"4,1"
1392097138.0,1392097138.0,"3,1"
1392097138.0,1392097138.0,1
1392097139.0,1392097139.0,"4,3,1"
1392097139.0,1392097139.0,"4,1"
1392097139.0,1392097139.0,"3,1"
1392097139.0,1392097139.0,1
1392097140.0,1392097140.0,"4,3,1"
1392097140.0,1392097140.0,"4,1"
1392097140.0,1392097140.0,"3,1"
1392097140.0,1392097140.0,1
1392097141.0,1392097141.0,"4,3,1"
1392097141.0,1392097141.0,"4,1"
1392097141.0,1392097141.0,"3,1"
1392097141.0,1392097141.0,1
1392097142.0,1392097142.0,"4,3,1"
1392097142.0,1392097142.0,"4,1"
1392097142.0,1392097142.0,"3,1"
1392097142.0,1392097142.0,1
1392097143.0,1392097143.0,"4,3,1"
1392097143.0,1392097143.0,"4,1"
1392097143.0,1392097143.0,"3,1"
1392097143.0,1392097143.0,1
1392097144.0,1392097144.0,"4,3,1"
1392097144.0,1392097144.0,"4,1"
1392097144.0,1392097144.0,"3,1"
1392097144.0,1392097144.0,1
1392097145.0,1392097145.0,"4,3,1"
1392097145.0,1392097145.0,"4,1"
1392097145.0,1392097145.0,"3,1"
1392097145.0,1392097145.0,1
1392097146.0,1392097146.0,"4,3,1"
1392097146.0,1392097146.0,"4,1"
1392097146.0,1392097146.0,"3,1"
1392097146.0,1392097146.0,1
1392097147.0,1392097147.0,"4,3,1"
1392097147.0,1392097147.0,"4,1"
1392097147.0,1392097147.0,"3,1"
1392097147.0,1392097147.0,1
1392097148.0,1392097148.0,"4,3,1"
1392097148.0,1392097148.0,"4,1"
1392097148.0,1392097148.0,"3,1"
1392097148.0,1392097148.0,1
1392097149.0,1392097149.0,"4,3,1"
1392097149.0,1392097149.0,"4,1"
1392097149.0,1392097149.0,"3,1"
1392097149.0,1392097149.0,1
1392097150.0,1392097150.0,"4,3,1"
1392097150.0,1392097150.0,"4,1"
1392097150.0,1392097150.0,"3,1"
1392097150.0,1392097150.0,1
1392097151.0,1392097151.0,"4,3,1"
1392097151.0,1392097151.0,"4,1"
1392097151.0,1392097151.0,"3,1"
1392097151.0,1392097151.0,1
1392097152.0,1392097152.0,"4,3,1"
1392097152.0,1392097152.0,"4,1"
1392097152.0,1392097152.0,"3,1"
1392097152.0,1392097152.0,1
1392097153.0,1392097153.0,"4,3,1"
1392097153.0,1392097153.0,"4,1"
1392097153.0,1392097153.0,"3,1"
1392097153.0,1392097153.0,1
1392097154.0,1392097154.0,"4,3,1"
1392097154.0,1392097154.0,"4,1"
1392097154.0,1392097154.0,"3,1"
1392097154.0,1392097154.0,1
1392097155.0,1392097155.0,"4,3,1"
1392097155.0,1392097155.0,"4,1"
1392097155.0,1392097155.0,"3,1"
1392097155.0,1392097155.0,1
1392097156.0,1392097156.0,"4,3,1"
1392097156.0,1392097156.0,"4,1"
1392097156.0,1392097156.0,"3,1"
1392097156.0,1392097156.0,1
1392097157.0,1392097157.0,"4,3,1"
1392097157.0,1392097157.0,"4,1"
1392097157.0,1392097157.0,"3,1"
1392097157.0,1392097157.0,1
1392097158.0,1392097158.0,"4,3,1"
1392097158.0,1392097158.0,"4,1"
1392097158.0,1392097158.0,"3,1"
1392097158.0,1392097158.0,1
1392097159.0,1392097159.0,"4,3,1"
1392097159.0,1392097159.0,"4,1"
1392097159.0,1392097159.0,"3,1"
1392097159.0,1392097159.0,1
1392097160.0,1392097160.0,"4,3,1"
1392097160.0,1392097160.0,"4,1"
1392097160.0,1392097160.0,"3,1"
1392097160.0,1392097160.0,1
1392097161.0,1392097161.0,"4,3,1"
1392097161.0,1392097161.0,"4,1"
1392097161.0,1392097161.0,"3,1"
1392097161.0,1392097161.0,1
1392097162.0,1392097162.0,"4,3,1"
1392097162.0,1392097162.0,"4,1"
1392097162.0,1392097162.0,"3,1"
1392097162.0,1392097162.0,1
1392097163.0,1392097163.0,"4,3,1"
1392097163.0,1392097163.0,"4,1"
1392097163.0,1392097163.0,"3,1"
1392097163.0,1392097163.0,1
1392097164.0,1392097164.0,"4,3,1"
1392097164.0,1392097164.0,"4,1"
1392097164.0,1392097164.0,"3,1"
1392097164.0,1392097164.0,1
1392097165.0,1392097165.0,"4,3,1"
1392097165.0,1392097165.0,"4,1"
1392097165.0,1392097165.0,"3,1"
1392097165.0,1392097165.0,1
1392097166.0,1392097166.0,"4,3,1"
1392097166.0,1392097166.0,"4,1"
1392097166.0,1392097166.0,"3,1"
1392097166.0,1392097166.0,1
1392097167.0,1392097167.0,"4,3,1"
1392097167.0,1392097167.0,"4,1"
1392097167.0,1392097167.0,"3,1"
1392097167.0,1392097167.0,1
1392097168.0,1392097168.0,"4,3,1"
1392097168.0,1392097168.0,"4,1"
1392097168.0,1392097168.0,"3,1"
1392097168.0,1392097168.0,1
1392097169.0,1392097169.0,"4,3,1"
1392097169.0,1392097169.0,"4,1"
1392097169.0,1392097169.0,"3,1"
1392097169.0,1392097169.0,1
1392097170.0,1392097170.0,"4,3,1"
1392097170.0,1392097170.0,"4,1"
1392097170.0,1392097170.0,"3,1"
1392097170.0,1392097170.0,1
1392097171.0,1392097171.0,"4,3,1"
1392097171.0,1392097171.0,"4,1"
1392097171.0,1392097171.0,"3,1"
1392097171.0,1392097171.0,1
1392097172.0,1392097172.0,"4,3,1"
1392097172.0,1392097172.0,"4,1"
1392097172.0,1392097172.0,"3,1"
1392097172.0,1392097172.0,1
1392097173.0,1392097173.0,"4,3,1"
1392097173.0,1392097173.0,"4,1"
1392097173.0,1392097173.0,"3,1"
1392097173.0,1392097173.0,1
1392097174.0,1392097174.0,"4,3,1"
1392097174.0,1392097174.0,"4,1"
1392097174.0,1392097174.0,"3,1"
1392097174.0,1392097174.0,1
1392097175.0,1392097175.0,"4,3,1"
1392097175.0,1392097175.0,"4,1"
1392097175.0,1392097175.0,"3,1"
1392097175.0,1392097175.0,1
1392097176.0,1392097176.0,"4,3,1"
1392097176.0,1392097176.0,"4,1"
1392097176.0,1392097176.0,"3,1"
1392097176.0,1392097176.0,1
1392097177.0,1392097177.0,"4,3,1"
1392097177.0,1392097177.0,"4,1"
1392097177.0,1392097177.0,"3,1"
1392097177.0,1392097177.0,1
1392097178.0,1392097178.0,"4,3,1"
1392097178.0,1392097178.0,"4,1"
1392097178.0,1392097178.0,"3,1"
1392097178.0,1392097178.0,1
1392097179.0,1392097179.0,"4,3,1"
1392097179.0,1392097179.0,"4,1"
1392097179.0,1392097179.0,"3,1"
1392097179.0,1392097179.0,1
1392097180.0,1392097180.0,"4,3,1"
1392097180.0,1392097180.0,"4,1"
1392097180.0,1392097180.0,"3,1"
1392097180.0,1392097180.0,1
1392097181.0,1392097181.0,"4,3,1"
1392097181.0,1392097181.0,"4,1"
1392097181.0,1392097181.0,"3,1"
1392097181.0,1392097181.0,1
1392097182.0,1392097182.0,"4,3,1"
1392097182.0,1392097182.0,"4,1"
1392097182.0,1392097182.0,"3,1"
1392097182.0,1392097182.0,1
1392097183.0,1392097183.0,"4,3,1"
1392097183.0,1392097183.0,"4,1"
1392097183.0,1392097183.0,"3,1"
1392097183.0,1392097183.0,1
1392097184.0,1392097184.0,"4,3,1"
1392097184.0,1392097184.0,"4,1"
1392097184.0,1392097184.0,"3,1"
1392097184.0,1392097184.0,1
1392097185.0,1392097185.0,"4,3,1"
1392097185.0,1392097185.0,"4,1"
1392097185.0,1392097185.0,"3,1"
1392097185.0,1392097185.0,1
1392097186.0,1392097186.0,"4,3,1"
1392097186.0,1392097186.0,"4,1"
1392097186.0,1392097186.0,"3,1"
1392097186.0,1392097186.0,1
1392097187.0,1392097187.0,"4,3,1"
1392097187.0,1392097187.0,"4,1"
1392097187.0,1392097187.0,"3,1"
1392097187.0,1392097187.0,1
1392097188.0,1392097188.0,"4,3,1"
1392097188.0,1392097188.0,"4,1"
1392097188.0,1392097188.0,"3,1"
1392097188.0,1392097188.0,1
1392097189.0,1392097189.0,"4,3,1"
1392097189.0,1392097189.0,"4,1"
1392097189.0,1392097189.0,"3,1"
1392097189.0,1392097189.0,1
1392097190.0,1392097190.0,"4,3,1"
1392097190.0,1392097190.0,"4,1"
1392097190.0,1392097190.0,"3,1"
1392097190.0,1392097190.0,1
1392097191.0,1392097191.0,"4,3,1"
1392097191.0,1392097191.0,"4,1"
1392097191.0,1392097191.0,"3,1"
1392097191.0,1392097191.0,1
1392097192.0,1392097192.0,"4,3,1"
1392097192.0,1392097192.0,"4,1"
1392097192.0,1392097192.0,"3,1"
1392097192.0,1392097192.0,1
1392097193.0,1392097193.0,"4,3,1"
1392097193.0,1392097193.0,"4,1"
1392097193.0,1392097193.0,"3,1"
1392097193.0,1392097193.0,1
1392097194.0,1392097194.0,"4,3,1"
1392097194.0,1392097194.0,"4,1"
1392097194.0,1392097194.0,"3,1"
1392097194.0,1392097194.0,1
1392097195.0,1392097195.0,"4,3,1"
1392097195.0,1392097195.0,"4,1"
1392097195.0,1392097195.0,"3,1"
1392097195.0,1392097195.0,1
1392097196.0,1392097196.0,"4,3,1"
1392097196.0,1392097196.0,"4,1"
1392097196.0,1392097196.0,"3,1"
1392097196.0,1392097196.0,1
1392097197.0,1392097197.0,"4,3,1"
1392097197.0,1392097197.0,"4,1"
1392097197.0,1392097197.0,"3,1"
1392097197.0,1392097197.0,1
1392097198.0,1392097198.0,"4,3,1"
1392097198.0,1392097198.0,"4,1"
1392097198.0,1392097198.0,"3,1"
1392097198.0,1392097198.0,1
1392097199.0,1392097199.0,"4,3,1"
1392097199.0,1392097199.0,"4,1"
1392097199.0,1392097199.0,"3,1"
1392097199.0,1392097199.0,1
1392097200.0,1392097200.0,"4,3,1"
1392097200.0,1392097200.0,"4,1"
1392097200.0,1392097200.0,"3,1"
1392097200.0,1392097200.0,1
1392097201.0,1392097201.0,"4,3,1"
1392097201.0,1392097201.0,"4,1"
1392097201.0,1392097201.0,"3,1"
1392097201.0,1392097201.0,1
1392097202.0,1392097202.0,"4,3,1"
1392097202.0,1392097202.0,"4,1"
1392097202.0,1392097202.0,"3,1"
1392097202.0,1392097202.0,1
1392097203.0,1392097203.0,"4,3,1"
1392097203.0,1392097203.0,"4,1"
1392097203.0,1392097203.0,"3,1"
1392097203.0,1392097203.0,1
1392097204.0,1392097204.0,"4,3,1"
1392097204.0,1392097204.0,"4,1"
1392097204.0,1392097204.0,"3,1"
1392097204.0,1392097204.0,1
1392097205.0,1392097205.0,"4,3,1"
1392097205.0,1392097205.0,"4,1"
1392097205.0,1392097205.0,"3,1"
1392097205.0,1392097205.0,1
1392097206.0,1392097206.0,"4,3,1"
1392097206.0,1392097206.0,"4,1"
1392097206.0,1392097206.0,"3,1"
1392097206.0,1392097206.0,1
1392097207.0,1392097207.0,"4,3,1"
1392097207.0,1392097207.0,"4,1"
1392097207.0,1392097207.0,"3,1"
1392097207.0,1392097207.0,1
1392097208.0,1392097208.0,"4,3,1"
1392097208.0,1392097208.0,"4,1"
1392097208.0,1392097208.0,"3,1"
1392097208.0,1392097208.0,1
1392097209.0,1392097209.0,"4,3,1"
1392097209.0,1392097209.0,"4,1"
1392097209.0,1392097209.0,"3,1"
1392097209.0,1392097209.0,1
1392097210.0,1392097210.0,"4,3,1"
1392097210.0,1392097210.0,"4,1"
1392097210.0,1392097210.0,"3,1"
1392097210.0,1392097210.0,1
1392097211.0,1392097211.0,"4,3,1"
1392097211.0,1392097211.0,"4,1"
1392097211.0,1392097211.0,"3,1"
1392097211.0,1392097211.0,1
1392097212.0,1392097212.0,"4,3,1"
1392097212.0,1392097212.0,"4,1"
1392097212.0,1392097212.0,"3,1"
1392097212.0,1392097212.0,1
1392097213.0,1392097213.0,"4,3,1"
1392097213.0,1392097213.0,"4,1"
1392097213.0,1392097213.0,"3,1"
1392097213.0,1392097213.0,1
1392097214.0,1392097214.0,"4,3,1"
1392097214.0,1392097214.0,"4,1"
1392097214.0,1392097214.0,"3,1"
1392097214.0,1392097214.0,1
1392097215.0,1392097215.0,"4,3,1"
1392097215.0,1392097215.0,"4,1"
1392097215.0,1392097215.0,"3,1"
1392097215.0,1392097215.0,1
1392097216.0,1392097216.0,"4,3,1"
1392097216.0,1392097216.0,"4,1"
1392097216.0,1392097216.0,"3,1"
1392097216.0,1392097216.0,1
1392097217.0,1392097217.0,"4,3,1"
1392097217.0,1392097217.0,"4,1"
1392097217.0,1392097217.0,"3,1"
1392097217.0,1392097217.0,1
1392097218.0,1392097218.0,"4,3,1"
1392097218.0,1392097218.0,"4,1"
1392097218.0,1392097218.0,"3,1"
1392097218.0,1392097218.0,1
1392097219.0,1392097219.0,"4,3,1"
1392097219.0,1392097219.0,"4,1"
1392097219.0,1392097219.0,"3,1"
1392097219.0,1392097219.0,1
1392097220.0,1392097220.0,"4,3,1"
1392097220.0,1392097220.0,"4,1"
1392097220.0,1392097220.0,"3,1"
1392097220.0,1392097220.0,1
1392097221.0,1392097221.0,"4,3,1"
1392097221.0,1392097221.0,"4,1"
1392097221.0,1392097221.0,"3,1"
1392097221.0,1392097221.0,1
1392097222.0,1392097222.0,"4,3,1"
1392097222.0,1392097222.0,"4,1"
1392097222.0,1392097222.0,"3,1"
1392097222.0,1392097222.0,1
1392097223.0,1392097223.0,"4,3,1"
1392097223.0,1392097223.0,"4,1"
1392097223.0,1392097223.0,"3,1"
1392097223.0,1392097223.0,1
1392097224.0,1392097224.0,"4,3,1"
1392097224.0,1392097224.0,"4,1"
1392097224.0,1392097224.0,"3,1"
1392097224.0,1392097224.0,1
1392097225.0,1392097225.0,"4,3,1"
1392097225.0,1392097225.0,"4,1"
1392097225.0,1392097225.0,"3,1"
1392097225.0,1392097225.0,1
1392097226.0,1392097226.0,"4,3,1"
1392097226.0,1392097226.0,"4,1"
1392097226.0,1392097226.0,"3,1"
1392097226.0,1392097226.0,1
1392097227.0,1392097227.0,"4,3,1"
1392097227.0,1392097227.0,"4,1"
1392097227.0,1392097227.0,"3,1"
1392097227.0,1392097227.0,1
1392097228.0,1392097228.0,"4,3,1"
1392097228.0,1392097228.0,"4,1"
1392097228.0,1392097228.0,"3,1"
1392097228.0,1392097228.0,1
1392097229.0,1392097229.0,"4,3,1"
1392097229.0,1392097229.0,"4,1"
1392097229.0,1392097229.0,"3,1"
1392097229.0,1392097229.0,1
1392097230.0,1392097230.0,"4,3,1"
1392097230.0,1392097230.0,"4,1"
1392097230.0,1392097230.0,"3,1"
1392097230.0,1392097230.0,1
1392097231.0,1392097231.0,"4,3,1"
1392097231.0,1392097231.0,"4,1"
1392097231.0,1392097231.0,"3,1"
1392097231.0,1392097231.0,1
1392097232.0,1392097232.0,"4,3,1"
1392097232.0,1392097232.0,"4,1"
1392097232.0,1392097232.0,"3,1"
1392097232.0,1392097232.0,1
1392097233.0,1392097233.0,"4,3,1"
1392097233.0,1392097233.0,"4,1"
1392097233.0,1392097233.0,"3,1"
1392097233.0,1392097233.0,1
1392097234.0,1392097234.0,"4,3,1"
1392097234.0,1392097234.0,"4,1"
1392097234.0,1392097234.0,"3,1"
1392097234.0,1392097234.0,1
1392097235.0,1392097235.0,"4,3,1"
1392097235.0,1392097235.0,"4,1"
1392097235.0,1392097235.0,"3,1"
1392097235.0,1392097235.0,1
1392097236.0,1392097236.0,"4,3,1"
1392097236.0,1392097236.0,"4,1"
1392097236.0,1392097236.0,"3,1"
1392097236.0,1392097236.0,1
1392097237.0,1392097237.0,"4,3,1"
1392097237.0,1392097237.0,"4,1"
1392097237.0,1392097237.0,"3,1"
1392097237.0,1392097237.0,1
1392097238.0,1392097238.0,"4,3,1"
1392097238.0,1392097238.0,"4,1"
1392097238.0,1392097238.0,"3,1"
1392097238.0,1392097238.0,1
1392097239.0,1392097239.0,"4,3,1"
1392097239.0,1392097239.0,"4,1"
1392097239.0,1392097239.0,"3,1"
1392097239.0,1392097239.0,1
1392097240.0,1392097240.0,"4,3,1"
1392097240.0,1392097240.0,"4,1"
1392097240.0,1392097240.0,"3,1"
1392097240.0,1392097240.0,1
1392097241.0,1392097241.0,"4,3,1"
1392097241.0,1392097241.0,"4,1"
1392097241.0,1392097241.0,"3,1"
1392097241.0,1392097241.0,1
1392097242.0,1392097242.0,"4,3,1"
1392097242.0,1392097242.0,"4,1"
1392097242.0,1392097242.0,"3,1"
1392097242.0,1392097242.0,1
1392097243.0,1392097243.0,"4,3,1"
1392097243.0,1392097243.0,"4,1"
1392097243.0,1392097243.0,"3,1"
1392097243.0,1392097243.0,1
1392097244.0,1392097244.0,"4,3,1"
1392097244.0,1392097244.0,"4,1"
1392097244.0,1392097244.0,"3,1"
1392097244.0,1392097244.0,1
1392097245.0,1392097245.0,"4,3,1"
1392097245.0,1392097245.0,"4,1"
1392097245.0,1392097245.0,"3,1"
1392097245.0,1392097245.0,1
1392097246.0,1392097246.0,"4,3,1"
1392097246.0,1392097246.0,"4,1"
1392097246.0,1392097246.0,"3,1"
1392097246.0,1392097246.0,1
1392097247.0,1392097247.0,"4,3,1"
1392097247.0,1392097247.0,"4,1"
1392097247.0,1392097247.0,"3,1"
1392097247.0,1392097247.0,1
1392097248.0,1392097248.0,"4,3,1"
1392097248.0,1392097248.0,"4,1"
1392097248.0,1392097248.0,"3,1"
1392097248.0,1392097248.0,1
1392097249.0,1392097249.0,"4,3,1"
1392097249.0,1392097249.0,"4,1"
1392097249.0,1392097249.0,"3,1"
1392097249.0,1392097249.0,1
1392097250.0,1392097250.0,"4,3,1"
1392097250.0,1392097250.0,"4,1"
1392097250.0,1392097250.0,"3,1"
1392097250.0,1392097250.0,1
1392097251.0,1392097251.0,"4,3,1"
1392097251.0,1392097251.0,"4,1"
1392097251.0,1392097251.0,"3,1"
1392097251.0,1392097251.0,1
1392097252.0,1392097252.0,"4,3,1"
1392097252.0,1392097252.0,"4,1"
1392097252.0,1392097252.0,"3,1"
1392097252.0,1392097252.0,1
1392097253.0,1392097253.0,"4,3,1"
1392097253.0,1392097253.0,"4,1"
1392097253.0,1392097253.0,"3,1"
1392097253.0,1392097253.0,1
1392097254.0,1392097254.0,"4,3,1"
1392097254.0,1392097254.0,"4,1"
1392097254.0,1392097254.0,"3,1"
1392097254.0,1392097254.0,1
1392097255.0,1392097255.0,"4,3,1"
1392097255.0,1392097255.0,"4,1"
1392097255.0,1392097255.0,"3,1"
1392097255.0,1392097255.0,1
1392097256.0,1392097256.0,"4,3,1"
1392097256.0,1392097256.0,"4,1"
1392097256.0,1392097256.0,"3,1"
1392097256.0,1392097256.0,1
1392097257.0,1392097257.0,"4,3,1"
1392097257.0,1392097257.0,"4,1"
1392097257.0,1392097257.0,"3,1"
1392097257.0,1392097257.0,1
1392097258.0,1392097258.0,"4,3,1"
1392097258.0,1392097258.0,"4,1"
1392097258.0,1392097258.0,"3,1"
1392097258.0,1392097258.0,1
1392097259.0,1392097259.0,"4,3,1"
1392097259.0,1392097259.0,"4,1"
1392097259.0,1392097259.0,"3,1"
1392097259.0,1392097259.0,1
1392097260.0,1392097260.0,"4,3,1"
1392097260.0,1392097260.0,"4,1"
1392097260.0,1392097260.0,"3,1"
1392097260.0,1392097260.0,1
1392097261.0,1392097261.0,"4,3,1"
1392097261.0,1392097261.0,"4,1"
1392097261.0,1392097261.0,"3,1"
1392097261.0,1392097261.0,1
1392097262.0,1392097262.0,"4,3,1"
1392097262.0,1392097262.0,"4,1"
1392097262.0,1392097262.0,"3,1"
1392097262.0,1392097262.0,1
1392097263.0,1392097263.0,"4,3,1"
1392097263.0,1392097263.0,"4,1"
1392097263.0,1392097263.0,"3,1"
1392097263.0,1392097263.0,1
1392097264.0,1392097264.0,"4,3,1"
1392097264.0,1392097264.0,"4,1"
1392097264.0,1392097264.0,"3,1"
1392097264.0,1392097264.0,1
1392097265.0,1392097265.0,"4,3,1"
1392097265.0,1392097265.0,"4,1"
1392097265.0,1392097265.0,"3,1"
1392097265.0,1392097265.0,1
1392097266.0,1392097266.0,"4,3,1"
1392097266.0,1392097266.0,"4,1"
1392097266.0,1392097266.0,"3,1"
1392097266.0,1392097266.0,1
1392097267.0,1392097267.0,"4,3,1"
1392097267.0,1392097267.0,"4,1"
1392097267.0,1392097267.0,"3,1"
1392097267.0,1392097267.0,1
1392097268.0,1392097268.0,"4,3,1"
1392097268.0,1392097268.0,"4,1"
1392097268.0,1392097268.0,"3,1"
1392097268.0,1392097268.0,1
1392097269.0,1392097269.0,"4,3,1"
1392097269.0,1392097269.0,"4,1"
1392097269.0,1392097269.0,"3,1"
1392097269.0,1392097269.0,1
1392097270.0,1392097270.0,"4,3,1"
1392097270.0,1392097270.0,"4,1"
1392097270.0,1392097270.0,"3,1"
1392097270.0,1392097270.0,1
1392097271.0,1392097271.0,"4,3,1"
1392097271.0,1392097271.0,"4,1"
1392097271.0,1392097271.0,"3,1"
1392097271.0,1392097271.0,1
1392097272.0,1392097272.0,"4,3,1"
1392097272.0,1392097272.0,"4,1"
1392097272.0,1392097272.0,"3,1"
1392097272.0,1392097272.0,1
1392097273.0,1392097273.0,"4,3,1"
1392097273.0,1392097273.0,"4,1"
1392097273.0,1392097273.0,"3,1"
1392097273.0,1392097273.0,1
1392097274.0,1392097274.0,"4,3,1"
1392097274.0,1392097274.0,"4,1"
1392097274.0,1392097274.0,"3,1"
1392097274.0,1392097274.0,1
1392097275.0,1392097275.0,"4,3,1"
1392097275.0,1392097275.0,"4,1"
1392097275.0,1392097275.0,"3,1"
1392097275.0,1392097275.0,1
1392097276.0,1392097276.0,"4,3,1"
1392097276.0,1392097276.0,"4,1"
1392097276.0,1392097276.0,"3,1"
1392097276.0,1392097276.0,1
1392097277.0,1392097277.0,"4,3,1"
1392097277.0,1392097277.0,"4,1"
1392097277.0,1392097277.0,"3,1"
1392097277.0,1392097277.0,1
1392097278.0,1392097278.0,"4,3,1"
1392097278.0,1392097278.0,"4,1"
1392097278.0,1392097278.0,"3,1"
1392097278.0,1392097278.0,1
1392097279.0,1392097279.0,"4,3,1"
1392097279.0,1392097279.0,"4,1"
1392097279.0,1392097279.0,"3,1"
1392097279.0,1392097279.0,1
1392097280.0,1392097280.0,"4,3,1"
1392097280.0,1392097280.0,"4,1"
1392097280.0,1392097280.0,"3,1"
1392097280.0,1392097280.0,1
1392097281.0,1392097281.0,"4,3,1"
1392097281.0,1392097281.0,"4,1"
1392097281.0,1392097281.0,"3,1"
1392097281.0,1392097281.0,1
1392097282.0,1392097282.0,"4,3,1"
1392097282.0,1392097282.0,"4,1"
1392097282.0,1392097282.0,"3,1"
1392097282.0,1392097282.0,1
1392097283.0,1392097283.0,"4,3,1"
1392097283.0,1392097283.0,"4,1"
1392097283.0,1392097283.0,"3,1"
1392097283.0,1392097283.0,1
1392097284.0,1392097284.0,"4,3,1"
1392097284.0,1392097284.0,"4,1"
1392097284.0,1392097284.0,"3,1"
1392097284.0,1392097284.0,1
1392097285.0,1392097285.0,"4,3,1"
1392097285.0,1392097285.0,"4,1"
1392097285.0,1392097285.0,"3,1"
1392097285.0,1392097285.0,1
1392097286.0,1392097286.0,"4,3,1"
1392097286.0,1392097286.0,"4,1"
1392097286.0,1392097286.0,"3,1"
1392097286.0,1392097286.0,1
1392097287.0,1392097287.0,"4,3,1"
1392097287.0,1392097287.0,"4,1"
1392097287.0,1392097287.0,"3,1"
1392097287.0,1392097287.0,1
1392097288.0,1392097288.0,"4,3,1"
1392097288.0,1392097288.0,"4,1"
1392097288.0,1392097288.0,"3,1"
1392097288.0,1392097288.0,1
1392097289.0,1392097289.0,"4,3,1"
1392097289.0,1392097289.0,"4,1"
1392097289.0,1392097289.0,"3,1"
1392097289.0,1392097289.0,1
1392097290.0,1392097290.0,"4,3,1"
1392097290.0,1392097290.0,"4,1"
1392097290.0,1392097290.0,"3,1"
1392097290.0,1392097290.0,1
1392097291.0,1392097291.0,"4,3,1"
1392097291.0,1392097291.0,"4,1"
1392097291.0,1392097291.0,"3,1"
1392097291.0,1392097291.0,1
1392097292.0,1392097292.0,"4,3,1"
1392097292.0,1392097292.0,"4,1"
1392097292.0,1392097292.0,"3,1"
1392097292.0,1392097292.0,1
1392097293.0,1392097293.0,"4,3,1"
1392097293.0,1392097293.0,"4,1"
1392097293.0,1392097293.0,"3,1"
1392097293.0,1392097293.0,1
1392097294.0,1392097294.0,"4,3,1"
1392097294.0,1392097294.0,"4,1"
1392097294.0,1392097294.0,"3,1"
1392097294.0,1392097294.0,1
1392097295.0,1392097295.0,"4,3,1"
1392097295.0,1392097295.0,"4,1"
1392097295.0,1392097295.0,"3,1"
1392097295.0,1392097295.0,1
1392097296.0,1392097296.0,"4,3,1"
1392097296.0,1392097296.0,"4,1"
1392097296.0,1392097296.0,"3,1"
1392097296.0,1392097296.0,1
1392097297.0,1392097297.0,"4,3,1"
1392097297.0,1392097297.0,"4,1"
1392097297.0,1392097297.0,"3,1"
1392097297.0,1392097297.0,1
1392097298.0,1392097298.0,"4,3,1"
1392097298.0,1392097298.0,"4,1"
1392097298.0,1392097298.0,"3,1"
1392097298.0,1392097298.0,1
1392097299.0,1392097299.0,"4,3,1"
1392097299.0,1392097299.0,"4,1"
1392097299.0,1392097299.0,"3,1"
1392097299.0,1392097299.0,1
1392097300.0,1392097300.0,"4,3,1"
1392097300.0,1392097300.0,"4,1"
1392097300.0,1392097300.0,"3,1"
1392097300.0,1392097300.0,1
1392097301.0,1392097301.0,"4,3,1"
1392097301.0,1392097301.0,"4,1"
1392097301.0,1392097301.0,"3,1"
1392097301.0,1392097301.0,1
1392097302.0,1392097302.0,"4,3,1"
1392097302.0,1392097302.0,"4,1"
1392097302.0,1392097302.0,"3,1"
1392097302.0,1392097302.0,1
1392097303.0,1392097303.0,"4,3,1"
1392097303.0,1392097303.0,"4,1"
1392097303.0,1392097303.0,"3,1"
1392097303.0,1392097303.0,1
1392097304.0,1392097304.0,"4,3,1"
1392097304.0,1392097304.0,"4,1"
1392097304.0,1392097304.0,"3,1"
1392097304.0,1392097304.0,1
1392097305.0,1392097305.0,"4,3,1"
1392097305.0,1392097305.0,"4,1"
1392097305.0,1392097305.0,"3,1"
1392097305.0,1392097305.0,1
1392097306.0,1392097306.0,"4,3,1"
1392097306.0,1392097306.0,"4,1"
1392097306.0,1392097306.0,"3,1"
1392097306.0,1392097306.0,1
1392097307.0,1392097307.0,"4,3,1"
1392097307.0,1392097307.0,"4,1"
1392097307.0,1392097307.0,"3,1"
1392097307.0,1392097307.0,1
1392097308.0,1392097308.0,"4,3,1"
1392097308.0,1392097308.0,"4,1"
1392097308.0,1392097308.0,"3,1"
1392097308.0,1392097308.0,1
1392097309.0,1392097309.0,"4,3,1"
1392097309.0,1392097309.0,"4,1"
1392097309.0,1392097309.0,"3,1"
1392097309.0,1392097309.0,1
1392097310.0,1392097310.0,"4,3,1"
1392097310.0,1392097310.0,"4,1"
1392097310.0,1392097310.0,"3,1"
1392097310.0,1392097310.0,1
1392097311.0,1392097311.0,"4,3,1"
1392097311.0,1392097311.0,"4,1"
1392097311.0,1392097311.0,"3,1"
1392097311.0,1392097311.0,1
1392097312.0,1392097312.0,"4,3,1"
1392097312.0,1392097312.0,"4,1"
1392097312.0,1392097312.0,"3,1"
1392097312.0,1392097312.0,1
1392097313.0,1392097313.0,"4,3,1"
1392097313.0,1392097313.0,"4,1"
1392097313.0,1392097313.0,"3,1"
1392097313.0,1392097313.0,1
1392097314.0,1392097314.0,"4,3,1"
1392097314.0,1392097314.0,"4,1"
1392097314.0,1392097314.0,"3,1"
1392097314.0,1392097314.0,1
1392097315.0,1392097315.0,"4,3,1"
1392097315.0,1392097315.0,"4,1"
1392097315.0,1392097315.0,"3,1"
1392097315.0,1392097315.0,1
1392097316.0,1392097316.0,"4,3,1"
1392097316.0,1392097316.0,"4,1"
1392097316.0,1392097316.0,"3,1"
1392097316.0,1392097316.0,1
1392097317.0,1392097317.0,"4,3,1"
1392097317.0,1392097317.0,"4,1"
1392097317.0,1392097317.0,"3,1"
1392097317.0,1392097317.0,1
1392097318.0,1392097318.0,"4,3,1"
1392097318.0,1392097318.0,"4,1"
1392097318.0,1392097318.0,"3,1"
1392097318.0,1392097318.0,1
1392097319.0,1392097319.0,"4,3,1"
1392097319.0,1392097319.0,"4,1"
1392097319.0,1392097319.0,"3,1"
1392097319.0,1392097319.0,1
1392097320.0,1392097320.0,"4,3,1"
1392097320.0,1392097320.0,"4,1"
1392097320.0,1392097320.0,"3,1"
1392097320.0,1392097320.0,1
1392097321.0,1392097321.0,"4,3,1"
1392097321.0,1392097321.0,"4,1"
1392097321.0,1392097321.0,"3,1"
1392097321.0,1392097321.0,1
1392097322.0,1392097322.0,"4,3,1"
1392097322.0,1392097322.0,"4,1"
1392097322.0,1392097322.0,"3,1"
1392097322.0,1392097322.0,1
1392097323.0,1392097323.0,"4,3,1"
1392097323.0,1392097323.0,"4,1"
1392097323.0,1392097323.0,"3,1"
1392097323.0,1392097323.0,1
1392097324.0,1392097324.0,"4,3,1"
1392097324.0,1392097324.0,"4,1"
1392097324.0,1392097324.0,"3,1"
1392097324.0,1392097324.0,1
1392097325.0,1392097325.0,"4,3,1"
1392097325.0,1392097325.0,"4,1"
1392097325.0,1392097325.0,"3,1"
1392097325.0,1392097325.0,1
1392097326.0,1392097326.0,"4,3,1"
1392097326.0,1392097326.0,"4,1"
1392097326.0,1392097326.0,"3,1"
1392097326.0,1392097326.0,1
1392097327.0,1392097327.0,"4,3,1"
1392097327.0,1392097327.0,"4,1"
1392097327.0,1392097327.0,"3,1"
1392097327.0,1392097327.0,1
1392097328.0,1392097328.0,"4,3,1"
1392097328.0,1392097328.0,"4,1"
1392097328.0,1392097328.0,"3,1"
1392097328.0,1392097328.0,1
1392097329.0,1392097329.0,"4,3,1"
1392097329.0,1392097329.0,"4,1"
1392097329.0,1392097329.0,"3,1"
1392097329.0,1392097329.0,1
1392097330.0,1392097330.0,"4,3,1"
1392097330.0,1392097330.0,"4,1"
1392097330.0,1392097330.0,"3,1"
1392097330.0,1392097330.0,1
1392097331.0,1392097331.0,"4,3,1"
1392097331.0,1392097331.0,"4,1"
1392097331.0,1392097331.0,"3,1"
1392097331.0,1392097331.0,1
1392097332.0,1392097332.0,"4,3,1"
1392097332.0,1392097332.0,"4,1"
1392097332.0,1392097332.0,"3,1"
1392097332.0,1392097332.0,1
1392097333.0,1392097333.0,"4,3,1"
1392097333.0,1392097333.0,"4,1"
1392097333.0,1392097333.0,"3,1"
1392097333.0,1392097333.0,1
1392097334.0,1392097334.0,"4,3,1"
1392097334.0,1392097334.0,"4,1"
1392097334.0,1392097334.0,"3,1"
1392097334.0,1392097334.0,1
1392097335.0,1392097335.0,"4,3,1"
1392097335.0,1392097335.0,"4,1"
1392097335.0,1392097335.0,"3,1"
1392097335.0,1392097335.0,1
1392097336.0,1392097336.0,"4,3,1"
1392097336.0,1392097336.0,"4,1"
1392097336.0,1392097336.0,"3,1"
1392097336.0,1392097336.0,1
1392097337.0,1392097337.0,"4,3,1"
1392097337.0,1392097337.0,"4,1"
1392097337.0,1392097337.0,"3,1"
1392097337.0,1392097337.0,1
1392097338.0,1392097338.0,"4,3,1"
1392097338.0,1392097338.0,"4,1"
1392097338.0,1392097338.0,"3,1"
1392097338.0,1392097338.0,1
1392097339.0,1392097339.0,"4,3,1"
1392097339.0,1392097339.0,"4,1"
1392097339.0,1392097339.0,"3,1"
1392097339.0,1392097339.0,1
1392097340.0,1392097340.0,"4,3,1"
1392097340.0,1392097340.0,"4,1"
1392097340.0,1392097340.0,"3,1"
1392097340.0,1392097340.0,1
1392097341.0,1392097341.0,"4,3,1"
1392097341.0,1392097341.0,"4,1"
1392097341.0,1392097341.0,"3,1"
1392097341.0,1392097341.0,1
1392097342.0,1392097342.0,"4,3,1"
1392097342.0,1392097342.0,"4,1"
1392097342.0,1392097342.0,"3,1"
1392097342.0,1392097342.0,1
1392097343.0,1392097343.0,"4,3,1"
1392097343.0,1392097343.0,"4,1"
1392097343.0,1392097343.0,"3,1"
1392097343.0,1392097343.0,1
1392097344.0,1392097344.0,"4,3,1"
1392097344.0,1392097344.0,"4,1"
1392097344.0,1392097344.0,"3,1"
1392097344.0,1392097344.0,1
1392097345.0,1392097345.0,"4,3,1"
1392097345.0,1392097345.0,"4,1"
1392097345.0,1392097345.0,"3,1"
1392097345.0,1392097345.0,1
1392097346.0,1392097346.0,"4,3,1"
1392097346.0,1392097346.0,"4,1"
1392097346.0,1392097346.0,"3,1"
1392097346.0,1392097346.0,1
1392097347.0,1392097347.0,"4,3,1"
1392097347.0,1392097347.0,"4,1"
1392097347.0,1392097347.0,"3,1"
1392097347.0,1392097347.0,1
1392097348.0,1392097348.0,"4,3,1"
1392097348.0,1392097348.0,"4,1"
1392097348.0,1392097348.0,"3,1"
1392097348.0,1392097348.0,1
1392097349.0,1392097349.0,"4,3,1"
1392097349.0,1392097349.0,"4,1"
1392097349.0,1392097349.0,"3,1"
1392097349.0,1392097349.0,1
1392097350.0,1392097350.0,"4,3,1"
1392097350.0,1392097350.0,"4,1"
1392097350.0,1392097350.0,"3,1"
1392097350.0,1392097350.0,1
1392097351.0,1392097351.0,"4,3,1"
1392097351.0,1392097351.0,"4,1"
1392097351.0,1392097351.0,"3,1"
1392097351.0,1392097351.0,1
1392097352.0,1392097352.0,"4,3,1"
1392097352.0,1392097352.0,"4,1"
1392097352.0,1392097352.0,"3,1"
1392097352.0,1392097352.0,1
1392097353.0,1392097353.0,"4,3,1"
1392097353.0,1392097353.0,"4,1"
1392097353.0,1392097353.0,"3,1"
1392097353.0,1392097353.0,1
1392097354.0,1392097354.0,"4,3,1"
1392097354.0,1392097354.0,"4,1"
1392097354.0,1392097354.0,"3,1"
1392097354.0,1392097354.0,1
1392097355.0,1392097355.0,"4,3,1"
1392097355.0,1392097355.0,"4,1"
1392097355.0,1392097355.0,"3,1"
1392097355.0,1392097355.0,1
1392097356.0,1392097356.0,"4,3,1"
1392097356.0,1392097356.0,"4,1"
1392097356.0,1392097356.0,"3,1"
1392097356.0,1392097356.0,1
1392097357.0,1392097357.0,"4,3,1"
1392097357.0,1392097357.0,"4,1"
1392097357.0,1392097357.0,"3,1"
1392097357.0,1392097357.0,1
1392097358.0,1392097358.0,"4,3,1"
1392097358.0,1392097358.0,"4,1"
1392097358.0,1392097358.0,"3,1"
1392097358.0,1392097358.0,1
1392097359.0,1392097359.0,"4,3,1"
1392097359.0,1392097359.0,"4,1"
1392097359.0,1392097359.0,"3,1"
1392097359.0,1392097359.0,1
1392097360.0,1392097360.0,"4,3,1"
1392097360.0,1392097360.0,"4,1"
1392097360.0,1392097360.0,"3,1"
1392097360.0,1392097360.0,1
1392097361.0,1392097361.0,"4,3,1"
1392097361.0,1392097361.0,"4,1"
1392097361.0,1392097361.0,"3,1"
1392097361.0,1392097361.0,1
1392097362.0,1392097362.0,"4,3,1"
1392097362.0,1392097362.0,"4,1"
1392097362.0,1392097362.0,"3,1"
1392097362.0,1392097362.0,1
1392097363.0,1392097363.0,"4,3,1"
1392097363.0,1392097363.0,"4,1"
1392097363.0,1392097363.0,"3,1"
1392097363.0,1392097363.0,1
1392097364.0,1392097364.0,"4,3,1"
1392097364.0,1392097364.0,"4,1"
1392097364.0,1392097364.0,"3,1"
1392097364.0,1392097364.0,1
1392097365.0,1392097365.0,"4,3,1"
1392097365.0,1392097365.0,"4,1"
1392097365.0,1392097365.0,"3,1"
1392097365.0,1392097365.0,1
1392097366.0,1392097366.0,"4,3,1"
1392097366.0,1392097366.0,"4,1"
1392097366.0,1392097366.0,"3,1"
1392097366.0,1392097366.0,1
1392097367.0,1392097367.0,"4,3,1"
1392097367.0,1392097367.0,"4,1"
1392097367.0,1392097367.0,"3,1"
1392097367.0,1392097367.0,1
1392097368.0,1392097368.0,"4,3,1"
1392097368.0,1392097368.0,"4,1"
1392097368.0,1392097368.0,"3,1"
1392097368.0,1392097368.0,1
1392097369.0,1392097369.0,"4,3,1"
1392097369.0,1392097369.0,"4,1"
1392097369.0,1392097369.0,"3,1"
1392097369.0,1392097369.0,1
1392097370.0,1392097370.0,"4,3,1"
1392097370.0,1392097370.0,"4,1"
1392097370.0,1392097370.0,"3,1"
1392097370.0,1392097370.0,1
1392097371.0,1392097371.0,"4,3,1"
1392097371.0,1392097371.0,"4,1"
1392097371.0,1392097371.0,"3,1"
1392097371.0,1392097371.0,1
1392097372.0,1392097372.0,"4,3,1"
1392097372.0,1392097372.0,"4,1"
1392097372.0,1392097372.0,"3,1"
1392097372.0,1392097372.0,1
1392097373.0,1392097373.0,"4,3,1"
1392097373.0,1392097373.0,"4,1"
1392097373.0,1392097373.0,"3,1"
1392097373.0,1392097373.0,1
1392097374.0,1392097374.0,"4,3,1"
1392097374.0,1392097374.0,"4,1"
1392097374.0,1392097374.0,"3,1"
1392097374.0,1392097374.0,1
1392097375.0,1392097375.0,"4,3,1"
1392097375.0,1392097375.0,"4,1"
1392097375.0,1392097375.0,"3,1"
1392097375.0,1392097375.0,1
1392097376.0,1392097376.0,"4,3,1"
1392097376.0,1392097376.0,"4,1"
1392097376.0,1392097376.0,"3,1"
1392097376.0,1392097376.0,1
1392097377.0,1392097377.0,"4,3,1"
1392097377.0,1392097377.0,"4,1"
1392097377.0,1392097377.0,"3,1"
1392097377.0,1392097377.0,1
1392097378.0,1392097378.0,"4,3,1"
1392097378.0,1392097378.0,"4,1"
1392097378.0,1392097378.0,"3,1"
1392097378.0,1392097378.0,1
1392097379.0,1392097379.0,"4,3,1"
1392097379.0,1392097379.0,"4,1"
1392097379.0,1392097379.0,"3,1"
1392097379.0,1392097379.0,1
1392097380.0,1392097380.0,"4,3,1"
1392097380.0,1392097380.0,"4,1"
1392097380.0,1392097380.0,"3,1"
1392097380.0,1392097380.0,1
1392097381.0,1392097381.0,"4,3,1"
1392097381.0,1392097381.0,"4,1"
1392097381.0,1392097381.0,"3,1"
1392097381.0,1392097381.0,1
1392097382.0,1392097382.0,"4,3,1"
1392097382.0,1392097382.0,"4,1"
1392097382.0,1392097382.0,"3,1"
1392097382.0,1392097382.0,1
1392097383.0,1392097383.0,"4,3,1"
1392097383.0,1392097383.0,"4,1"
1392097383.0,1392097383.0,"3,1"
1392097383.0,1392097383.0,1
1392097384.0,1392097384.0,"4,3,1"
1392097384.0,1392097384.0,"4,1"
1392097384.0,1392097384.0,"3,1"
1392097384.0,1392097384.0,1
1392097385.0,1392097385.0,"4,3,1"
1392097385.0,1392097385.0,"4,1"
1392097385.0,1392097385.0,"3,1"
1392097385.0,1392097385.0,1
1392097386.0,1392097386.0,"4,3,1"
1392097386.0,1392097386.0,"4,1"
1392097386.0,1392097386.0,"3,1"
1392097386.0,1392097386.0,1
1392097387.0,1392097387.0,"4,3,1"
1392097387.0,1392097387.0,"4,1"
1392097387.0,1392097387.0,"3,1"
1392097387.0,1392097387.0,1
1392097388.0,1392097388.0,"4,3,1"
1392097388.0,1392097388.0,"4,1"
1392097388.0,1392097388.0,"3,1"
1392097388.0,1392097388.0,1
1392097389.0,1392097389.0,"4,3,1"
1392097389.0,1392097389.0,"4,1"
1392097389.0,1392097389.0,"3,1"
1392097389.0,1392097389.0,1
1392097390.0,1392097390.0,"4,3,1"
1392097390.0,1392097390.0,"4,1"
1392097390.0,1392097390.0,"3,1"
1392097390.0,1392097390.0,1
1392097391.0,1392097391.0,"4,3,1"
1392097391.0,1392097391.0,"4,1"
1392097391.0,1392097391.0,"3,1"
1392097391.0,1392097391.0,1
1392097392.0,1392097392.0,"4,3,1"
1392097392.0,1392097392.0,"4,1"
1392097392.0,1392097392.0,"3,1"
1392097392.0,1392097392.0,1
1392097393.0,1392097393.0,"4,3,1"
1392097393.0,1392097393.0,"4,1"
1392097393.0,1392097393.0,"3,1"
1392097393.0,1392097393.0,1
1392097394.0,1392097394.0,"4,3,1"
1392097394.0,1392097394.0,"4,1"
1392097394.0,1392097394.0,"3,1"
1392097394.0,1392097394.0,1
1392097395.0,1392097395.0,"4,3,1"
1392097395.0,1392097395.0,"4,1"
1392097395.0,1392097395.0,"3,1"
1392097395.0,1392097395.0,1
1392097396.0,1392097396.0,"4,3,1"
1392097396.0,1392097396.0,"4,1"
1392097396.0,1392097396.0,"3,1"
1392097396.0,1392097396.0,1
1392097397.0,1392097397.0,"4,3,1"
1392097397.0,1392097397.0,"4,1"
1392097397.0,1392097397.0,"3,1"
1392097397.0,1392097397.0,1
1392097398.0,1392097398.0,"4,3,1"
1392097398.0,1392097398.0,"4,1"
1392097398.0,1392097398.0,"3,1"
1392097398.0,1392097398.0,1
1392097399.0,1392097399.0,"4,3,1"
1392097399.0,1392097399.0,"4,1"
1392097399.0,1392097399.0,"3,1"
1392097399.0,1392097399.0,1
1392097400.0,1392097400.0,"4,3,1"
1392097400.0,1392097400.0,"4,1"
1392097400.0,1392097400.0,"3,1"
1392097400.0,1392097400.0,1
1392097401.0,1392097401.0,"4,3,1"
1392097401.0,1392097401.0,"4,1"
1392097401.0,1392097401.0,"3,1"
1392097401.0,1392097401.0,1
1392097402.0,1392097402.0,"4,3,1"
1392097402.0,1392097402.0,"4,1"
1392097402.0,1392097402.0,"3,1"
1392097402.0,1392097402.0,1
1392097403.0,1392097403.0,"4,3,1"
1392097403.0,1392097403.0,"4,1"
1392097403.0,1392097403.0,"3,1"
1392097403.0,1392097403.0,1
1392097404.0,1392097404.0,"4,3,1"
1392097404.0,1392097404.0,"4,1"
1392097404.0,1392097404.0,"3,1"
1392097404.0,1392097404.0,1
1392097405.0,1392097405.0,"4,3,1"
1392097405.0,1392097405.0,"4,1"
1392097405.0,1392097405.0,"3,1"
1392097405.0,1392097405.0,1
1392097406.0,1392097406.0,"4,3,1"
1392097406.0,1392097406.0,"4,1"
1392097406.0,1392097406.0,"3,1"
1392097406.0,1392097406.0,1
1392097407.0,1392097407.0,"4,3,1"
1392097407.0,1392097407.0,"4,1"
1392097407.0,1392097407.0,"3,1"
1392097407.0,1392097407.0,1
1392097408.0,1392097408.0,"4,3,1"
1392097408.0,1392097408.0,"4,1"
1392097408.0,1392097408.0,"3,1"
1392097408.0,1392097408.0,1
1392097409.0,1392097409.0,"4,3,1"
1392097409.0,1392097409.0,"4,1"
1392097409.0,1392097409.0,"3,1"
1392097409.0,1392097409.0,1
1392097410.0,1392097410.0,"4,3,1"
1392097410.0,1392097410.0,"4,1"
1392097410.0,1392097410.0,"3,1"
1392097410.0,1392097410.0,1
1392097411.0,1392097411.0,"4,3,1"
1392097411.0,1392097411.0,"4,1"
1392097411.0,1392097411.0,"3,1"
1392097411.0,1392097411.0,1
1392097412.0,1392097412.0,"4,3,1"
1392097412.0,1392097412.0,"4,1"
1392097412.0,1392097412.0,"3,1"
1392097412.0,1392097412.0,1
1392097413.0,1392097413.0,"4,3,1"
1392097413.0,1392097413.0,"4,1"
1392097413.0,1392097413.0,"3,1"
1392097413.0,1392097413.0,1
1392097414.0,1392097414.0,"4,3,1"
1392097414.0,1392097414.0,"4,1"
1392097414.0,1392097414.0,"3,1"
1392097414.0,1392097414.0,1
1392097415.0,1392097415.0,"4,3,1"
1392097415.0,1392097415.0,"4,1"
1392097415.0,1392097415.0,"3,1"
1392097415.0,1392097415.0,1
1392097416.0,1392097416.0,"4,3,1"
1392097416.0,1392097416.0,"4,1"
1392097416.0,1392097416.0,"3,1"
1392097416.0,1392097416.0,1
1392097417.0,1392097417.0,"4,3,1"
1392097417.0,1392097417.0,"4,1"
1392097417.0,1392097417.0,"3,1"
1392097417.0,1392097417.0,1
1392097418.0,1392097418.0,"4,3,1"
1392097418.0,1392097418.0,"4,1"
1392097418.0,1392097418.0,"3,1"
1392097418.0,1392097418.0,1
1392097419.0,1392097419.0,"4,3,1"
1392097419.0,1392097419.0,"4,1"
1392097419.0,1392097419.0,"3,1"
1392097419.0,1392097419.0,1
1392097420.0,1392097420.0,"4,3,1"
1392097420.0,1392097420.0,"4,1"
1392097420.0,1392097420.0,"3,1"
1392097420.0,1392097420.0,1
1392097421.0,1392097421.0,"4,3,1"
1392097421.0,1392097421.0,"4,1"
1392097421.0,1392097421.0,"3,1"
1392097421.0,1392097421.0,1
1392097422.0,1392097422.0,"4,3,1"
1392097422.0,1392097422.0,"4,1"
1392097422.0,1392097422.0,"3,1"
1392097422.0,1392097422.0,1
1392097423.0,1392097423.0,"4,3,1"
1392097423.0,1392097423.0,"4,1"
1392097423.0,1392097423.0,"3,1"
1392097423.0,1392097423.0,1
1392097424.0,1392097424.0,"4,3,1"
1392097424.0,1392097424.0,"4,1"
1392097424.0,1392097424.0,"3,1"
1392097424.0,1392097424.0,1
1392097425.0,1392097425.0,"4,3,1"
1392097425.0,1392097425.0,"4,1"
1392097425.0,1392097425.0,"3,1"
1392097425.0,1392097425.0,1
1392097426.0,1392097426.0,"4,3,1"
1392097426.0,1392097426.0,"4,1"
1392097426.0,1392097426.0,"3,1"
1392097426.0,1392097426.0,1
1392097427.0,1392097427.0,"4,3,1"
1392097427.0,1392097427.0,"4,1"
1392097427.0,1392097427.0,"3,1"
1392097427.0,1392097427.0,1
1392097428.0,1392097428.0,"4,3,1"
1392097428.0,1392097428.0,"4,1"
1392097428.0,1392097428.0,"3,1"
1392097428.0,1392097428.0,1
1392097429.0,1392097429.0,"4,3,1"
1392097429.0,1392097429.0,"4,1"
1392097429.0,1392097429.0,"3,1"
1392097429.0,1392097429.0,1
1392097430.0,1392097430.0,"4,3,1"
1392097430.0,1392097430.0,"4,1"
1392097430.0,1392097430.0,"3,1"
1392097430.0,1392097430.0,1
1392097431.0,1392097431.0,"4,3,1"
1392097431.0,1392097431.0,"4,1"
1392097431.0,1392097431.0,"3,1"
1392097431.0,1392097431.0,1
1392097432.0,1392097432.0,"4,3,1"
1392097432.0,1392097432.0,"4,1"
1392097432.0,1392097432.0,"3,1"
1392097432.0,1392097432.0,1
1392097433.0,1392097433.0,"4,3,1"
1392097433.0,1392097433.0,"4,1"
1392097433.0,1392097433.0,"3,1"
1392097433.0,1392097433.0,1
1392097434.0,1392097434.0,"4,3,1"
1392097434.0,1392097434.0,"4,1"
1392097434.0,1392097434.0,"3,1"
1392097434.0,1392097434.0,1
1392097435.0,1392097435.0,"4,3,1"
1392097435.0,1392097435.0,"4,1"
1392097435.0,1392097435.0,"3,1"
1392097435.0,1392097435.0,1
1392097436.0,1392097436.0,"4,3,1"
1392097436.0,1392097436.0,"4,1"
1392097436.0,1392097436.0,"3,1"
1392097436.0,1392097436.0,1
1392097437.0,1392097437.0,"4,3,1"
1392097437.0,1392097437.0,"4,1"
1392097437.0,1392097437.0,"3,1"
1392097437.0,1392097437.0,1
1392097438.0,1392097438.0,"4,3,1"
1392097438.0,1392097438.0,"4,1"
1392097438.0,1392097438.0,"3,1"
1392097438.0,1392097438.0,1
1392097439.0,1392097439.0,"4,3,1"
1392097439.0,1392097439.0,"4,1"
1392097439.0,1392097439.0,"3,1"
1392097439.0,1392097439.0,1
1392097440.0,1392097440.0,"4,3,1"
1392097440.0,1392097440.0,"4,1"
1392097440.0,1392097440.0,"3,1"
1392097440.0,1392097440.0,1
1392097441.0,1392097441.0,"4,3,1"
1392097441.0,1392097441.0,"4,1"
1392097441.0,1392097441.0,"3,1"
1392097441.0,1392097441.0,1
1392097442.0,1392097442.0,"4,3,1"
1392097442.0,1392097442.0,"4,1"
1392097442.0,1392097442.0,"3,1"
1392097442.0,1392097442.0,1
1392097443.0,1392097443.0,"4,3,1"
1392097443.0,1392097443.0,"4,1"
1392097443.0,1392097443.0,"3,1"
1392097443.0,1392097443.0,1
1392097444.0,1392097444.0,"4,3,1"
1392097444.0,1392097444.0,"4,1"
1392097444.0,1392097444.0,"3,1"
1392097444.0,1392097444.0,1
1392097445.0,1392097445.0,"4,3,1"
1392097445.0,1392097445.0,"4,1"
1392097445.0,1392097445.0,"3,1"
1392097445.0,1392097445.0,1
1392097446.0,1392097446.0,"4,3,1"
1392097446.0,1392097446.0,"4,1"
1392097446.0,1392097446.0,"3,1"
1392097446.0,1392097446.0,1
1392097447.0,1392097447.0,"4,3,1"
1392097447.0,1392097447.0,"4,1"
1392097447.0,1392097447.0,"3,1"
1392097447.0,1392097447.0,1
1392097448.0,1392097448.0,"4,3,1"
1392097448.0,1392097448.0,"4,1"
1392097448.0,1392097448.0,"3,1"
1392097448.0,1392097448.0,1
1392097449.0,1392097449.0,"4,3,1"
1392097449.0,1392097449.0,"4,1"
1392097449.0,1392097449.0,"3,1"
1392097449.0,1392097449.0,1
1392097450.0,1392097450.0,"4,3,1"
1392097450.0,1392097450.0,"4,1"
1392097450.0,1392097450.0,"3,1"
1392097450.0,1392097450.0,1
1392097451.0,1392097451.0,"4,3,1"
1392097451.0,1392097451.0,"4,1"
1392097451.0,1392097451.0,"3,1"
1392097451.0,1392097451.0,1
1392097452.0,1392097452.0,"4,3,1"
1392097452.0,1392097452.0,"4,1"
1392097452.0,1392097452.0,"3,1"
1392097452.0,1392097452.0,1
1392097453.0,1392097453.0,"4,3,1"
1392097453.0,1392097453.0,"4,1"
1392097453.0,1392097453.0,"3,1"
1392097453.0,1392097453.0,1
1392097454.0,1392097454.0,"4,3,1"
1392097454.0,1392097454.0,"4,1"
1392097454.0,1392097454.0,"3,1"
1392097454.0,1392097454.0,1
1392097455.0,1392097455.0,"4,3,1"
1392097455.0,1392097455.0,"4,1"
1392097455.0,1392097455.0,"3,1"
1392097455.0,1392097455.0,1
1392097456.0,1392097456.0,"4,3,1"
1392097456.0,1392097456.0,"4,1"
1392097456.0,1392097456.0,"3,1"
1392097456.0,1392097456.0,1
1392097457.0,1392097457.0,"4,3,1"
1392097457.0,1392097457.0,"4,1"
1392097457.0,1392097457.0,"3,1"
1392097457.0,1392097457.0,1
1392097458.0,1392097458.0,"4,3,1"
1392097458.0,1392097458.0,"4,1"
1392097458.0,1392097458.0,"3,1"
1392097458.0,1392097458.0,1
1392097459.0,1392097459.0,"4,3,1"
1392097459.0,1392097459.0,"4,1"
1392097459.0,1392097459.0,"3,1"
1392097459.0,1392097459.0,1
1392097460.0,1392097460.0,"4,3,1"
1392097460.0,1392097460.0,"4,1"
1392097460.0,1392097460.0,"3,1"
1392097460.0,1392097460.0,1
1392097461.0,1392097461.0,"4,3,1"
1392097461.0,1392097461.0,"4,1"
1392097461.0,1392097461.0,"3,1"
1392097461.0,1392097461.0,1
1392097462.0,1392097462.0,"4,3,1"
1392097462.0,1392097462.0,"4,1"
1392097462.0,1392097462.0,"3,1"
1392097462.0,1392097462.0,1
1392097463.0,1392097463.0,"4,3,1"
1392097463.0,1392097463.0,"4,1"
1392097463.0,1392097463.0,"3,1"
1392097463.0,1392097463.0,1
1392097464.0,1392097464.0,"4,3,1"
1392097464.0,1392097464.0,"4,1"
1392097464.0,1392097464.0,"3,1"
1392097464.0,1392097464.0,1
1392097465.0,1392097465.0,"4,3,1"
1392097465.0,1392097465.0,"4,1"
1392097465.0,1392097465.0,"3,1"
1392097465.0,1392097465.0,1
1392097466.0,1392097466.0,"4,3,1"
1392097466.0,1392097466.0,"4,1"
1392097466.0,1392097466.0,"3,1"
1392097466.0,1392097466.0,1
1392097467.0,1392097467.0,"4,3,1"
1392097467.0,1392097467.0,"4,1"
1392097467.0,1392097467.0,"3,1"
1392097467.0,1392097467.0,1
1392097468.0,1392097468.0,"4,3,1"
1392097468.0,1392097468.0,"4,1"
1392097468.0,1392097468.0,"3,1"
1392097468.0,1392097468.0,1
1392097469.0,1392097469.0,"4,3,1"
1392097469.0,1392097469.0,"4,1"
1392097469.0,1392097469.0,"3,1"
1392097469.0,1392097469.0,1
1392097470.0,1392097470.0,"4,3,1"
1392097470.0,1392097470.0,"4,1"
1392097470.0,1392097470.0,"3,1"
1392097470.0,1392097470.0,1
1392097471.0,1392097471.0,"4,3,1"
1392097471.0,1392097471.0,"4,1"
1392097471.0,1392097471.0,"3,1"
1392097471.0,1392097471.0,1
1392097472.0,1392097472.0,"4,3,1"
1392097472.0,1392097472.0,"4,1"
1392097472.0,1392097472.0,"3,1"
1392097472.0,1392097472.0,1
1392097473.0,1392097473.0,"4,3,1"
1392097473.0,1392097473.0,"4,1"
1392097473.0,1392097473.0,"3,1"
1392097473.0,1392097473.0,1
1392097474.0,1392097474.0,"4,3,1"
1392097474.0,1392097474.0,"4,1"
1392097474.0,1392097474.0,"3,1"
1392097474.0,1392097474.0,1
1392097475.0,1392097475.0,"4,3,1"
1392097475.0,1392097475.0,"4,1"
1392097475.0,1392097475.0,"3,1"
1392097475.0,1392097475.0,1
1392097476.0,1392097476.0,"4,3,1"
1392097476.0,1392097476.0,"4,1"
1392097476.0,1392097476.0,"3,1"
1392097476.0,1392097476.0,1
1392097477.0,1392097477.0,"4,3,1"
1392097477.0,1392097477.0,"4,1"
1392097477.0,1392097477.0,"3,1"
1392097477.0,1392097477.0,1
1392097478.0,1392097478.0,"4,3,1"
1392097478.0,1392097478.0,"4,1"
1392097478.0,1392097478.0,"3,1"
1392097478.0,1392097478.0,1
1392097479.0,1392097479.0,"4,3,1"
1392097479.0,1392097479.0,"4,1"
1392097479.0,1392097479.0,"3,1"
1392097479.0,1392097479.0,1
1392097480.0,1392097480.0,"4,3,1"
1392097480.0,1392097480.0,"4,1"
1392097480.0,1392097480.0,"3,1"
1392097480.0,1392097480.0,1
1392097481.0,1392097481.0,"4,3,1"
1392097481.0,1392097481.0,"4,1"
1392097481.0,1392097481.0,"3,1"
1392097481.0,1392097481.0,1
1392097482.0,1392097482.0,"4,3,1"
1392097482.0,1392097482.0,"4,1"
1392097482.0,1392097482.0,"3,1"
1392097482.0,1392097482.0,1
1392097483.0,1392097483.0,"4,3,1"
1392097483.0,1392097483.0,"4,1"
1392097483.0,1392097483.0,"3,1"
1392097483.0,1392097483.0,1
1392097484.0,1392097484.0,"4,3,1"
1392097484.0,1392097484.0,"4,1"
1392097484.0,1392097484.0,"3,1"
1392097484.0,1392097484.0,1
1392097485.0,1392097485.0,"4,3,1"
1392097485.0,1392097485.0,"4,1"
1392097485.0,1392097485.0,"3,1"
1392097485.0,1392097485.0,1
1392097486.0,1392097486.0,"4,3,1"
1392097486.0,1392097486.0,"4,1"
1392097486.0,1392097486.0,"3,1"
1392097486.0,1392097486.0,1
1392097487.0,1392097487.0,"4,3,1"
1392097487.0,1392097487.0,"4,1"
1392097487.0,1392097487.0,"3,1"
1392097487.0,1392097487.0,1
1392097488.0,1392097488.0,"4,3,1"
1392097488.0,1392097488.0,"4,1"
1392097488.0,1392097488.0,"3,1"
1392097488.0,1392097488.0,1
1392097489.0,1392097489.0,"4,3,1"
1392097489.0,1392097489.0,"4,1"
1392097489.0,1392097489.0,"3,1"
1392097489.0,1392097489.0,1
1392097490.0,1392097490.0,"4,3,1"
1392097490.0,1392097490.0,"4,1"
1392097490.0,1392097490.0,"3,1"
1392097490.0,1392097490.0,1
1392097491.0,1392097491.0,"4,3,1"
1392097491.0,1392097491.0,"4,1"
1392097491.0,1392097491.0,"3,1"
1392097491.0,1392097491.0,1
1392097492.0,1392097492.0,"4,3,1"
1392097492.0,1392097492.0,"4,1"
1392097492.0,1392097492.0,"3,1"
1392097492.0,1392097492.0,1
1392097493.0,1392097493.0,"4,3,1"
1392097493.0,1392097493.0,"4,1"
1392097493.0,1392097493.0,"3,1"
1392097493.0,1392097493.0,1
1392097494.0,1392097494.0,"4,3,1"
1392097494.0,1392097494.0,"4,1"
1392097494.0,1392097494.0,"3,1"
1392097494.0,1392097494.0,1
1392097495.0,1392097495.0,"4,3,1"
1392097495.0,1392097495.0,"4,1"
1392097495.0,1392097495.0,"3,1"
1392097495.0,1392097495.0,1
1392097496.0,1392097496.0,"4,3,1"
1392097496.0,1392097496.0,"4,1"
1392097496.0,1392097496.0,"3,1"
1392097496.0,1392097496.0,1
1392097497.0,1392097497.0,"4,3,1"
1392097497.0,1392097497.0,"4,1"
1392097497.0,1392097497.0,"3,1"
1392097497.0,1392097497.0,1
1392097498.0,1392097498.0,"4,3,1"
1392097498.0,1392097498.0,"4,1"
1392097498.0,1392097498.0,"3,1"
1392097498.0,1392097498.0,1
1392097499.0,1392097499.0,"4,3,1"
1392097499.0,1392097499.0,"4,1"
1392097499.0,1392097499.0,"3,1"
1392097499.0,1392097499.0,1
1392097500.0,1392097500.0,"4,3,1"
1392097500.0,1392097500.0,"4,1"
1392097500.0,1392097500.0,"3,1"
1392097500.0,1392097500.0,1
1392097501.0,1392097501.0,"4,3,1"
1392097501.0,1392097501.0,"4,1"
1392097501.0,1392097501.0,"3,1"
1392097501.0,1392097501.0,1
1392097502.0,1392097502.0,"4,3,1"
1392097502.0,1392097502.0,"4,1"
1392097502.0,1392097502.0,"3,1"
1392097502.0,1392097502.0,1
1392097503.0,1392097503.0,"4,3,1"
1392097503.0,1392097503.0,"4,1"
1392097503.0,1392097503.0,"3,1"
1392097503.0,1392097503.0,1
1392097504.0,1392097504.0,"4,3,1"
1392097504.0,1392097504.0,"4,1"
1392097504.0,1392097504.0,"3,1"
1392097504.0,1392097504.0,1
1392097505.0,1392097505.0,"4,3,1"
1392097505.0,1392097505.0,"4,1"
1392097505.0,1392097505.0,"3,1"
1392097505.0,1392097505.0,1
1392097506.0,1392097506.0,"4,3,1"
1392097506.0,1392097506.0,"4,1"
1392097506.0,1392097506.0,"3,1"
1392097506.0,1392097506.0,1
1392097507.0,1392097507.0,"4,3,1"
1392097507.0,1392097507.0,"4,1"
1392097507.0,1392097507.0,"3,1"
1392097507.0,1392097507.0,1
1392097508.0,1392097508.0,"4,3,1"
1392097508.0,1392097508.0,"4,1"
1392097508.0,1392097508.0,"3,1"
1392097508.0,1392097508.0,1
1392097509.0,1392097509.0,"4,3,1"
1392097509.0,1392097509.0,"4,1"
1392097509.0,1392097509.0,"3,1"
1392097509.0,1392097509.0,1
1392097510.0,1392097510.0,"4,3,1"
1392097510.0,1392097510.0,"4,1"
1392097510.0,1392097510.0,"3,1"
1392097510.0,1392097510.0,1
1392097511.0,1392097511.0,"4,3,1"
1392097511.0,1392097511.0,"4,1"
1392097511.0,1392097511.0,"3,1"
1392097511.0,1392097511.0,1
1392097512.0,1392097512.0,"4,3,1"
1392097512.0,1392097512.0,"4,1"
1392097512.0,1392097512.0,"3,1"
1392097512.0,1392097512.0,1
1392097513.0,1392097513.0,"4,3,1"
1392097513.0,1392097513.0,"4,1"
1392097513.0,1392097513.0,"3,1"
1392097513.0,1392097513.0,1
1392097514.0,1392097514.0,"4,3,1"
1392097514.0,1392097514.0,"4,1"
1392097514.0,1392097514.0,"3,1"
1392097514.0,1392097514.0,1
1392097515.0,1392097515.0,"4,3,1"
1392097515.0,1392097515.0,"4,1"
1392097515.0,1392097515.0,"3,1"
1392097515.0,1392097515.0,1
1392097516.0,1392097516.0,"4,3,1"
1392097516.0,1392097516.0,"4,1"
1392097516.0,1392097516.0,"3,1"
1392097516.0,1392097516.0,1
1392097517.0,1392097517.0,"4,3,1"
1392097517.0,1392097517.0,"4,1"
1392097517.0,1392097517.0,"3,1"
1392097517.0,1392097517.0,1
1392097518.0,1392097518.0,"4,3,1"
1392097518.0,1392097518.0,"4,1"
1392097518.0,1392097518.0,"3,1"
1392097518.0,1392097518.0,1
1392097519.0,1392097519.0,"4,3,1"
1392097519.0,1392097519.0,"4,1"
1392097519.0,1392097519.0,"3,1"
1392097519.0,1392097519.0,1
1392097520.0,1392097520.0,"4,3,1"
1392097520.0,1392097520.0,"4,1"
1392097520.0,1392097520.0,"3,1"
1392097520.0,1392097520.0,1
1392097521.0,1392097521.0,"4,3,1"
1392097521.0,1392097521.0,"4,1"
1392097521.0,1392097521.0,"3,1"
1392097521.0,1392097521.0,1
1392097522.0,1392097522.0,"4,3,1"
1392097522.0,1392097522.0,"4,1"
1392097522.0,1392097522.0,"3,1"
1392097522.0,1392097522.0,1
1392097523.0,1392097523.0,"4,3,1"
1392097523.0,1392097523.0,"4,1"
1392097523.0,1392097523.0,"3,1"
1392097523.0,1392097523.0,1
1392097524.0,1392097524.0,"4,3,1"
1392097524.0,1392097524.0,"4,1"
1392097524.0,1392097524.0,"3,1"
1392097524.0,1392097524.0,1
1392097525.0,1392097525.0,"4,3,1"
1392097525.0,1392097525.0,"4,1"
1392097525.0,1392097525.0,"3,1"
1392097525.0,1392097525.0,1
1392097526.0,1392097526.0,"4,3,1"
1392097526.0,1392097526.0,"4,1"
1392097526.0,1392097526.0,"3,1"
1392097526.0,1392097526.0,1
1392097527.0,1392097527.0,"4,3,1"
1392097527.0,1392097527.0,"4,1"
1392097527.0,1392097527.0,"3,1"
1392097527.0,1392097527.0,1
1392097528.0,1392097528.0,"4,3,1"
1392097528.0,1392097528.0,"4,1"
1392097528.0,1392097528.0,"3,1"
1392097528.0,1392097528.0,1
1392097529.0,1392097529.0,"4,3,1"
1392097529.0,1392097529.0,"4,1"
1392097529.0,1392097529.0,"3,1"
1392097529.0,1392097529.0,1
1392097530.0,1392097530.0,"4,3,1"
1392097530.0,1392097530.0,"4,1"
1392097530.0,1392097530.0,"3,1"
1392097530.0,1392097530.0,1
1392097531.0,1392097531.0,"4,3,1"
1392097531.0,1392097531.0,"4,1"
1392097531.0,1392097531.0,"3,1"
1392097531.0,1392097531.0,1
1392097532.0,1392097532.0,"4,3,1"
1392097532.0,1392097532.0,"4,1"
1392097532.0,1392097532.0,"3,1"
1392097532.0,1392097532.0,1
1392097533.0,1392097533.0,"4,3,1"
1392097533.0,1392097533.0,"4,1"
1392097533.0,1392097533.0,"3,1"
1392097533.0,1392097533.0,1
1392097534.0,1392097534.0,"4,3,1"
1392097534.0,1392097534.0,"4,1"
1392097534.0,1392097534.0,"3,1"
1392097534.0,1392097534.0,1
1392097535.0,1392097535.0,"4,3,1"
1392097535.0,1392097535.0,"4,1"
1392097535.0,1392097535.0,"3,1"
1392097535.0,1392097535.0,1
1392097536.0,1392097536.0,"4,3,1"
1392097536.0,1392097536.0,"4,1"
1392097536.0,1392097536.0,"3,1"
1392097536.0,1392097536.0,1
1392097537.0,1392097537.0,"4,3,1"
1392097537.0,1392097537.0,"4,1"
1392097537.0,1392097537.0,"3,1"
1392097537.0,1392097537.0,1
1392097538.0,1392097538.0,"4,3,1"
1392097538.0,1392097538.0,"4,1"
1392097538.0,1392097538.0,"3,1"
1392097538.0,1392097538.0,1
1392097539.0,1392097539.0,"4,3,1"
1392097539.0,1392097539.0,"4,1"
1392097539.0,1392097539.0,"3,1"
1392097539.0,1392097539.0,1
1392097540.0,1392097540.0,"4,3,1"
1392097540.0,1392097540.0,"4,1"
1392097540.0,1392097540.0,"3,1"
1392097540.0,1392097540.0,1
1392097541.0,1392097541.0,"4,3,1"
1392097541.0,1392097541.0,"4,1"
1392097541.0,1392097541.0,"3,1"
1392097541.0,1392097541.0,1
1392097542.0,1392097542.0,"4,3,1"
1392097542.0,1392097542.0,"4,1"
1392097542.0,1392097542.0,"3,1"
1392097542.0,1392097542.0,1
1392097543.0,1392097543.0,"4,3,1"
1392097543.0,1392097543.0,"4,1"
1392097543.0,1392097543.0,"3,1"
1392097543.0,1392097543.0,1
1392097544.0,1392097544.0,"4,3,1"
1392097544.0,1392097544.0,"4,1"
1392097544.0,1392097544.0,"3,1"
1392097544.0,1392097544.0,1
1392097545.0,1392097545.0,"4,3,1"
1392097545.0,1392097545.0,"4,1"
1392097545.0,1392097545.0,"3,1"
1392097545.0,1392097545.0,1
1392097546.0,1392097546.0,"4,3,1"
1392097546.0,1392097546.0,"4,1"
1392097546.0,1392097546.0,"3,1"
1392097546.0,1392097546.0,1
1392097547.0,1392097547.0,"4,3,1"
1392097547.0,1392097547.0,"4,1"
1392097547.0,1392097547.0,"3,1"
1392097547.0,1392097547.0,1
1392097548.0,1392097548.0,"4,3,1"
1392097548.0,1392097548.0,"4,1"
1392097548.0,1392097548.0,"3,1"
1392097548.0,1392097548.0,1
1392097549.0,1392097549.0,"4,3,1"
1392097549.0,1392097549.0,"4,1"
1392097549.0,1392097549.0,"3,1"
1392097549.0,1392097549.0,1
1392097550.0,1392097550.0,"4,3,1"
1392097550.0,1392097550.0,"4,1"
1392097550.0,1392097550.0,"3,1"
1392097550.0,1392097550.0,1
1392097551.0,1392097551.0,"4,3,1"
1392097551.0,1392097551.0,"4,1"
1392097551.0,1392097551.0,"3,1"
1392097551.0,1392097551.0,1
1392097552.0,1392097552.0,"4,3,1"
1392097552.0,1392097552.0,"4,1"
1392097552.0,1392097552.0,"3,1"
1392097552.0,1392097552.0,1
1392097553.0,1392097553.0,"4,3,1"
1392097553.0,1392097553.0,"4,1"
1392097553.0,1392097553.0,"3,1"
1392097553.0,1392097553.0,1
1392097554.0,1392097554.0,"4,3,1"
1392097554.0,1392097554.0,"4,1"
1392097554.0,1392097554.0,"3,1"
1392097554.0,1392097554.0,1
1392097555.0,1392097555.0,"4,3,1"
1392097555.0,1392097555.0,"4,1"
1392097555.0,1392097555.0,"3,1"
1392097555.0,1392097555.0,1
1392097556.0,1392097556.0,"4,3,1"
1392097556.0,1392097556.0,"4,1"
1392097556.0,1392097556.0,"3,1"
1392097556.0,1392097556.0,1
1392097557.0,1392097557.0,"4,3,1"
1392097557.0,1392097557.0,"4,1"
1392097557.0,1392097557.0,"3,1"
1392097557.0,1392097557.0,1
1392097558.0,1392097558.0,"4,3,1"
1392097558.0,1392097558.0,"4,1"
1392097558.0,1392097558.0,"3,1"
1392097558.0,1392097558.0,1
1392097559.0,1392097559.0,"4,3,1"
1392097559.0,1392097559.0,"4,1"
1392097559.0,1392097559.0,"3,1"
1392097559.0,1392097559.0,1
1392097560.0,1392097560.0,"4,3,1"
1392097560.0,1392097560.0,"4,1"
1392097560.0,1392097560.0,"3,1"
1392097560.0,1392097560.0,1
1392097561.0,1392097561.0,"4,3,1"
1392097561.0,1392097561.0,"4,1"
1392097561.0,1392097561.0,"3,1"
1392097561.0,1392097561.0,1
1392097562.0,1392097562.0,"4,3,1"
1392097562.0,1392097562.0,"4,1"
1392097562.0,1392097562.0,"3,1"
1392097562.0,1392097562.0,1
1392097563.0,1392097563.0,"4,3,1"
1392097563.0,1392097563.0,"4,1"
1392097563.0,1392097563.0,"3,1"
1392097563.0,1392097563.0,1
1392097564.0,1392097564.0,"4,3,1"
1392097564.0,1392097564.0,"4,1"
1392097564.0,1392097564.0,"3,1"
1392097564.0,1392097564.0,1
1392097565.0,1392097565.0,"4,3,1"
1392097565.0,1392097565.0,"4,1"
1392097565.0,1392097565.0,"3,1"
1392097565.0,1392097565.0,1
1392097566.0,1392097566.0,"4,3,1"
1392097566.0,1392097566.0,"4,1"
1392097566.0,1392097566.0,"3,1"
1392097566.0,1392097566.0,1
1392097567.0,1392097567.0,"4,3,1"
1392097567.0,1392097567.0,"4,1"
1392097567.0,1392097567.0,"3,1"
1392097567.0,1392097567.0,1
1392097568.0,1392097568.0,"4,3,1"
1392097568.0,1392097568.0,"4,1"
1392097568.0,1392097568.0,"3,1"
1392097568.0,1392097568.0,1
1392097569.0,1392097569.0,"4,3,1"
1392097569.0,1392097569.0,"4,1"
1392097569.0,1392097569.0,"3,1"
1392097569.0,1392097569.0,1
1392097570.0,1392097570.0,"4,3,1"
1392097570.0,1392097570.0,"4,1"
1392097570.0,1392097570.0,"3,1"
1392097570.0,1392097570.0,1
1392097571.0,1392097571.0,"4,3,1"
1392097571.0,1392097571.0,"4,1"
1392097571.0,1392097571.0,"3,1"
1392097571.0,1392097571.0,1
1392097572.0,1392097572.0,"4,3,1"
1392097572.0,1392097572.0,"4,1"
1392097572.0,1392097572.0,"3,1"
1392097572.0,1392097572.0,1
1392097573.0,1392097573.0,"4,3,1"
1392097573.0,1392097573.0,"4,1"
1392097573.0,1392097573.0,"3,1"
1392097573.0,1392097573.0,1
1392097574.0,1392097574.0,"4,3,1"
1392097574.0,1392097574.0,"4,1"
1392097574.0,1392097574.0,"3,1"
1392097574.0,1392097574.0,1
1392097575.0,1392097575.0,"4,3,1"
1392097575.0,1392097575.0,"4,1"
1392097575.0,1392097575.0,"3,1"
1392097575.0,1392097575.0,1
1392097576.0,1392097576.0,"4,3,1"
1392097576.0,1392097576.0,"4,1"
1392097576.0,1392097576.0,"3,1"
1392097576.0,1392097576.0,1
1392097577.0,1392097577.0,"4,3,1"
1392097577.0,1392097577.0,"4,1"
1392097577.0,1392097577.0,"3,1"
1392097577.0,1392097577.0,1
1392097578.0,1392097578.0,"4,3,1"
1392097578.0,1392097578.0,"4,1"
1392097578.0,1392097578.0,"3,1"
1392097578.0,1392097578.0,1
1392097579.0,1392097579.0,"4,3,1"
1392097579.0,1392097579.0,"4,1"
1392097579.0,1392097579.0,"3,1"
1392097579.0,1392097579.0,1
1392097580.0,1392097580.0,"4,3,1"
1392097580.0,1392097580.0,"4,1"
1392097580.0,1392097580.0,"3,1"
1392097580.0,1392097580.0,1
1392097581.0,1392097581.0,"4,3,1"
1392097581.0,1392097581.0,"4,1"
1392097581.0,1392097581.0,"3,1"
1392097581.0,1392097581.0,1
1392097582.0,1392097582.0,"4,3,1"
1392097582.0,1392097582.0,"4,1"
1392097582.0,1392097582.0,"3,1"
1392097582.0,1392097582.0,1
1392097583.0,1392097583.0,"4,3,1"
1392097583.0,1392097583.0,"4,1"
1392097583.0,1392097583.0,"3,1"
1392097583.0,1392097583.0,1
1392097584.0,1392097584.0,"4,3,1"
1392097584.0,1392097584.0,"4,1"
1392097584.0,1392097584.0,"3,1"
1392097584.0,1392097584.0,1
1392097585.0,1392097585.0,"4,3,1"
1392097585.0,1392097585.0,"4,1"
1392097585.0,1392097585.0,"3,1"
1392097585.0,1392097585.0,1
1392097586.0,1392097586.0,"4,3,1"
1392097586.0,1392097586.0,"4,1"
1392097586.0,1392097586.0,"3,1"
1392097586.0,1392097586.0,1
1392097587.0,1392097587.0,"4,3,1"
1392097587.0,1392097587.0,"4,1"
1392097587.0,1392097587.0,"3,1"
1392097587.0,1392097587.0,1
1392097588.0,1392097588.0,"4,3,1"
1392097588.0,1392097588.0,"4,1"
1392097588.0,1392097588.0,"3,1"
1392097588.0,1392097588.0,1
1392097589.0,1392097589.0,"4,3,1"
1392097589.0,1392097589.0,"4,1"
1392097589.0,1392097589.0,"3,1"
1392097589.0,1392097589.0,1
1392097590.0,1392097590.0,"4,3,1"
1392097590.0,1392097590.0,"4,1"
1392097590.0,1392097590.0,"3,1"
1392097590.0,1392097590.0,1
1392097591.0,1392097591.0,"4,3,1"
1392097591.0,1392097591.0,"4,1"
1392097591.0,1392097591.0,"3,1"
1392097591.0,1392097591.0,1
1392097592.0,1392097592.0,"4,3,1"
1392097592.0,1392097592.0,"4,1"
1392097592.0,1392097592.0,"3,1"
1392097592.0,1392097592.0,1
1392097593.0,1392097593.0,"4,3,1"
1392097593.0,1392097593.0,"4,1"
1392097593.0,1392097593.0,"3,1"
1392097593.0,1392097593.0,1
1392097594.0,1392097594.0,"4,3,1"
1392097594.0,1392097594.0,"4,1"
1392097594.0,1392097594.0,"3,1"
1392097594.0,1392097594.0,1
1392097595.0,1392097595.0,"4,3,1"
1392097595.0,1392097595.0,"4,1"
1392097595.0,1392097595.0,"3,1"
1392097595.0,1392097595.0,1
1392097596.0,1392097596.0,"4,3,1"
1392097596.0,1392097596.0,"4,1"
1392097596.0,1392097596.0,"3,1"
1392097596.0,1392097596.0,1
1392097597.0,1392097597.0,"4,3,1"
1392097597.0,1392097597.0,"4,1"
1392097597.0,1392097597.0,"3,1"
1392097597.0,1392097597.0,1
1392097598.0,1392097598.0,"4,3,1"
1392097598.0,1392097598.0,"4,1"
1392097598.0,1392097598.0,"3,1"
1392097598.0,1392097598.0,1
1392097599.0,1392097599.0,"4,3,1"
1392097599.0,1392097599.0,"4,1"
1392097599.0,1392097599.0,"3,1"
1392097599.0,1392097599.0,1
1392097600.0,1392097600.0,"4,3,1"
1392097600.0,1392097600.0,"4,1"
1392097600.0,1392097600.0,"3,1"
1392097600.0,1392097600.0,1
1392097601.0,1392097601.0,"4,3,1"
1392097601.0,1392097601.0,"4,1"
1392097601.0,1392097601.0,"3,1"
1392097601.0,1392097601.0,1
1392097602.0,1392097602.0,"4,3,1"
1392097602.0,1392097602.0,"4,1"
1392097602.0,1392097602.0,"3,1"
1392097602.0,1392097602.0,1
1392097603.0,1392097603.0,"4,3,1"
1392097603.0,1392097603.0,"4,1"
1392097603.0,1392097603.0,"3,1"
1392097603.0,1392097603.0,1
1392097604.0,1392097604.0,"4,3,1"
1392097604.0,1392097604.0,"4,1"
1392097604.0,1392097604.0,"3,1"
1392097604.0,1392097604.0,1
1392097605.0,1392097605.0,"4,3,1"
1392097605.0,1392097605.0,"4,1"
1392097605.0,1392097605.0,"3,1"
1392097605.0,1392097605.0,1
1392097606.0,1392097606.0,"4,3,1"
1392097606.0,1392097606.0,"4,1"
1392097606.0,1392097606.0,"3,1"
1392097606.0,1392097606.0,1
1392097607.0,1392097607.0,"4,3,1"
1392097607.0,1392097607.0,"4,1"
1392097607.0,1392097607.0,"3,1"
1392097607.0,1392097607.0,1
1392097608.0,1392097608.0,"4,3,1"
1392097608.0,1392097608.0,"4,1"
1392097608.0,1392097608.0,"3,1"
1392097608.0,1392097608.0,1
1392097609.0,1392097609.0,"4,3,1"
1392097609.0,1392097609.0,"4,1"
1392097609.0,1392097609.0,"3,1"
1392097609.0,1392097609.0,1
1392097610.0,1392097610.0,"4,3,1"
1392097610.0,1392097610.0,"4,1"
1392097610.0,1392097610.0,"3,1"
1392097610.0,1392097610.0,1
1392097611.0,1392097611.0,"4,3,1"
1392097611.0,1392097611.0,"4,1"
1392097611.0,1392097611.0,"3,1"
1392097611.0,1392097611.0,1
1392097612.0,1392097612.0,"4,3,1"
1392097612.0,1392097612.0,"4,1"
1392097612.0,1392097612.0,"3,1"
1392097612.0,1392097612.0,1
1392097613.0,1392097613.0,"4,3,1"
1392097613.0,1392097613.0,"4,1"
1392097613.0,1392097613.0,"3,1"
1392097613.0,1392097613.0,1
1392097614.0,1392097614.0,"4,3,1"
1392097614.0,1392097614.0,"4,1"
1392097614.0,1392097614.0,"3,1"
1392097614.0,1392097614.0,1
1392097615.0,1392097615.0,"4,3,1"
1392097615.0,1392097615.0,"4,1"
1392097615.0,1392097615.0,"3,1"
1392097615.0,1392097615.0,1
1392097616.0,1392097616.0,"4,3,1"
1392097616.0,1392097616.0,"4,1"
1392097616.0,1392097616.0,"3,1"
1392097616.0,1392097616.0,1
1392097617.0,1392097617.0,"4,3,1"
1392097617.0,1392097617.0,"4,1"
1392097617.0,1392097617.0,"3,1"
1392097617.0,1392097617.0,1
1392097618.0,1392097618.0,"4,3,1"
1392097618.0,1392097618.0,"4,1"
1392097618.0,1392097618.0,"3,1"
1392097618.0,1392097618.0,1
1392097619.0,1392097619.0,"4,3,1"
1392097619.0,1392097619.0,"4,1"
1392097619.0,1392097619.0,"3,1"
1392097619.0,1392097619.0,1
1392097620.0,1392097620.0,"4,3,1"
1392097620.0,1392097620.0,"4,1"
1392097620.0,1392097620.0,"3,1"
1392097620.0,1392097620.0,1
1392097621.0,1392097621.0,"4,3,1"
1392097621.0,1392097621.0,"4,1"
1392097621.0,1392097621.0,"3,1"
1392097621.0,1392097621.0,1
1392097622.0,1392097622.0,"4,3,1"
1392097622.0,1392097622.0,"4,1"
1392097622.0,1392097622.0,"3,1"
1392097622.0,1392097622.0,1
1392097623.0,1392097623.0,"4,3,1"
1392097623.0,1392097623.0,"4,1"
1392097623.0,1392097623.0,"3,1"
1392097623.0,1392097623.0,1
1392097624.0,1392097624.0,"4,3,1"
1392097624.0,1392097624.0,"4,1"
1392097624.0,1392097624.0,"3,1"
1392097624.0,1392097624.0,1
1392097625.0,1392097625.0,"4,3,1"
1392097625.0,1392097625.0,"4,1"
1392097625.0,1392097625.0,"3,1"
1392097625.0,1392097625.0,1
1392097626.0,1392097626.0,"4,3,1"
1392097626.0,1392097626.0,"4,1"
1392097626.0,1392097626.0,"3,1"
1392097626.0,1392097626.0,1
1392097627.0,1392097627.0,"4,3,1"
1392097627.0,1392097627.0,"4,1"
1392097627.0,1392097627.0,"3,1"
1392097627.0,1392097627.0,1
1392097628.0,1392097628.0,"4,3,1"
1392097628.0,1392097628.0,"4,1"
1392097628.0,1392097628.0,"3,1"
1392097628.0,1392097628.0,1
1392097629.0,1392097629.0,"4,3,1"
1392097629.0,1392097629.0,"4,1"
1392097629.0,1392097629.0,"3,1"
1392097629.0,1392097629.0,1
1392097630.0,1392097630.0,"4,3,1"
1392097630.0,1392097630.0,"4,1"
1392097630.0,1392097630.0,"3,1"
1392097630.0,1392097630.0,1
1392097631.0,1392097631.0,"4,3,1"
1392097631.0,1392097631.0,"4,1"
1392097631.0,1392097631.0,"3,1"
1392097631.0,1392097631.0,1
1392097632.0,1392097632.0,"4,3,1"
1392097632.0,1392097632.0,"4,1"
1392097632.0,1392097632.0,"3,1"
1392097632.0,1392097632.0,1
1392097633.0,1392097633.0,"4,3,1"
1392097633.0,1392097633.0,"4,1"
1392097633.0,1392097633.0,"3,1"
1392097633.0,1392097633.0,1
1392097634.0,1392097634.0,"4,3,1"
1392097634.0,1392097634.0,"4,1"
1392097634.0,1392097634.0,"3,1"
1392097634.0,1392097634.0,1
1392097635.0,1392097635.0,"4,3,1"
1392097635.0,1392097635.0,"4,1"
1392097635.0,1392097635.0,"3,1"
1392097635.0,1392097635.0,1
1392097636.0,1392097636.0,"4,3,1"
1392097636.0,1392097636.0,"4,1"
1392097636.0,1392097636.0,"3,1"
1392097636.0,1392097636.0,1
1392097637.0,1392097637.0,"4,3,1"
1392097637.0,1392097637.0,"4,1"
1392097637.0,1392097637.0,"3,1"
1392097637.0,1392097637.0,1
1392097638.0,1392097638.0,"4,3,1"
1392097638.0,1392097638.0,"4,1"
1392097638.0,1392097638.0,"3,1"
1392097638.0,1392097638.0,1
1392097639.0,1392097639.0,"4,3,1"
1392097639.0,1392097639.0,"4,1"
1392097639.0,1392097639.0,"3,1"
1392097639.0,1392097639.0,1
1392097640.0,1392097640.0,"4,3,1"
1392097640.0,1392097640.0,"4,1"
1392097640.0,1392097640.0,"3,1"
1392097640.0,1392097640.0,1
1392097641.0,1392097641.0,"4,3,1"
1392097641.0,1392097641.0,"4,1"
1392097641.0,1392097641.0,"3,1"
1392097641.0,1392097641.0,1
1392097642.0,1392097642.0,"4,3,1"
1392097642.0,1392097642.0,"4,1"
1392097642.0,1392097642.0,"3,1"
1392097642.0,1392097642.0,1
1392097643.0,1392097643.0,"4,3,1"
1392097643.0,1392097643.0,"4,1"
1392097643.0,1392097643.0,"3,1"
1392097643.0,1392097643.0,1
1392097644.0,1392097644.0,"4,3,1"
1392097644.0,1392097644.0,"4,1"
1392097644.0,1392097644.0,"3,1"
1392097644.0,1392097644.0,1
1392097645.0,1392097645.0,"4,3,1"
1392097645.0,1392097645.0,"4,1"
1392097645.0,1392097645.0,"3,1"
1392097645.0,1392097645.0,1
1392097646.0,1392097646.0,"4,3,1"
1392097646.0,1392097646.0,"4,1"
1392097646.0,1392097646.0,"3,1"
1392097646.0,1392097646.0,1
1392097647.0,1392097647.0,"4,3,1"
1392097647.0,1392097647.0,"4,1"
1392097647.0,1392097647.0,"3,1"
1392097647.0,1392097647.0,1
1392097648.0,1392097648.0,"4,3,1"
1392097648.0,1392097648.0,"4,1"
1392097648.0,1392097648.0,"3,1"
1392097648.0,1392097648.0,1
1392097649.0,1392097649.0,"4,3,1"
1392097649.0,1392097649.0,"4,1"
1392097649.0,1392097649.0,"3,1"
1392097649.0,1392097649.0,1
1392097650.0,1392097650.0,"4,3,1"
1392097650.0,1392097650.0,"4,1"
1392097650.0,1392097650.0,"3,1"
1392097650.0,1392097650.0,1
1392097651.0,1392097651.0,"4,3,1"
1392097651.0,1392097651.0,"4,1"
1392097651.0,1392097651.0,"3,1"
1392097651.0,1392097651.0,1
1392097652.0,1392097652.0,"4,3,1"
1392097652.0,1392097652.0,"4,1"
1392097652.0,1392097652.0,"3,1"
1392097652.0,1392097652.0,1
1392097653.0,1392097653.0,"4,3,1"
1392097653.0,1392097653.0,"4,1"
1392097653.0,1392097653.0,"3,1"
1392097653.0,1392097653.0,1
1392097654.0,1392097654.0,"4,3,1"
1392097654.0,1392097654.0,"4,1"
1392097654.0,1392097654.0,"3,1"
1392097654.0,1392097654.0,1
1392097655.0,1392097655.0,"4,3,1"
1392097655.0,1392097655.0,"4,1"
1392097655.0,1392097655.0,"3,1"
1392097655.0,1392097655.0,1
1392097656.0,1392097656.0,"4,3,1"
1392097656.0,1392097656.0,"4,1"
1392097656.0,1392097656.0,"3,1"
1392097656.0,1392097656.0,1
1392097657.0,1392097657.0,"4,3,1"
1392097657.0,1392097657.0,"4,1"
1392097657.0,1392097657.0,"3,1"
1392097657.0,1392097657.0,1
1392097658.0,1392097658.0,"4,3,1"
1392097658.0,1392097658.0,"4,1"
1392097658.0,1392097658.0,"3,1"
1392097658.0,1392097658.0,1
1392097659.0,1392097659.0,"4,3,1"
1392097659.0,1392097659.0,"4,1"
1392097659.0,1392097659.0,"3,1"
1392097659.0,1392097659.0,1
1392097660.0,1392097660.0,"4,3,1"
1392097660.0,1392097660.0,"4,1"
1392097660.0,1392097660.0,"3,1"
1392097660.0,1392097660.0,1
1392097661.0,1392097661.0,"4,3,1"
1392097661.0,1392097661.0,"4,1"
1392097661.0,1392097661.0,"3,1"
1392097661.0,1392097661.0,1
1392097662.0,1392097662.0,"4,3,1"
1392097662.0,1392097662.0,"4,1"
1392097662.0,1392097662.0,"3,1"
1392097662.0,1392097662.0,1
1392097663.0,1392097663.0,"4,3,1"
1392097663.0,1392097663.0,"4,1"
1392097663.0,1392097663.0,"3,1"
1392097663.0,1392097663.0,1
1392097664.0,1392097664.0,"4,3,1"
1392097664.0,1392097664.0,"4,1"
1392097664.0,1392097664.0,"3,1"
1392097664.0,1392097664.0,1
1392097665.0,1392097665.0,"4,3,1"
1392097665.0,1392097665.0,"4,1"
1392097665.0,1392097665.0,"3,1"
1392097665.0,1392097665.0,1
1392097666.0,1392097666.0,"4,3,1"
1392097666.0,1392097666.0,"4,1"
1392097666.0,1392097666.0,"3,1"
1392097666.0,1392097666.0,1
1392097667.0,1392097667.0,"4,3,1"
1392097667.0,1392097667.0,"4,1"
1392097667.0,1392097667.0,"3,1"
1392097667.0,1392097667.0,1
1392097668.0,1392097668.0,"4,3,1"
1392097668.0,1392097668.0,"4,1"
1392097668.0,1392097668.0,"3,1"
1392097668.0,1392097668.0,1
1392097669.0,1392097669.0,"4,3,1"
1392097669.0,1392097669.0,"4,1"
1392097669.0,1392097669.0,"3,1"
1392097669.0,1392097669.0,1
1392097670.0,1392097670.0,"4,3,1"
1392097670.0,1392097670.0,"4,1"
1392097670.0,1392097670.0,"3,1"
1392097670.0,1392097670.0,1
1392097671.0,1392097671.0,"4,3,1"
1392097671.0,1392097671.0,"4,1"
1392097671.0,1392097671.0,"3,1"
1392097671.0,1392097671.0,1
1392097672.0,1392097672.0,"4,3,1"
1392097672.0,1392097672.0,"4,1"
1392097672.0,1392097672.0,"3,1"
1392097672.0,1392097672.0,1
1392097673.0,1392097673.0,"4,3,1"
1392097673.0,1392097673.0,"4,1"
1392097673.0,1392097673.0,"3,1"
1392097673.0,1392097673.0,1
1392097674.0,1392097674.0,"4,3,1"
1392097674.0,1392097674.0,"4,1"
1392097674.0,1392097674.0,"3,1"
1392097674.0,1392097674.0,1
1392097675.0,1392097675.0,"4,3,1"
1392097675.0,1392097675.0,"4,1"
1392097675.0,1392097675.0,"3,1"
1392097675.0,1392097675.0,1
1392097676.0,1392097676.0,"4,3,1"
1392097676.0,1392097676.0,"4,1"
1392097676.0,1392097676.0,"3,1"
1392097676.0,1392097676.0,1
1392097677.0,1392097677.0,"4,3,1"
1392097677.0,1392097677.0,"4,1"
1392097677.0,1392097677.0,"3,1"
1392097677.0,1392097677.0,1
1392097678.0,1392097678.0,"4,3,1"
1392097678.0,1392097678.0,"4,1"
1392097678.0,1392097678.0,"3,1"
1392097678.0,1392097678.0,1
1392097679.0,1392097679.0,"4,3,1"
1392097679.0,1392097679.0,"4,1"
1392097679.0,1392097679.0,"3,1"
1392097679.0,1392097679.0,1
1392097680.0,1392097680.0,"4,3,1"
1392097680.0,1392097680.0,"4,1"
1392097680.0,1392097680.0,"3,1"
1392097680.0,1392097680.0,1
1392097681.0,1392097681.0,"4,3,1"
1392097681.0,1392097681.0,"4,1"
1392097681.0,1392097681.0,"3,1"
1392097681.0,1392097681.0,1
1392097682.0,1392097682.0,"4,3,1"
1392097682.0,1392097682.0,"4,1"
1392097682.0,1392097682.0,"3,1"
1392097682.0,1392097682.0,1
1392097683.0,1392097683.0,"4,3,1"
1392097683.0,1392097683.0,"4,1"
1392097683.0,1392097683.0,"3,1"
1392097683.0,1392097683.0,1
1392097684.0,1392097684.0,"4,3,1"
1392097684.0,1392097684.0,"4,1"
1392097684.0,1392097684.0,"3,1"
1392097684.0,1392097684.0,1
1392097685.0,1392097685.0,"4,3,1"
1392097685.0,1392097685.0,"4,1"
1392097685.0,1392097685.0,"3,1"
1392097685.0,1392097685.0,1
1392097686.0,1392097686.0,"4,3,1"
1392097686.0,1392097686.0,"4,1"
1392097686.0,1392097686.0,"3,1"
1392097686.0,1392097686.0,1
1392097687.0,1392097687.0,"4,3,1"
1392097687.0,1392097687.0,"4,1"
1392097687.0,1392097687.0,"3,1"
1392097687.0,1392097687.0,1
1392097688.0,1392097688.0,"4,3,1"
1392097688.0,1392097688.0,"4,1"
1392097688.0,1392097688.0,"3,1"
1392097688.0,1392097688.0,1
1392097689.0,1392097689.0,"4,3,1"
1392097689.0,1392097689.0,"4,1"
1392097689.0,1392097689.0,"3,1"
1392097689.0,1392097689.0,1
1392097690.0,1392097690.0,"4,3,1"
1392097690.0,1392097690.0,"4,1"
1392097690.0,1392097690.0,"3,1"
1392097690.0,1392097690.0,1
1392097691.0,1392097691.0,"4,3,1"
1392097691.0,1392097691.0,"4,1"
1392097691.0,1392097691.0,"3,1"
1392097691.0,1392097691.0,1
1392097692.0,1392097692.0,"4,3,1"
1392097692.0,1392097692.0,"4,1"
1392097692.0,1392097692.0,"3,1"
1392097692.0,1392097692.0,1
1392097693.0,1392097693.0,"4,3,1"
1392097693.0,1392097693.0,"4,1"
1392097693.0,1392097693.0,"3,1"
1392097693.0,1392097693.0,1
1392097694.0,1392097694.0,"4,3,1"
1392097694.0,1392097694.0,"4,1"
1392097694.0,1392097694.0,"3,1"
1392097694.0,1392097694.0,1
1392097695.0,1392097695.0,"4,3,1"
1392097695.0,1392097695.0,"4,1"
1392097695.0,1392097695.0,"3,1"
1392097695.0,1392097695.0,1
1392097696.0,1392097696.0,"4,3,1"
1392097696.0,1392097696.0,"4,1"
1392097696.0,1392097696.0,"3,1"
1392097696.0,1392097696.0,1
1392097697.0,1392097697.0,"4,3,1"
1392097697.0,1392097697.0,"4,1"
1392097697.0,1392097697.0,"3,1"
1392097697.0,1392097697.0,1
1392097698.0,1392097698.0,"4,3,1"
1392097698.0,1392097698.0,"4,1"
1392097698.0,1392097698.0,"3,1"
1392097698.0,1392097698.0,1
1392097699.0,1392097699.0,"4,3,1"
1392097699.0,1392097699.0,"4,1"
1392097699.0,1392097699.0,"3,1"
1392097699.0,1392097699.0,1
1392097700.0,1392097700.0,"4,3,1"
1392097700.0,1392097700.0,"4,1"
1392097700.0,1392097700.0,"3,1"
1392097700.0,1392097700.0,1
1392097701.0,1392097701.0,"4,3,1"
1392097701.0,1392097701.0,"4,1"
1392097701.0,1392097701.0,"3,1"
1392097701.0,1392097701.0,1
1392097702.0,1392097702.0,"4,3,1"
1392097702.0,1392097702.0,"4,1"
1392097702.0,1392097702.0,"3,1"
1392097702.0,1392097702.0,1
1392097703.0,1392097703.0,"4,3,1"
1392097703.0,1392097703.0,"4,1"
1392097703.0,1392097703.0,"3,1"
1392097703.0,1392097703.0,1
1392097704.0,1392097704.0,"4,3,1"
1392097704.0,1392097704.0,"4,1"
1392097704.0,1392097704.0,"3,1"
1392097704.0,1392097704.0,1
1392097705.0,1392097705.0,"4,3,1"
1392097705.0,1392097705.0,"4,1"
1392097705.0,1392097705.0,"3,1"
1392097705.0,1392097705.0,1
1392097706.0,1392097706.0,"4,3,1"
1392097706.0,1392097706.0,"4,1"
1392097706.0,1392097706.0,"3,1"
1392097706.0,1392097706.0,1
1392097707.0,1392097707.0,"4,3,1"
1392097707.0,1392097707.0,"4,1"
1392097707.0,1392097707.0,"3,1"
1392097707.0,1392097707.0,1
1392097708.0,1392097708.0,"4,3,1"
1392097708.0,1392097708.0,"4,1"
1392097708.0,1392097708.0,"3,1"
1392097708.0,1392097708.0,1
1392097709.0,1392097709.0,"4,3,1"
1392097709.0,1392097709.0,"4,1"
1392097709.0,1392097709.0,"3,1"
1392097709.0,1392097709.0,1
1392097710.0,1392097710.0,"4,3,1"
1392097710.0,1392097710.0,"4,1"
1392097710.0,1392097710.0,"3,1"
1392097710.0,1392097710.0,1
1392097711.0,1392097711.0,"4,3,1"
1392097711.0,1392097711.0,"4,1"
1392097711.0,1392097711.0,"3,1"
1392097711.0,1392097711.0,1
1392097712.0,1392097712.0,"4,3,1"
1392097712.0,1392097712.0,"4,1"
1392097712.0,1392097712.0,"3,1"
1392097712.0,1392097712.0,1
1392097713.0,1392097713.0,"4,3,1"
1392097713.0,1392097713.0,"4,1"
1392097713.0,1392097713.0,"3,1"
1392097713.0,1392097713.0,1
1392097714.0,1392097714.0,"4,3,1"
1392097714.0,1392097714.0,"4,1"
1392097714.0,1392097714.0,"3,1"
1392097714.0,1392097714.0,1
1392097715.0,1392097715.0,"4,3,1"
1392097715.0,1392097715.0,"4,1"
1392097715.0,1392097715.0,"3,1"
1392097715.0,1392097715.0,1
1392097716.0,1392097716.0,"4,3,1"
1392097716.0,1392097716.0,"4,1"
1392097716.0,1392097716.0,"3,1"
1392097716.0,1392097716.0,1
1392097717.0,1392097717.0,"4,3,1"
1392097717.0,1392097717.0,"4,1"
1392097717.0,1392097717.0,"3,1"
1392097717.0,1392097717.0,1
1392097718.0,1392097718.0,"4,3,1"
1392097718.0,1392097718.0,"4,1"
1392097718.0,1392097718.0,"3,1"
1392097718.0,1392097718.0,1
1392097719.0,1392097719.0,"4,3,1"
1392097719.0,1392097719.0,"4,1"
1392097719.0,1392097719.0,"3,1"
1392097719.0,1392097719.0,1
1392097720.0,1392097720.0,"4,3,1"
1392097720.0,1392097720.0,"4,1"
1392097720.0,1392097720.0,"3,1"
1392097720.0,1392097720.0,1
1392097721.0,1392097721.0,"4,3,1"
1392097721.0,1392097721.0,"4,1"
1392097721.0,1392097721.0,"3,1"
1392097721.0,1392097721.0,1
1392097722.0,1392097722.0,"4,3,1"
1392097722.0,1392097722.0,"4,1"
1392097722.0,1392097722.0,"3,1"
1392097722.0,1392097722.0,1
1392097723.0,1392097723.0,"4,3,1"
1392097723.0,1392097723.0,"4,1"
1392097723.0,1392097723.0,"3,1"
1392097723.0,1392097723.0,1
1392097724.0,1392097724.0,"4,3,1"
1392097724.0,1392097724.0,"4,1"
1392097724.0,1392097724.0,"3,1"
1392097724.0,1392097724.0,1
1392097725.0,1392097725.0,"4,3,1"
1392097725.0,1392097725.0,"4,1"
1392097725.0,1392097725.0,"3,1"
1392097725.0,1392097725.0,1
1392097726.0,1392097726.0,"4,3,1"
1392097726.0,1392097726.0,"4,1"
1392097726.0,1392097726.0,"3,1"
1392097726.0,1392097726.0,1
1392097727.0,1392097727.0,"4,3,1"
1392097727.0,1392097727.0,"4,1"
1392097727.0,1392097727.0,"3,1"
1392097727.0,1392097727.0,1
1392097728.0,1392097728.0,"4,3,1"
1392097728.0,1392097728.0,"4,1"
1392097728.0,1392097728.0,"3,1"
1392097728.0,1392097728.0,1
1392097729.0,1392097729.0,"4,3,1"
1392097729.0,1392097729.0,"4,1"
1392097729.0,1392097729.0,"3,1"
1392097729.0,1392097729.0,1
1392097730.0,1392097730.0,"4,3,1"
1392097730.0,1392097730.0,"4,1"
1392097730.0,1392097730.0,"3,1"
1392097730.0,1392097730.0,1
1392097731.0,1392097731.0,"4,3,1"
1392097731.0,1392097731.0,"4,1"
1392097731.0,1392097731.0,"3,1"
1392097731.0,1392097731.0,1
1392097732.0,1392097732.0,"4,3,1"
1392097732.0,1392097732.0,"4,1"
1392097732.0,1392097732.0,"3,1"
1392097732.0,1392097732.0,1
1392097733.0,1392097733.0,"4,3,1"
1392097733.0,1392097733.0,"4,1"
1392097733.0,1392097733.0,"3,1"
1392097733.0,1392097733.0,1
1392097734.0,1392097734.0,"4,3,1"
1392097734.0,1392097734.0,"4,1"
1392097734.0,1392097734.0,"3,1"
1392097734.0,1392097734.0,1
1392097735.0,1392097735.0,"4,3,1"
1392097735.0,1392097735.0,"4,1"
1392097735.0,1392097735.0,"3,1"
1392097735.0,1392097735.0,1
1392097736.0,1392097736.0,"4,3,1"
1392097736.0,1392097736.0,"4,1"
1392097736.0,1392097736.0,"3,1"
1392097736.0,1392097736.0,1
1392097737.0,1392097737.0,"4,3,1"
1392097737.0,1392097737.0,"4,1"
1392097737.0,1392097737.0,"3,1"
1392097737.0,1392097737.0,1
1392097738.0,1392097738.0,"4,3,1"
1392097738.0,1392097738.0,"4,1"
1392097738.0,1392097738.0,"3,1"
1392097738.0,1392097738.0,1
1392097739.0,1392097739.0,"4,3,1"
1392097739.0,1392097739.0,"4,1"
1392097739.0,1392097739.0,"3,1"
1392097739.0,1392097739.0,1
