1392115999.0,1392115999.0.1,"6,3"
1392115999.0,1392115999.0,6
1392116000.0,1392116000.0,"6,3"
1392116000.0,1392116000.0,6
1392116001.0,1392116001.0,"6,3"
1392116001.0,1392116001.0,6
1392116002.0,1392116002.0,"6,3"
1392116002.0,1392116002.0,6
1392116003.0,1392116003.0,"6,3"
1392116003.0,1392116003.0,6
1392116004.0,1392116004.0,"6,3"
1392116004.0,1392116004.0,6
1392116005.0,1392116005.0,"6,3"
1392116005.0,1392116005.0,6
1392116006.0,1392116006.0,"6,3"
1392116006.0,1392116006.0,6
1392116007.0,1392116007.0,"6,3"
1392116007.0,1392116007.0,6
1392116008.0,1392116008.0,"6,3"
1392116008.0,1392116008.0,6
1392116009.0,1392116009.0,"6,3"
1392116009.0,1392116009.0,6
1392116010.0,1392116010.0,"6,3"
1392116010.0,1392116010.0,6
1392116011.0,1392116011.0,"6,3"
1392116011.0,1392116011.0,6
1392116012.0,1392116012.0,"6,3"
1392116012.0,1392116012.0,6
1392116013.0,1392116013.0,"6,3"
1392116013.0,1392116013.0,6
1392116014.0,1392116014.0,"6,3"
1392116014.0,1392116014.0,6
1392116015.0,1392116015.0,"6,3"
1392116015.0,1392116015.0,6
1392116016.0,1392116016.0,"6,3"
1392116016.0,1392116016.0,6
1392116017.0,1392116017.0,"6,3"
1392116017.0,1392116017.0,6
1392116018.0,1392116018.0,"6,3"
1392116018.0,1392116018.0,6
1392116019.0,1392116019.0,"6,3"
1392116019.0,1392116019.0,6
1392116020.0,1392116020.0,"6,3"
1392116020.0,1392116020.0,6
1392116021.0,1392116021.0,"6,3"
1392116021.0,1392116021.0,6
1392116022.0,1392116022.0,"6,3"
1392116022.0,1392116022.0,6
1392116023.0,1392116023.0,"6,3"
1392116023.0,1392116023.0,6
1392116024.0,1392116024.0,"6,3"
1392116024.0,1392116024.0,6
1392116025.0,1392116025.0,"6,3"
1392116025.0,1392116025.0,6
1392116026.0,1392116026.0,"6,3"
1392116026.0,1392116026.0,6
1392116027.0,1392116027.0,"6,3"
1392116027.0,1392116027.0,6
1392116028.0,1392116028.0,"6,3"
1392116028.0,1392116028.0,6
1392116029.0,1392116029.0,"6,3"
1392116029.0,1392116029.0,6
1392116030.0,1392116030.0,"6,3"
1392116030.0,1392116030.0,6
1392116031.0,1392116031.0,"6,3"
1392116031.0,1392116031.0,6
1392116032.0,1392116032.0,"6,3"
1392116032.0,1392116032.0,6
1392116033.0,1392116033.0,"6,3"
1392116033.0,1392116033.0,6
1392116034.0,1392116034.0,"6,3"
1392116034.0,1392116034.0,6
1392116035.0,1392116035.0,"6,3"
1392116035.0,1392116035.0,6
1392116036.0,1392116036.0,"6,3"
1392116036.0,1392116036.0,6
1392116037.0,1392116037.0,"6,3"
1392116037.0,1392116037.0,6
1392116038.0,1392116038.0,"6,3"
1392116038.0,1392116038.0,6
1392116039.0,1392116039.0,"6,3"
1392116039.0,1392116039.0,6
1392116040.0,1392116040.0,"6,3"
1392116040.0,1392116040.0,6
1392116041.0,1392116041.0,"6,3"
1392116041.0,1392116041.0,6
1392116042.0,1392116042.0,"6,3"
1392116042.0,1392116042.0,6
1392116043.0,1392116043.0,"6,3"
1392116043.0,1392116043.0,6
1392116044.0,1392116044.0,"6,3"
1392116044.0,1392116044.0,6
1392116045.0,1392116045.0,"6,3"
1392116045.0,1392116045.0,6
1392116046.0,1392116046.0,"6,3"
1392116046.0,1392116046.0,6
1392116047.0,1392116047.0,"6,3"
1392116047.0,1392116047.0,6
1392116048.0,1392116048.0,"6,3"
1392116048.0,1392116048.0,6
1392116049.0,1392116049.0,"6,3"
1392116049.0,1392116049.0,6
1392116050.0,1392116050.0,"6,3"
1392116050.0,1392116050.0,6
1392116051.0,1392116051.0,"6,3"
1392116051.0,1392116051.0,6
1392116052.0,1392116052.0,"6,3"
1392116052.0,1392116052.0,6
1392116053.0,1392116053.0,"6,3"
1392116053.0,1392116053.0,6
1392116054.0,1392116054.0,"6,3"
1392116054.0,1392116054.0,6
1392116055.0,1392116055.0,"6,3"
1392116055.0,1392116055.0,6
1392116056.0,1392116056.0,"6,3"
1392116056.0,1392116056.0,6
1392116057.0,1392116057.0,"6,3"
1392116057.0,1392116057.0,6
1392116058.0,1392116058.0,"6,3"
1392116058.0,1392116058.0,6
1392116059.0,1392116059.0,"6,3"
1392116059.0,1392116059.0,6
1392116060.0,1392116060.0,"6,3"
1392116060.0,1392116060.0,6
1392116061.0,1392116061.0,"6,3"
1392116061.0,1392116061.0,6
1392116062.0,1392116062.0,"6,3"
1392116062.0,1392116062.0,6
1392116063.0,1392116063.0,"6,3"
1392116063.0,1392116063.0,6
1392116064.0,1392116064.0,"6,3"
1392116064.0,1392116064.0,6
1392116065.0,1392116065.0,"6,3"
1392116065.0,1392116065.0,6
1392116066.0,1392116066.0,"6,3"
1392116066.0,1392116066.0,6
1392116067.0,1392116067.0,"6,3"
1392116067.0,1392116067.0,6
1392116068.0,1392116068.0,"6,3"
1392116068.0,1392116068.0,6
1392116069.0,1392116069.0,"6,3"
1392116069.0,1392116069.0,6
1392116070.0,1392116070.0,"6,3"
1392116070.0,1392116070.0,6
1392116071.0,1392116071.0,"6,3"
1392116071.0,1392116071.0,6
1392116072.0,1392116072.0,"6,3"
1392116072.0,1392116072.0,6
1392116073.0,1392116073.0,"6,3"
1392116073.0,1392116073.0,6
1392116074.0,1392116074.0,"6,3"
1392116074.0,1392116074.0,6
1392116075.0,1392116075.0,"6,3"
1392116075.0,1392116075.0,6
1392116076.0,1392116076.0,"6,3"
1392116076.0,1392116076.0,6
1392116077.0,1392116077.0,"6,3"
1392116077.0,1392116077.0,6
1392116078.0,1392116078.0,"6,3"
1392116078.0,1392116078.0,6
1392116079.0,1392116079.0,"6,3"
1392116079.0,1392116079.0,6
1392116080.0,1392116080.0,"6,3"
1392116080.0,1392116080.0,6
1392116081.0,1392116081.0,"6,3"
1392116081.0,1392116081.0,6
1392116082.0,1392116082.0,"6,3"
1392116082.0,1392116082.0,6
1392116083.0,1392116083.0,"6,3"
1392116083.0,1392116083.0,6
1392116084.0,1392116084.0,"6,3"
1392116084.0,1392116084.0,6
1392116085.0,1392116085.0,"6,3"
1392116085.0,1392116085.0,6
1392116086.0,1392116086.0,"6,3"
1392116086.0,1392116086.0,6
1392116087.0,1392116087.0,"6,3"
1392116087.0,1392116087.0,6
1392116088.0,1392116088.0,"6,3"
1392116088.0,1392116088.0,6
1392116089.0,1392116089.0,"6,3"
1392116089.0,1392116089.0,6
1392116090.0,1392116090.0,"6,3"
1392116090.0,1392116090.0,6
1392116091.0,1392116091.0,"6,3"
1392116091.0,1392116091.0,6
1392116092.0,1392116092.0,"6,3"
1392116092.0,1392116092.0,6
1392116093.0,1392116093.0,"6,3"
1392116093.0,1392116093.0,6
1392116094.0,1392116094.0,"6,3"
1392116094.0,1392116094.0,6
1392116095.0,1392116095.0,"6,3"
1392116095.0,1392116095.0,6
1392116096.0,1392116096.0,"6,3"
1392116096.0,1392116096.0,6
1392116097.0,1392116097.0,"6,3"
1392116097.0,1392116097.0,6
1392116098.0,1392116098.0,"6,3"
1392116098.0,1392116098.0,6
1392116099.0,1392116099.0,"6,3"
1392116099.0,1392116099.0,6
1392116100.0,1392116100.0,"6,3"
1392116100.0,1392116100.0,6
1392116101.0,1392116101.0,"6,3"
1392116101.0,1392116101.0,6
1392116102.0,1392116102.0,"6,3"
1392116102.0,1392116102.0,6
1392116103.0,1392116103.0,"6,3"
1392116103.0,1392116103.0,6
1392116104.0,1392116104.0,"6,3"
1392116104.0,1392116104.0,6
1392116105.0,1392116105.0,"6,3"
1392116105.0,1392116105.0,6
1392116106.0,1392116106.0,"6,3"
1392116106.0,1392116106.0,6
1392116107.0,1392116107.0,"6,3"
1392116107.0,1392116107.0,6
1392116108.0,1392116108.0,"6,3"
1392116108.0,1392116108.0,6
1392116109.0,1392116109.0,"6,3"
1392116109.0,1392116109.0,6
1392116110.0,1392116110.0,"6,3"
1392116110.0,1392116110.0,6
1392116111.0,1392116111.0,"6,3"
1392116111.0,1392116111.0,6
1392116112.0,1392116112.0,"6,3"
1392116112.0,1392116112.0,6
1392116113.0,1392116113.0,"6,3"
1392116113.0,1392116113.0,6
1392116114.0,1392116114.0,"6,3"
1392116114.0,1392116114.0,6
1392116115.0,1392116115.0,"6,3"
1392116115.0,1392116115.0,6
1392116116.0,1392116116.0,"6,3"
1392116116.0,1392116116.0,6
1392116117.0,1392116117.0,"6,3"
1392116117.0,1392116117.0,6
1392116118.0,1392116118.0,"6,3"
1392116118.0,1392116118.0,6
1392116119.0,1392116119.0,"6,3"
1392116119.0,1392116119.0,6
1392116120.0,1392116120.0,"6,3"
1392116120.0,1392116120.0,6
1392116121.0,1392116121.0,"6,3"
1392116121.0,1392116121.0,6
1392116122.0,1392116122.0,"6,3"
1392116122.0,1392116122.0,6
1392116123.0,1392116123.0,"6,3"
1392116123.0,1392116123.0,6
1392116124.0,1392116124.0,"6,3"
1392116124.0,1392116124.0,6
1392116125.0,1392116125.0,"6,3"
1392116125.0,1392116125.0,6
1392116126.0,1392116126.0,"6,3"
1392116126.0,1392116126.0,6
1392116127.0,1392116127.0,"6,3"
1392116127.0,1392116127.0,6
1392116128.0,1392116128.0,"6,3"
1392116128.0,1392116128.0,6
1392116129.0,1392116129.0,"6,3"
1392116129.0,1392116129.0,6
1392116130.0,1392116130.0,"6,3"
1392116130.0,1392116130.0,6
1392116131.0,1392116131.0,"6,3"
1392116131.0,1392116131.0,6
1392116132.0,1392116132.0,"6,3"
1392116132.0,1392116132.0,6
1392116133.0,1392116133.0,"6,3"
1392116133.0,1392116133.0,6
1392116134.0,1392116134.0,"6,3"
1392116134.0,1392116134.0,6
1392116135.0,1392116135.0,"6,3"
1392116135.0,1392116135.0,6
1392116136.0,1392116136.0,"6,3"
1392116136.0,1392116136.0,6
1392116137.0,1392116137.0,"6,3"
1392116137.0,1392116137.0,6
1392116138.0,1392116138.0,"6,3"
1392116138.0,1392116138.0,6
1392116139.0,1392116139.0,"6,3"
1392116139.0,1392116139.0,6
1392116140.0,1392116140.0,"6,3"
1392116140.0,1392116140.0,6
1392116141.0,1392116141.0,"6,3"
1392116141.0,1392116141.0,6
1392116142.0,1392116142.0,"6,3"
1392116142.0,1392116142.0,6
1392116143.0,1392116143.0,"6,3"
1392116143.0,1392116143.0,6
1392116144.0,1392116144.0,"6,3"
1392116144.0,1392116144.0,6
1392116145.0,1392116145.0,"6,3"
1392116145.0,1392116145.0,6
1392116146.0,1392116146.0,"6,3"
1392116146.0,1392116146.0,6
1392116147.0,1392116147.0,"6,3"
1392116147.0,1392116147.0,6
1392116148.0,1392116148.0,"6,3"
1392116148.0,1392116148.0,6
1392116149.0,1392116149.0,"6,3"
1392116149.0,1392116149.0,6
1392116150.0,1392116150.0,"6,3"
1392116150.0,1392116150.0,6
1392116151.0,1392116151.0,"6,3"
1392116151.0,1392116151.0,6
1392116152.0,1392116152.0,"6,3"
1392116152.0,1392116152.0,6
1392116153.0,1392116153.0,"6,3"
1392116153.0,1392116153.0,6
1392116154.0,1392116154.0,"6,3"
1392116154.0,1392116154.0,6
1392116155.0,1392116155.0,"6,3"
1392116155.0,1392116155.0,6
1392116156.0,1392116156.0,"6,3"
1392116156.0,1392116156.0,6
1392116157.0,1392116157.0,"6,3"
1392116157.0,1392116157.0,6
1392116158.0,1392116158.0,"6,3"
1392116158.0,1392116158.0,6
1392116159.0,1392116159.0,"6,3"
1392116159.0,1392116159.0,6
1392116160.0,1392116160.0,"6,3"
1392116160.0,1392116160.0,6
1392116161.0,1392116161.0,"6,3"
1392116161.0,1392116161.0,6
1392116162.0,1392116162.0,"6,3"
1392116162.0,1392116162.0,6
1392116163.0,1392116163.0,"6,3"
1392116163.0,1392116163.0,6
1392116164.0,1392116164.0,"6,3"
1392116164.0,1392116164.0,6
1392116165.0,1392116165.0,"6,3"
1392116165.0,1392116165.0,6
1392116166.0,1392116166.0,"6,3"
1392116166.0,1392116166.0,6
1392116167.0,1392116167.0,"6,3"
1392116167.0,1392116167.0,6
1392116168.0,1392116168.0,"6,3"
1392116168.0,1392116168.0,6
1392116169.0,1392116169.0,"6,3"
1392116169.0,1392116169.0,6
1392116170.0,1392116170.0,"6,3"
1392116170.0,1392116170.0,6
1392116171.0,1392116171.0,"6,3"
1392116171.0,1392116171.0,6
1392116172.0,1392116172.0,"6,3"
1392116172.0,1392116172.0,6
1392116173.0,1392116173.0,"6,3"
1392116173.0,1392116173.0,6
1392116174.0,1392116174.0,"6,3"
1392116174.0,1392116174.0,6
1392116175.0,1392116175.0,"6,3"
1392116175.0,1392116175.0,6
1392116176.0,1392116176.0,"6,3"
1392116176.0,1392116176.0,6
1392116177.0,1392116177.0,"6,3"
1392116177.0,1392116177.0,6
1392116178.0,1392116178.0,"6,3"
1392116178.0,1392116178.0,6
1392116179.0,1392116179.0,"6,3"
1392116179.0,1392116179.0,6
1392116180.0,1392116180.0,"6,3"
1392116180.0,1392116180.0,6
1392116181.0,1392116181.0,"6,3"
1392116181.0,1392116181.0,6
1392116182.0,1392116182.0,"6,3"
1392116182.0,1392116182.0,6
1392116183.0,1392116183.0,"6,3"
1392116183.0,1392116183.0,6
1392116184.0,1392116184.0,"6,3"
1392116184.0,1392116184.0,6
1392116185.0,1392116185.0,"6,3"
1392116185.0,1392116185.0,6
1392116186.0,1392116186.0,"6,3"
1392116186.0,1392116186.0,6
1392116187.0,1392116187.0,"6,3"
1392116187.0,1392116187.0,6
1392116188.0,1392116188.0,"6,3"
1392116188.0,1392116188.0,6
1392116189.0,1392116189.0,"6,3"
1392116189.0,1392116189.0,6
1392116190.0,1392116190.0,"6,3"
1392116190.0,1392116190.0,6
1392116191.0,1392116191.0,"6,3"
1392116191.0,1392116191.0,6
1392116192.0,1392116192.0,"6,3"
1392116192.0,1392116192.0,6
1392116193.0,1392116193.0,"6,3"
1392116193.0,1392116193.0,6
1392116194.0,1392116194.0,"6,3"
1392116194.0,1392116194.0,6
1392116195.0,1392116195.0,"6,3"
1392116195.0,1392116195.0,6
1392116196.0,1392116196.0,"6,3"
1392116196.0,1392116196.0,6
1392116197.0,1392116197.0,"6,3"
1392116197.0,1392116197.0,6
1392116198.0,1392116198.0,"6,3"
1392116198.0,1392116198.0,6
1392116199.0,1392116199.0,"6,3"
1392116199.0,1392116199.0,6
1392116200.0,1392116200.0,"6,3"
1392116200.0,1392116200.0,6
1392116201.0,1392116201.0,"6,3"
1392116201.0,1392116201.0,6
1392116202.0,1392116202.0,"6,3"
1392116202.0,1392116202.0,6
1392116203.0,1392116203.0,"6,3"
1392116203.0,1392116203.0,6
1392116204.0,1392116204.0,"6,3"
1392116204.0,1392116204.0,6
1392116205.0,1392116205.0,"6,3"
1392116205.0,1392116205.0,6
1392116206.0,1392116206.0,"6,3"
1392116206.0,1392116206.0,6
1392116207.0,1392116207.0,"6,3"
1392116207.0,1392116207.0,6
1392116208.0,1392116208.0,"6,3"
1392116208.0,1392116208.0,6
1392116209.0,1392116209.0,"6,3"
1392116209.0,1392116209.0,6
1392116210.0,1392116210.0,"6,3"
1392116210.0,1392116210.0,6
1392116211.0,1392116211.0,"6,3"
1392116211.0,1392116211.0,6
1392116212.0,1392116212.0,"6,3"
1392116212.0,1392116212.0,6
1392116213.0,1392116213.0,"6,3"
1392116213.0,1392116213.0,6
1392116214.0,1392116214.0,"6,3"
1392116214.0,1392116214.0,6
1392116215.0,1392116215.0,"6,3"
1392116215.0,1392116215.0,6
1392116216.0,1392116216.0,"6,3"
1392116216.0,1392116216.0,6
1392116217.0,1392116217.0,"6,3"
1392116217.0,1392116217.0,6
1392116218.0,1392116218.0,"6,3"
1392116218.0,1392116218.0,6
1392116219.0,1392116219.0,"6,3"
1392116219.0,1392116219.0,6
1392116220.0,1392116220.0,"6,3"
1392116220.0,1392116220.0,6
1392116221.0,1392116221.0,"6,3"
1392116221.0,1392116221.0,6
1392116222.0,1392116222.0,"6,3"
1392116222.0,1392116222.0,6
1392116223.0,1392116223.0,"6,3"
1392116223.0,1392116223.0,6
1392116224.0,1392116224.0,"6,3"
1392116224.0,1392116224.0,6
1392116225.0,1392116225.0,"6,3"
1392116225.0,1392116225.0,6
1392116226.0,1392116226.0,"6,3"
1392116226.0,1392116226.0,6
1392116227.0,1392116227.0,"6,3"
1392116227.0,1392116227.0,6
1392116228.0,1392116228.0,"6,3"
1392116228.0,1392116228.0,6
1392116229.0,1392116229.0,"6,3"
1392116229.0,1392116229.0,6
1392116230.0,1392116230.0,"6,3"
1392116230.0,1392116230.0,6
1392116231.0,1392116231.0,"6,3"
1392116231.0,1392116231.0,6
1392116232.0,1392116232.0,"6,3"
1392116232.0,1392116232.0,6
1392116233.0,1392116233.0,"6,3"
1392116233.0,1392116233.0,6
1392116234.0,1392116234.0,"6,3"
1392116234.0,1392116234.0,6
1392116235.0,1392116235.0,"6,3"
1392116235.0,1392116235.0,6
1392116236.0,1392116236.0,"6,3"
1392116236.0,1392116236.0,6
1392116237.0,1392116237.0,"6,3"
1392116237.0,1392116237.0,6
1392116238.0,1392116238.0,"6,3"
1392116238.0,1392116238.0,6
1392116239.0,1392116239.0,"6,3"
1392116239.0,1392116239.0,6
1392116240.0,1392116240.0,"6,3"
1392116240.0,1392116240.0,6
1392116241.0,1392116241.0,"6,3"
1392116241.0,1392116241.0,6
1392116242.0,1392116242.0,"6,3"
1392116242.0,1392116242.0,6
1392116243.0,1392116243.0,"6,3"
1392116243.0,1392116243.0,6
1392116244.0,1392116244.0,"6,3"
1392116244.0,1392116244.0,6
1392116245.0,1392116245.0,"6,3"
1392116245.0,1392116245.0,6
1392116246.0,1392116246.0,"6,3"
1392116246.0,1392116246.0,6
1392116247.0,1392116247.0,"6,3"
1392116247.0,1392116247.0,6
1392116248.0,1392116248.0,"6,3"
1392116248.0,1392116248.0,6
1392116249.0,1392116249.0,"6,3"
1392116249.0,1392116249.0,6
1392116250.0,1392116250.0,"6,3"
1392116250.0,1392116250.0,6
1392116251.0,1392116251.0,"6,3"
1392116251.0,1392116251.0,6
1392116252.0,1392116252.0,"6,3"
1392116252.0,1392116252.0,6
1392116253.0,1392116253.0,"6,3"
1392116253.0,1392116253.0,6
1392116254.0,1392116254.0,"6,3"
1392116254.0,1392116254.0,6
1392116255.0,1392116255.0,"6,3"
1392116255.0,1392116255.0,6
1392116256.0,1392116256.0,"6,3"
1392116256.0,1392116256.0,6
1392116257.0,1392116257.0,"6,3"
1392116257.0,1392116257.0,6
1392116258.0,1392116258.0,"6,3"
1392116258.0,1392116258.0,6
1392116259.0,1392116259.0,"6,3"
1392116259.0,1392116259.0,6
1392116260.0,1392116260.0,"6,3"
1392116260.0,1392116260.0,6
1392116261.0,1392116261.0,"6,3"
1392116261.0,1392116261.0,6
1392116262.0,1392116262.0,"6,3"
1392116262.0,1392116262.0,6
1392116263.0,1392116263.0,"6,3"
1392116263.0,1392116263.0,6
1392116264.0,1392116264.0,"6,3"
1392116264.0,1392116264.0,6
1392116265.0,1392116265.0,"6,3"
1392116265.0,1392116265.0,6
1392116266.0,1392116266.0,"6,3"
1392116266.0,1392116266.0,6
1392116267.0,1392116267.0,"6,3"
1392116267.0,1392116267.0,6
1392116268.0,1392116268.0,"6,3"
1392116268.0,1392116268.0,6
1392116269.0,1392116269.0,"6,3"
1392116269.0,1392116269.0,6
1392116270.0,1392116270.0,"6,3"
1392116270.0,1392116270.0,6
1392116271.0,1392116271.0,"6,3"
1392116271.0,1392116271.0,6
1392116272.0,1392116272.0,"6,3"
1392116272.0,1392116272.0,6
1392116273.0,1392116273.0,"6,3"
1392116273.0,1392116273.0,6
1392116274.0,1392116274.0,"6,3"
1392116274.0,1392116274.0,6
1392116275.0,1392116275.0,"6,3"
1392116275.0,1392116275.0,6
1392116276.0,1392116276.0,"6,3"
1392116276.0,1392116276.0,6
1392116277.0,1392116277.0,"6,3"
1392116277.0,1392116277.0,6
1392116278.0,1392116278.0,"6,3"
1392116278.0,1392116278.0,6
1392116279.0,1392116279.0,"6,3"
1392116279.0,1392116279.0,6
1392116280.0,1392116280.0,"6,3"
1392116280.0,1392116280.0,6
1392116281.0,1392116281.0,"6,3"
1392116281.0,1392116281.0,6
1392116282.0,1392116282.0,"6,3"
1392116282.0,1392116282.0,6
1392116283.0,1392116283.0,"6,3"
1392116283.0,1392116283.0,6
1392116284.0,1392116284.0,"6,3"
1392116284.0,1392116284.0,6
1392116285.0,1392116285.0,"6,3"
1392116285.0,1392116285.0,6
1392116286.0,1392116286.0,"6,3"
1392116286.0,1392116286.0,6
1392116287.0,1392116287.0,"6,3"
1392116287.0,1392116287.0,6
1392116288.0,1392116288.0,"6,3"
1392116288.0,1392116288.0,6
1392116289.0,1392116289.0,"6,3"
1392116289.0,1392116289.0,6
1392116290.0,1392116290.0,"6,3"
1392116290.0,1392116290.0,6
1392116291.0,1392116291.0,"6,3"
1392116291.0,1392116291.0,6
1392116292.0,1392116292.0,"6,3"
1392116292.0,1392116292.0,6
1392116293.0,1392116293.0,"6,3"
1392116293.0,1392116293.0,6
1392116294.0,1392116294.0,"6,3"
1392116294.0,1392116294.0,6
1392116295.0,1392116295.0,"6,3"
1392116295.0,1392116295.0,6
1392116296.0,1392116296.0,"6,3"
1392116296.0,1392116296.0,6
1392116297.0,1392116297.0,"6,3"
1392116297.0,1392116297.0,6
1392116298.0,1392116298.0,"6,3"
1392116298.0,1392116298.0,6
1392116299.0,1392116299.0,"6,3"
1392116299.0,1392116299.0,6
1392116300.0,1392116300.0,"6,3"
1392116300.0,1392116300.0,6
1392116301.0,1392116301.0,"6,3"
1392116301.0,1392116301.0,6
1392116302.0,1392116302.0,"6,3"
1392116302.0,1392116302.0,6
1392116303.0,1392116303.0,"6,3"
1392116303.0,1392116303.0,6
1392116304.0,1392116304.0,"6,3"
1392116304.0,1392116304.0,6
1392116305.0,1392116305.0,"6,3"
1392116305.0,1392116305.0,6
1392116306.0,1392116306.0,"6,3"
1392116306.0,1392116306.0,6
1392116307.0,1392116307.0,"6,3"
1392116307.0,1392116307.0,6
1392116308.0,1392116308.0,"6,3"
1392116308.0,1392116308.0,6
1392116309.0,1392116309.0,"6,3"
1392116309.0,1392116309.0,6
1392116310.0,1392116310.0,"6,3"
1392116310.0,1392116310.0,6
1392116311.0,1392116311.0,"6,3"
1392116311.0,1392116311.0,6
1392116312.0,1392116312.0,"6,3"
1392116312.0,1392116312.0,6
1392116313.0,1392116313.0,"6,3"
1392116313.0,1392116313.0,6
1392116314.0,1392116314.0,"6,3"
1392116314.0,1392116314.0,6
1392116315.0,1392116315.0,"6,3"
1392116315.0,1392116315.0,6
1392116316.0,1392116316.0,"6,3"
1392116316.0,1392116316.0,6
1392116317.0,1392116317.0,"6,3"
1392116317.0,1392116317.0,6
1392116318.0,1392116318.0,"6,3"
1392116318.0,1392116318.0,6
1392116319.0,1392116319.0,"6,3"
1392116319.0,1392116319.0,6
1392116320.0,1392116320.0,"6,3"
1392116320.0,1392116320.0,6
1392116321.0,1392116321.0,"6,3"
1392116321.0,1392116321.0,6
1392116322.0,1392116322.0,"6,3"
1392116322.0,1392116322.0,6
1392116323.0,1392116323.0,"6,3"
1392116323.0,1392116323.0,6
1392116324.0,1392116324.0,"6,3"
1392116324.0,1392116324.0,6
1392116325.0,1392116325.0,"6,3"
1392116325.0,1392116325.0,6
1392116326.0,1392116326.0,"6,3"
1392116326.0,1392116326.0,6
1392116327.0,1392116327.0,"6,3"
1392116327.0,1392116327.0,6
1392116328.0,1392116328.0,"6,3"
1392116328.0,1392116328.0,6
1392116329.0,1392116329.0,"6,3"
1392116329.0,1392116329.0,6
1392116330.0,1392116330.0,"6,3"
1392116330.0,1392116330.0,6
1392116331.0,1392116331.0,"6,3"
1392116331.0,1392116331.0,6
1392116332.0,1392116332.0,"6,3"
1392116332.0,1392116332.0,6
1392116333.0,1392116333.0,"6,3"
1392116333.0,1392116333.0,6
1392116334.0,1392116334.0,"6,3"
1392116334.0,1392116334.0,6
1392116335.0,1392116335.0,"6,3"
1392116335.0,1392116335.0,6
1392116336.0,1392116336.0,"6,3"
1392116336.0,1392116336.0,6
1392116337.0,1392116337.0,"6,3"
1392116337.0,1392116337.0,6
1392116338.0,1392116338.0,"6,3"
1392116338.0,1392116338.0,6
1392116339.0,1392116339.0,"6,3"
1392116339.0,1392116339.0,6
1392116340.0,1392116340.0,"6,3"
1392116340.0,1392116340.0,6
1392116341.0,1392116341.0,"6,3"
1392116341.0,1392116341.0,6
1392116342.0,1392116342.0,"6,3"
1392116342.0,1392116342.0,6
1392116343.0,1392116343.0,"6,3"
1392116343.0,1392116343.0,6
1392116344.0,1392116344.0,"6,3"
1392116344.0,1392116344.0,6
1392116345.0,1392116345.0,"6,3"
1392116345.0,1392116345.0,6
1392116346.0,1392116346.0,"6,3"
1392116346.0,1392116346.0,6
1392116347.0,1392116347.0,"6,3"
1392116347.0,1392116347.0,6
1392116348.0,1392116348.0,"6,3"
1392116348.0,1392116348.0,6
1392116349.0,1392116349.0,"6,3"
1392116349.0,1392116349.0,6
1392116350.0,1392116350.0,"6,3"
1392116350.0,1392116350.0,6
1392116351.0,1392116351.0,"6,3"
1392116351.0,1392116351.0,6
1392116352.0,1392116352.0,"6,3"
1392116352.0,1392116352.0,6
1392116353.0,1392116353.0,"6,3"
1392116353.0,1392116353.0,6
1392116354.0,1392116354.0,"6,3"
1392116354.0,1392116354.0,6
1392116355.0,1392116355.0,"6,3"
1392116355.0,1392116355.0,6
1392116356.0,1392116356.0,"6,3"
1392116356.0,1392116356.0,6
1392116357.0,1392116357.0,"6,3"
1392116357.0,1392116357.0,6
1392116358.0,1392116358.0,"6,3"
1392116358.0,1392116358.0,6
1392116359.0,1392116359.0,"6,3"
1392116359.0,1392116359.0,6
1392116360.0,1392116360.0,"6,3"
1392116360.0,1392116360.0,6
1392116361.0,1392116361.0,"6,3"
1392116361.0,1392116361.0,6
1392116362.0,1392116362.0,"6,3"
1392116362.0,1392116362.0,6
1392116363.0,1392116363.0,"6,3"
1392116363.0,1392116363.0,6
1392116364.0,1392116364.0,"6,3"
1392116364.0,1392116364.0,6
1392116365.0,1392116365.0,"6,3"
1392116365.0,1392116365.0,6
1392116366.0,1392116366.0,"6,3"
1392116366.0,1392116366.0,6
1392116367.0,1392116367.0,"6,3"
1392116367.0,1392116367.0,6
1392116368.0,1392116368.0,"6,3"
1392116368.0,1392116368.0,6
1392116369.0,1392116369.0,"6,3"
1392116369.0,1392116369.0,6
1392116370.0,1392116370.0,"6,3"
1392116370.0,1392116370.0,6
1392116371.0,1392116371.0,"6,3"
1392116371.0,1392116371.0,6
1392116372.0,1392116372.0,"6,3"
1392116372.0,1392116372.0,6
1392116373.0,1392116373.0,"6,3"
1392116373.0,1392116373.0,6
1392116374.0,1392116374.0,"6,3"
1392116374.0,1392116374.0,6
1392116375.0,1392116375.0,"6,3"
1392116375.0,1392116375.0,6
1392116376.0,1392116376.0,"6,3"
1392116376.0,1392116376.0,6
1392116377.0,1392116377.0,"6,3"
1392116377.0,1392116377.0,6
1392116378.0,1392116378.0,"6,3"
1392116378.0,1392116378.0,6
1392116379.0,1392116379.0,"6,3"
1392116379.0,1392116379.0,6
1392116380.0,1392116380.0,"6,3"
1392116380.0,1392116380.0,6
1392116381.0,1392116381.0,"6,3"
1392116381.0,1392116381.0,6
1392116382.0,1392116382.0,"6,3"
1392116382.0,1392116382.0,6
1392116383.0,1392116383.0,"6,3"
1392116383.0,1392116383.0,6
1392116384.0,1392116384.0,"6,3"
1392116384.0,1392116384.0,6
1392116385.0,1392116385.0,"6,3"
1392116385.0,1392116385.0,6
1392116386.0,1392116386.0,"6,3"
1392116386.0,1392116386.0,6
1392116387.0,1392116387.0,"6,3"
1392116387.0,1392116387.0,6
1392116388.0,1392116388.0,"6,3"
1392116388.0,1392116388.0,6
1392116389.0,1392116389.0,"6,3"
1392116389.0,1392116389.0,6
1392116390.0,1392116390.0,"6,3"
1392116390.0,1392116390.0,6
1392116391.0,1392116391.0,"6,3"
1392116391.0,1392116391.0,6
1392116392.0,1392116392.0,"6,3"
1392116392.0,1392116392.0,6
1392116393.0,1392116393.0,"6,3"
1392116393.0,1392116393.0,6
1392116394.0,1392116394.0,"6,3"
1392116394.0,1392116394.0,6
1392116395.0,1392116395.0,"6,3"
1392116395.0,1392116395.0,6
1392116396.0,1392116396.0,"6,3"
1392116396.0,1392116396.0,6
1392116397.0,1392116397.0,"6,3"
1392116397.0,1392116397.0,6
1392116398.0,1392116398.0,"6,3"
1392116398.0,1392116398.0,6
1392116399.0,1392116399.0,"6,3"
1392116399.0,1392116399.0,6
1392116400.0,1392116400.0,"6,3"
1392116400.0,1392116400.0,6
1392116401.0,1392116401.0,"6,3"
1392116401.0,1392116401.0,6
1392116402.0,1392116402.0,"6,3"
1392116402.0,1392116402.0,6
1392116403.0,1392116403.0,"6,3"
1392116403.0,1392116403.0,6
1392116404.0,1392116404.0,"6,3"
1392116404.0,1392116404.0,6
1392116405.0,1392116405.0,"6,3"
1392116405.0,1392116405.0,6
1392116406.0,1392116406.0,"6,3"
1392116406.0,1392116406.0,6
1392116407.0,1392116407.0,"6,3"
1392116407.0,1392116407.0,6
1392116408.0,1392116408.0,"6,3"
1392116408.0,1392116408.0,6
1392116409.0,1392116409.0,"6,3"
1392116409.0,1392116409.0,6
1392116410.0,1392116410.0,"6,3"
1392116410.0,1392116410.0,6
1392116411.0,1392116411.0,"6,3"
1392116411.0,1392116411.0,6
1392116412.0,1392116412.0,"6,3"
1392116412.0,1392116412.0,6
1392116413.0,1392116413.0,"6,3"
1392116413.0,1392116413.0,6
1392116414.0,1392116414.0,"6,3"
1392116414.0,1392116414.0,6
1392116415.0,1392116415.0,"6,3"
1392116415.0,1392116415.0,6
1392116416.0,1392116416.0,"6,3"
1392116416.0,1392116416.0,6
1392116417.0,1392116417.0,"6,3"
1392116417.0,1392116417.0,6
1392116418.0,1392116418.0,"6,3"
1392116418.0,1392116418.0,6
1392116419.0,1392116419.0,"6,3"
1392116419.0,1392116419.0,6
1392116420.0,1392116420.0,"6,3"
1392116420.0,1392116420.0,6
1392116421.0,1392116421.0,"6,3"
1392116421.0,1392116421.0,6
1392116422.0,1392116422.0,"6,3"
1392116422.0,1392116422.0,6
1392116423.0,1392116423.0,"6,3"
1392116423.0,1392116423.0,6
1392116424.0,1392116424.0,"6,3"
1392116424.0,1392116424.0,6
1392116425.0,1392116425.0,"6,3"
1392116425.0,1392116425.0,6
1392116426.0,1392116426.0,"6,3"
1392116426.0,1392116426.0,6
1392116427.0,1392116427.0,"6,3"
1392116427.0,1392116427.0,6
1392116428.0,1392116428.0,"6,3"
1392116428.0,1392116428.0,6
1392116429.0,1392116429.0,"6,3"
1392116429.0,1392116429.0,6
1392116430.0,1392116430.0,"6,3"
1392116430.0,1392116430.0,6
1392116431.0,1392116431.0,"6,3"
1392116431.0,1392116431.0,6
1392116432.0,1392116432.0,"6,3"
1392116432.0,1392116432.0,6
1392116433.0,1392116433.0,"6,3"
1392116433.0,1392116433.0,6
1392116434.0,1392116434.0,"6,3"
1392116434.0,1392116434.0,6
1392116435.0,1392116435.0,"6,3"
1392116435.0,1392116435.0,6
1392116436.0,1392116436.0,"6,3"
1392116436.0,1392116436.0,6
1392116437.0,1392116437.0,"6,3"
1392116437.0,1392116437.0,6
1392116438.0,1392116438.0,"6,3"
1392116438.0,1392116438.0,6
1392116439.0,1392116439.0,"6,3"
1392116439.0,1392116439.0,6
1392116440.0,1392116440.0,"6,3"
1392116440.0,1392116440.0,6
1392116441.0,1392116441.0,"6,3"
1392116441.0,1392116441.0,6
1392116442.0,1392116442.0,"6,3"
1392116442.0,1392116442.0,6
1392116443.0,1392116443.0,"6,3"
1392116443.0,1392116443.0,6
1392116444.0,1392116444.0,"6,3"
1392116444.0,1392116444.0,6
1392116445.0,1392116445.0,"6,3"
1392116445.0,1392116445.0,6
1392116446.0,1392116446.0,"6,3"
1392116446.0,1392116446.0,6
1392116447.0,1392116447.0,"6,3"
1392116447.0,1392116447.0,6
1392116448.0,1392116448.0,"6,3"
1392116448.0,1392116448.0,6
1392116449.0,1392116449.0,"6,3"
1392116449.0,1392116449.0,6
1392116450.0,1392116450.0,"6,3"
1392116450.0,1392116450.0,6
1392116451.0,1392116451.0,"6,3"
1392116451.0,1392116451.0,6
1392116452.0,1392116452.0,"6,3"
1392116452.0,1392116452.0,6
1392116453.0,1392116453.0,"6,3"
1392116453.0,1392116453.0,6
1392116454.0,1392116454.0,"6,3"
1392116454.0,1392116454.0,6
1392116455.0,1392116455.0,"6,3"
1392116455.0,1392116455.0,6
1392116456.0,1392116456.0,"6,3"
1392116456.0,1392116456.0,6
1392116457.0,1392116457.0,"6,3"
1392116457.0,1392116457.0,6
1392116458.0,1392116458.0,"6,3"
1392116458.0,1392116458.0,6
1392116459.0,1392116459.0,"6,3"
1392116459.0,1392116459.0,6
1392116460.0,1392116460.0,"6,3"
1392116460.0,1392116460.0,6
1392116461.0,1392116461.0,"6,3"
1392116461.0,1392116461.0,6
1392116462.0,1392116462.0,"6,3"
1392116462.0,1392116462.0,6
1392116463.0,1392116463.0,"6,3"
1392116463.0,1392116463.0,6
1392116464.0,1392116464.0,"6,3"
1392116464.0,1392116464.0,6
1392116465.0,1392116465.0,"6,3"
1392116465.0,1392116465.0,6
1392116466.0,1392116466.0,"6,3"
1392116466.0,1392116466.0,6
1392116467.0,1392116467.0,"6,3"
1392116467.0,1392116467.0,6
1392116468.0,1392116468.0,"6,3"
1392116468.0,1392116468.0,6
1392116469.0,1392116469.0,"6,3"
1392116469.0,1392116469.0,6
1392116470.0,1392116470.0,"6,3"
1392116470.0,1392116470.0,6
1392116471.0,1392116471.0,"6,3"
1392116471.0,1392116471.0,6
1392116472.0,1392116472.0,"6,3"
1392116472.0,1392116472.0,6
1392116473.0,1392116473.0,"6,3"
1392116473.0,1392116473.0,6
1392116474.0,1392116474.0,"6,3"
1392116474.0,1392116474.0,6
1392116475.0,1392116475.0,"6,3"
1392116475.0,1392116475.0,6
1392116476.0,1392116476.0,"6,3"
1392116476.0,1392116476.0,6
1392116477.0,1392116477.0,"6,3"
1392116477.0,1392116477.0,6
1392116478.0,1392116478.0,"6,3"
1392116478.0,1392116478.0,6
1392116479.0,1392116479.0,"6,3"
1392116479.0,1392116479.0,6
1392116480.0,1392116498.0,3
1392116499.0,1392116499.0,"6,3"
1392116499.0,1392116499.0,6
1392116499.0,1392116499.0,3
1392116500.0,1392116500.0,"6,3"
1392116500.0,1392116500.0,6
1392116500.0,1392116500.0,3
1392116501.0,1392116501.0,"6,3"
1392116501.0,1392116501.0,6
1392116501.0,1392116501.0,3
1392116502.0,1392116502.0,"6,3"
1392116502.0,1392116502.0,6
1392116502.0,1392116502.0,3
1392116503.0,1392116503.0,"6,3"
1392116503.0,1392116503.0,6
1392116503.0,1392116503.0,3
1392116504.0,1392116504.0,"6,3"
1392116504.0,1392116504.0,6
1392116504.0,1392116504.0,3
1392116505.0,1392116505.0,"6,3"
1392116505.0,1392116505.0,6
1392116505.0,1392116505.0,3
1392116506.0,1392116506.0,"6,3"
1392116506.0,1392116506.0,6
1392116506.0,1392116506.0,3
1392116507.0,1392116507.0,"6,3"
1392116507.0,1392116507.0,6
1392116507.0,1392116507.0,3
1392116508.0,1392116508.0,"6,3"
1392116508.0,1392116508.0,6
1392116508.0,1392116508.0,3
1392116509.0,1392116509.0,"6,3"
1392116509.0,1392116509.0,6
1392116509.0,1392116509.0,3
1392116510.0,1392116510.0,"6,3"
1392116510.0,1392116510.0,6
1392116510.0,1392116510.0,3
1392116511.0,1392116511.0,"6,3"
1392116511.0,1392116511.0,6
1392116511.0,1392116511.0,3
1392116512.0,1392116512.0,"6,3"
1392116512.0,1392116512.0,6
1392116512.0,1392116512.0,3
1392116513.0,1392116513.0,"6,3"
1392116513.0,1392116513.0,6
1392116513.0,1392116513.0,3
1392116514.0,1392116514.0,"6,3"
1392116514.0,1392116514.0,6
1392116514.0,1392116514.0,3
1392116515.0,1392116515.0,"6,3"
1392116515.0,1392116515.0,6
1392116515.0,1392116515.0,3
1392116516.0,1392116516.0,"6,3"
1392116516.0,1392116516.0,6
1392116516.0,1392116516.0,3
1392116517.0,1392116517.0,"6,3"
1392116517.0,1392116517.0,6
1392116517.0,1392116517.0,3
1392116518.0,1392116518.0,"6,3"
1392116518.0,1392116518.0,6
1392116518.0,1392116518.0,3
1392116519.0,1392116519.0,"6,3"
1392116519.0,1392116519.0,6
1392116519.0,1392116519.0,3
1392116520.0,1392116520.0,"6,3"
1392116520.0,1392116520.0,6
1392116520.0,1392116520.0,3
1392116521.0,1392116521.0,"6,3"
1392116521.0,1392116521.0,6
1392116521.0,1392116521.0,3
1392116522.0,1392116522.0,"6,3"
1392116522.0,1392116522.0,6
1392116522.0,1392116522.0,3
1392116523.0,1392116523.0,"6,3"
1392116523.0,1392116523.0,6
1392116523.0,1392116523.0,3
1392116524.0,1392116524.0,"6,3"
1392116524.0,1392116524.0,6
1392116524.0,1392116524.0,3
1392116525.0,1392116525.0,"6,3"
1392116525.0,1392116525.0,6
1392116525.0,1392116525.0,3
1392116526.0,1392116526.0,"6,3"
1392116526.0,1392116526.0,6
1392116526.0,1392116526.0,3
1392116527.0,1392116527.0,"6,3"
1392116527.0,1392116527.0,6
1392116527.0,1392116527.0,3
1392116528.0,1392116528.0,"6,3"
1392116528.0,1392116528.0,6
1392116528.0,1392116528.0,3
1392116529.0,1392116529.0,"6,3"
1392116529.0,1392116529.0,6
1392116529.0,1392116529.0,3
1392116530.0,1392116530.0,"6,3"
1392116530.0,1392116530.0,6
1392116530.0,1392116530.0,3
1392116531.0,1392116531.0,"6,3"
1392116531.0,1392116531.0,6
1392116531.0,1392116531.0,3
1392116532.0,1392116532.0,"6,3"
1392116532.0,1392116532.0,6
1392116532.0,1392116532.0,3
1392116533.0,1392116533.0,"6,3"
1392116533.0,1392116533.0,6
1392116533.0,1392116533.0,3
1392116534.0,1392116534.0,"6,3"
1392116534.0,1392116534.0,6
1392116534.0,1392116534.0,3
1392116535.0,1392116535.0,"6,3"
1392116535.0,1392116535.0,6
1392116535.0,1392116535.0,3
1392116536.0,1392116536.0,"6,3"
1392116536.0,1392116536.0,6
1392116536.0,1392116536.0,3
1392116537.0,1392116537.0,"6,3"
1392116537.0,1392116537.0,6
1392116537.0,1392116537.0,3
1392116538.0,1392116538.0,"6,3"
1392116538.0,1392116538.0,6
1392116538.0,1392116538.0,3
1392116539.0,1392116539.0,"6,3"
1392116539.0,1392116539.0,6
1392116539.0,1392116539.0,3
1392116540.0,1392116540.0,"6,3"
1392116540.0,1392116540.0,6
1392116540.0,1392116540.0,3
1392116541.0,1392116541.0,"6,3"
1392116541.0,1392116541.0,6
1392116541.0,1392116541.0,3
1392116542.0,1392116542.0,"6,3"
1392116542.0,1392116542.0,6
1392116542.0,1392116542.0,3
1392116543.0,1392116543.0,"6,3"
1392116543.0,1392116543.0,6
1392116543.0,1392116543.0,3
1392116544.0,1392116544.0,"6,3"
1392116544.0,1392116544.0,6
1392116544.0,1392116544.0,3
1392116545.0,1392116545.0,"6,3"
1392116545.0,1392116545.0,6
1392116545.0,1392116545.0,3
1392116546.0,1392116546.0,"6,3"
1392116546.0,1392116546.0,6
1392116546.0,1392116546.0,3
1392116547.0,1392116547.0,"6,3"
1392116547.0,1392116547.0,6
1392116547.0,1392116547.0,3
1392116548.0,1392116548.0,"6,3"
1392116548.0,1392116548.0,6
1392116548.0,1392116548.0,3
1392116549.0,1392116549.0,"6,3"
1392116549.0,1392116549.0,6
1392116549.0,1392116549.0,3
1392116550.0,1392116550.0,"6,3"
1392116550.0,1392116550.0,6
1392116550.0,1392116550.0,3
1392116551.0,1392116551.0,"6,3"
1392116551.0,1392116551.0,6
1392116551.0,1392116551.0,3
1392116552.0,1392116552.0,"6,3"
1392116552.0,1392116552.0,6
1392116552.0,1392116552.0,3
1392116553.0,1392116553.0,"6,3"
1392116553.0,1392116553.0,6
1392116553.0,1392116553.0,3
1392116554.0,1392116554.0,"6,3"
1392116554.0,1392116554.0,6
1392116554.0,1392116554.0,3
1392116555.0,1392116555.0,"6,3"
1392116555.0,1392116555.0,6
1392116555.0,1392116555.0,3
1392116556.0,1392116556.0,"6,3"
1392116556.0,1392116556.0,6
1392116556.0,1392116556.0,3
1392116557.0,1392116557.0,"6,3"
1392116557.0,1392116557.0,6
1392116557.0,1392116557.0,3
1392116558.0,1392116558.0,"6,3"
1392116558.0,1392116558.0,6
1392116558.0,1392116558.0,3
1392116559.0,1392116559.0,"6,3"
1392116559.0,1392116559.0,6
1392116559.0,1392116559.0,3
1392116560.0,1392116560.0,"6,3"
1392116560.0,1392116560.0,6
1392116560.0,1392116560.0,3
1392116561.0,1392116561.0,"6,3"
1392116561.0,1392116561.0,6
1392116561.0,1392116561.0,3
1392116562.0,1392116562.0,"6,3"
1392116562.0,1392116562.0,6
1392116562.0,1392116562.0,3
1392116563.0,1392116563.0,"6,3"
1392116563.0,1392116563.0,6
1392116563.0,1392116563.0,3
1392116564.0,1392116564.0,"6,3"
1392116564.0,1392116564.0,6
1392116564.0,1392116564.0,3
1392116565.0,1392116565.0,"6,3"
1392116565.0,1392116565.0,6
1392116565.0,1392116565.0,3
1392116566.0,1392116566.0,"6,3"
1392116566.0,1392116566.0,6
1392116566.0,1392116566.0,3
1392116567.0,1392116567.0,"6,3"
1392116567.0,1392116567.0,6
1392116567.0,1392116567.0,3
1392116568.0,1392116568.0,"6,3"
1392116568.0,1392116568.0,6
1392116568.0,1392116568.0,3
1392116569.0,1392116569.0,"6,3"
1392116569.0,1392116569.0,6
1392116569.0,1392116569.0,3
1392116570.0,1392116570.0,"6,3"
1392116570.0,1392116570.0,6
1392116570.0,1392116570.0,3
1392116571.0,1392116571.0,"6,3"
1392116571.0,1392116571.0,6
1392116571.0,1392116571.0,3
1392116572.0,1392116572.0,"6,3"
1392116572.0,1392116572.0,6
1392116572.0,1392116572.0,3
1392116573.0,1392116573.0,"6,3"
1392116573.0,1392116573.0,6
1392116573.0,1392116573.0,3
1392116574.0,1392116574.0,"6,3"
1392116574.0,1392116574.0,6
1392116574.0,1392116574.0,3
1392116575.0,1392116575.0,"6,3"
1392116575.0,1392116575.0,6
1392116575.0,1392116575.0,3
1392116576.0,1392116576.0,"6,3"
1392116576.0,1392116576.0,6
1392116576.0,1392116576.0,3
1392116577.0,1392116577.0,"6,3"
1392116577.0,1392116577.0,6
1392116577.0,1392116577.0,3
1392116578.0,1392116578.0,"6,3"
1392116578.0,1392116578.0,6
1392116578.0,1392116578.0,3
1392116579.0,1392116579.0,"6,3"
1392116579.0,1392116579.0,6
1392116579.0,1392116579.0,3
1392116580.0,1392116580.0,"6,3"
1392116580.0,1392116580.0,6
1392116580.0,1392116580.0,3
1392116581.0,1392116581.0,"6,3"
1392116581.0,1392116581.0,6
1392116581.0,1392116581.0,3
1392116582.0,1392116582.0,"6,3"
1392116582.0,1392116582.0,6
1392116582.0,1392116582.0,3
1392116583.0,1392116583.0,"6,3"
1392116583.0,1392116583.0,6
1392116583.0,1392116583.0,3
1392116584.0,1392116584.0,"6,3"
1392116584.0,1392116584.0,6
1392116584.0,1392116584.0,3
1392116585.0,1392116585.0,"6,3"
1392116585.0,1392116585.0,6
1392116585.0,1392116585.0,3
1392116586.0,1392116586.0,"6,3"
1392116586.0,1392116586.0,6
1392116586.0,1392116586.0,3
1392116587.0,1392116587.0,"6,3"
1392116587.0,1392116587.0,6
1392116587.0,1392116587.0,3
1392116588.0,1392116588.0,"6,3"
1392116588.0,1392116588.0,6
1392116588.0,1392116588.0,3
1392116589.0,1392116589.0,"6,3"
1392116589.0,1392116589.0,6
1392116589.0,1392116589.0,3
1392116590.0,1392116590.0,"6,3"
1392116590.0,1392116590.0,6
1392116590.0,1392116590.0,3
1392116591.0,1392116591.0,"6,3"
1392116591.0,1392116591.0,6
1392116591.0,1392116591.0,3
1392116592.0,1392116592.0,"6,3"
1392116592.0,1392116592.0,6
1392116592.0,1392116592.0,3
1392116593.0,1392116593.0,"6,3"
1392116593.0,1392116593.0,6
1392116593.0,1392116593.0,3
1392116594.0,1392116594.0,"6,3"
1392116594.0,1392116594.0,6
1392116594.0,1392116594.0,3
1392116595.0,1392116595.0,"6,3"
1392116595.0,1392116595.0,6
1392116595.0,1392116595.0,3
1392116596.0,1392116596.0,"6,3"
1392116596.0,1392116596.0,6
1392116596.0,1392116596.0,3
1392116597.0,1392116597.0,"6,3"
1392116597.0,1392116597.0,6
1392116597.0,1392116597.0,3
1392116598.0,1392116598.0,"6,3"
1392116598.0,1392116598.0,6
1392116598.0,1392116598.0,3
1392116599.0,1392116599.0,"6,3"
1392116599.0,1392116599.0,6
1392116599.0,1392116599.0,3
1392116600.0,1392116600.0,"6,3"
1392116600.0,1392116600.0,6
1392116600.0,1392116600.0,3
1392116601.0,1392116601.0,"6,3"
1392116601.0,1392116601.0,6
1392116601.0,1392116601.0,3
1392116602.0,1392116602.0,"6,3"
1392116602.0,1392116602.0,6
1392116602.0,1392116602.0,3
1392116603.0,1392116603.0,"6,3"
1392116603.0,1392116603.0,6
1392116603.0,1392116603.0,3
1392116604.0,1392116604.0,"6,3"
1392116604.0,1392116604.0,6
1392116604.0,1392116604.0,3
1392116605.0,1392116605.0,"6,3"
1392116605.0,1392116605.0,6
1392116605.0,1392116605.0,3
1392116606.0,1392116606.0,"6,3"
1392116606.0,1392116606.0,6
1392116606.0,1392116606.0,3
1392116607.0,1392116607.0,"6,3"
1392116607.0,1392116607.0,6
1392116607.0,1392116607.0,3
1392116608.0,1392116608.0,"6,3"
1392116608.0,1392116608.0,6
1392116608.0,1392116608.0,3
1392116609.0,1392116609.0,"6,3"
1392116609.0,1392116609.0,6
1392116609.0,1392116609.0,3
1392116610.0,1392116610.0,"6,3"
1392116610.0,1392116610.0,6
1392116610.0,1392116610.0,3
1392116611.0,1392116611.0,"6,3"
1392116611.0,1392116611.0,6
1392116611.0,1392116611.0,3
1392116612.0,1392116612.0,"6,3"
1392116612.0,1392116612.0,6
1392116612.0,1392116612.0,3
1392116613.0,1392116613.0,"6,3"
1392116613.0,1392116613.0,6
1392116613.0,1392116613.0,3
1392116614.0,1392116614.0,"6,3"
1392116614.0,1392116614.0,6
1392116614.0,1392116614.0,3
1392116615.0,1392116615.0,"6,3"
1392116615.0,1392116615.0,6
1392116615.0,1392116615.0,3
1392116616.0,1392116616.0,"6,3"
1392116616.0,1392116616.0,6
1392116616.0,1392116616.0,3
1392116617.0,1392116617.0,"6,3"
1392116617.0,1392116617.0,6
1392116617.0,1392116617.0,3
1392116618.0,1392116618.0,"6,3"
1392116618.0,1392116618.0,6
1392116618.0,1392116618.0,3
1392116619.0,1392116619.0,"6,3"
1392116619.0,1392116619.0,6
1392116619.0,1392116619.0,3
1392116620.0,1392116620.0,"6,3"
1392116620.0,1392116620.0,6
1392116620.0,1392116620.0,3
1392116621.0,1392116621.0,"6,3"
1392116621.0,1392116621.0,6
1392116621.0,1392116621.0,3
1392116622.0,1392116622.0,"6,3"
1392116622.0,1392116622.0,6
1392116622.0,1392116622.0,3
1392116623.0,1392116623.0,"6,3"
1392116623.0,1392116623.0,6
1392116623.0,1392116623.0,3
1392116624.0,1392116624.0,"6,3"
1392116624.0,1392116624.0,6
1392116624.0,1392116624.0,3
1392116625.0,1392116625.0,"6,3"
1392116625.0,1392116625.0,6
1392116625.0,1392116625.0,3
1392116626.0,1392116626.0,"6,3"
1392116626.0,1392116626.0,6
1392116626.0,1392116626.0,3
1392116627.0,1392116627.0,"6,3"
1392116627.0,1392116627.0,6
1392116627.0,1392116627.0,3
1392116628.0,1392116628.0,"6,3"
1392116628.0,1392116628.0,6
1392116628.0,1392116628.0,3
1392116629.0,1392116629.0,"6,3"
1392116629.0,1392116629.0,6
1392116629.0,1392116629.0,3
1392116630.0,1392116630.0,"6,3"
1392116630.0,1392116630.0,6
1392116630.0,1392116630.0,3
1392116631.0,1392116631.0,"6,3"
1392116631.0,1392116631.0,6
1392116631.0,1392116631.0,3
1392116632.0,1392116632.0,"6,3"
1392116632.0,1392116632.0,6
1392116632.0,1392116632.0,3
1392116633.0,1392116633.0,"6,3"
1392116633.0,1392116633.0,6
1392116633.0,1392116633.0,3
1392116634.0,1392116634.0,"6,3"
1392116634.0,1392116634.0,6
1392116634.0,1392116634.0,3
1392116635.0,1392116635.0,"6,3"
1392116635.0,1392116635.0,6
1392116635.0,1392116635.0,3
1392116636.0,1392116636.0,"6,3"
1392116636.0,1392116636.0,6
1392116636.0,1392116636.0,3
1392116637.0,1392116637.0,"6,3"
1392116637.0,1392116637.0,6
1392116637.0,1392116637.0,3
1392116638.0,1392116638.0,"6,3"
1392116638.0,1392116638.0,6
1392116638.0,1392116638.0,3
1392116639.0,1392116639.0,"6,3"
1392116639.0,1392116639.0,6
1392116639.0,1392116639.0,3
1392116640.0,1392116640.0,"6,3"
1392116640.0,1392116640.0,6
1392116640.0,1392116640.0,3
1392116641.0,1392116641.0,"6,3"
1392116641.0,1392116641.0,6
1392116641.0,1392116641.0,3
1392116642.0,1392116642.0,"6,3"
1392116642.0,1392116642.0,6
1392116642.0,1392116642.0,3
1392116643.0,1392116643.0,"6,3"
1392116643.0,1392116643.0,6
1392116643.0,1392116643.0,3
1392116644.0,1392116644.0,"6,3"
1392116644.0,1392116644.0,6
1392116644.0,1392116644.0,3
1392116645.0,1392116645.0,"6,3"
1392116645.0,1392116645.0,6
1392116645.0,1392116645.0,3
1392116646.0,1392116646.0,"6,3"
1392116646.0,1392116646.0,6
1392116646.0,1392116646.0,3
1392116647.0,1392116647.0,"6,3"
1392116647.0,1392116647.0,6
1392116647.0,1392116647.0,3
1392116648.0,1392116648.0,"6,3"
1392116648.0,1392116648.0,6
1392116648.0,1392116648.0,3
1392116649.0,1392116649.0,"6,3"
1392116649.0,1392116649.0,6
1392116649.0,1392116649.0,3
1392116650.0,1392116650.0,"6,3"
1392116650.0,1392116650.0,6
1392116650.0,1392116650.0,3
1392116651.0,1392116651.0,"6,3"
1392116651.0,1392116651.0,6
1392116651.0,1392116651.0,3
1392116652.0,1392116652.0,"6,3"
1392116652.0,1392116652.0,6
1392116652.0,1392116652.0,3
1392116653.0,1392116653.0,"6,3"
1392116653.0,1392116653.0,6
1392116653.0,1392116653.0,3
1392116654.0,1392116654.0,"6,3"
1392116654.0,1392116654.0,6
1392116654.0,1392116654.0,3
1392116655.0,1392116655.0,"6,3"
1392116655.0,1392116655.0,6
1392116655.0,1392116655.0,3
1392116656.0,1392116656.0,"6,3"
1392116656.0,1392116656.0,6
1392116656.0,1392116656.0,3
1392116657.0,1392116657.0,"6,3"
1392116657.0,1392116657.0,6
1392116657.0,1392116657.0,3
1392116658.0,1392116658.0,"6,3"
1392116658.0,1392116658.0,6
1392116658.0,1392116658.0,3
1392116659.0,1392116659.0,"6,3"
1392116659.0,1392116659.0,6
1392116659.0,1392116659.0,3
1392116660.0,1392116660.0,"6,3"
1392116660.0,1392116660.0,6
1392116660.0,1392116660.0,3
1392116661.0,1392116661.0,"6,3"
1392116661.0,1392116661.0,6
1392116661.0,1392116661.0,3
1392116662.0,1392116662.0,"6,3"
1392116662.0,1392116662.0,6
1392116662.0,1392116662.0,3
1392116663.0,1392116663.0,"6,3"
1392116663.0,1392116663.0,6
1392116663.0,1392116663.0,3
1392116664.0,1392116664.0,"6,3"
1392116664.0,1392116664.0,6
1392116664.0,1392116664.0,3
1392116665.0,1392116665.0,"6,3"
1392116665.0,1392116665.0,6
1392116665.0,1392116665.0,3
1392116666.0,1392116666.0,"6,3"
1392116666.0,1392116666.0,6
1392116666.0,1392116666.0,3
1392116667.0,1392116667.0,"6,3"
1392116667.0,1392116667.0,6
1392116667.0,1392116667.0,3
1392116668.0,1392116668.0,"6,3"
1392116668.0,1392116668.0,6
1392116668.0,1392116668.0,3
1392116669.0,1392116669.0,"6,3"
1392116669.0,1392116669.0,6
1392116669.0,1392116669.0,3
1392116670.0,1392116670.0,"6,3"
1392116670.0,1392116670.0,6
1392116670.0,1392116670.0,3
1392116671.0,1392116671.0,"6,3"
1392116671.0,1392116671.0,6
1392116671.0,1392116671.0,3
1392116672.0,1392116672.0,"6,3"
1392116672.0,1392116672.0,6
1392116672.0,1392116672.0,3
1392116673.0,1392116673.0,"6,3"
1392116673.0,1392116673.0,6
1392116673.0,1392116673.0,3
1392116674.0,1392116674.0,"6,3"
1392116674.0,1392116674.0,6
1392116674.0,1392116674.0,3
1392116675.0,1392116675.0,"6,3"
1392116675.0,1392116675.0,6
1392116675.0,1392116675.0,3
1392116676.0,1392116676.0,"6,3"
1392116676.0,1392116676.0,6
1392116676.0,1392116676.0,3
1392116677.0,1392116677.0,"6,3"
1392116677.0,1392116677.0,6
1392116677.0,1392116677.0,3
1392116678.0,1392116678.0,"6,3"
1392116678.0,1392116678.0,6
1392116678.0,1392116678.0,3
1392116679.0,1392116679.0,"6,3"
1392116679.0,1392116679.0,6
1392116679.0,1392116679.0,3
1392116680.0,1392116680.0,"6,3"
1392116680.0,1392116680.0,6
1392116680.0,1392116680.0,3
1392116681.0,1392116681.0,"6,3"
1392116681.0,1392116681.0,6
1392116681.0,1392116681.0,3
1392116682.0,1392116682.0,"6,3"
1392116682.0,1392116682.0,6
1392116682.0,1392116682.0,3
1392116683.0,1392116683.0,"6,3"
1392116683.0,1392116683.0,6
1392116683.0,1392116683.0,3
1392116684.0,1392116684.0,"6,3"
1392116684.0,1392116684.0,6
1392116684.0,1392116684.0,3
1392116685.0,1392116685.0,"6,3"
1392116685.0,1392116685.0,6
1392116685.0,1392116685.0,3
1392116686.0,1392116686.0,"6,3"
1392116686.0,1392116686.0,6
1392116686.0,1392116686.0,3
1392116687.0,1392116687.0,"6,3"
1392116687.0,1392116687.0,6
1392116687.0,1392116687.0,3
1392116688.0,1392116688.0,"6,3"
1392116688.0,1392116688.0,6
1392116688.0,1392116688.0,3
1392116689.0,1392116689.0,"6,3"
1392116689.0,1392116689.0,6
1392116689.0,1392116689.0,3
1392116690.0,1392116690.0,"6,3"
1392116690.0,1392116690.0,6
1392116690.0,1392116690.0,3
1392116691.0,1392116691.0,"6,3"
1392116691.0,1392116691.0,6
1392116691.0,1392116691.0,3
1392116692.0,1392116692.0,"6,3"
1392116692.0,1392116692.0,6
1392116692.0,1392116692.0,3
1392116693.0,1392116693.0,"6,3"
1392116693.0,1392116693.0,6
1392116693.0,1392116693.0,3
1392116694.0,1392116694.0,"6,3"
1392116694.0,1392116694.0,6
1392116694.0,1392116694.0,3
1392116695.0,1392116695.0,"6,3"
1392116695.0,1392116695.0,6
1392116695.0,1392116695.0,3
1392116696.0,1392116696.0,"6,3"
1392116696.0,1392116696.0,6
1392116696.0,1392116696.0,3
1392116697.0,1392116697.0,"6,3"
1392116697.0,1392116697.0,6
1392116697.0,1392116697.0,3
1392116698.0,1392116698.0,"6,3"
1392116698.0,1392116698.0,6
1392116698.0,1392116698.0,3
1392116699.0,1392116699.0,"6,3"
1392116699.0,1392116699.0,6
1392116699.0,1392116699.0,3
1392116700.0,1392116700.0,"6,3"
1392116700.0,1392116700.0,6
1392116700.0,1392116700.0,3
1392116701.0,1392116701.0,"6,3"
1392116701.0,1392116701.0,6
1392116701.0,1392116701.0,3
1392116702.0,1392116702.0,"6,3"
1392116702.0,1392116702.0,6
1392116702.0,1392116702.0,3
1392116703.0,1392116703.0,"6,3"
1392116703.0,1392116703.0,6
1392116703.0,1392116703.0,3
1392116704.0,1392116704.0,"6,3"
1392116704.0,1392116704.0,6
1392116704.0,1392116704.0,3
1392116705.0,1392116705.0,"6,3"
1392116705.0,1392116705.0,6
1392116705.0,1392116705.0,3
1392116706.0,1392116706.0,"6,3"
1392116706.0,1392116706.0,6
1392116706.0,1392116706.0,3
1392116707.0,1392116707.0,"6,3"
1392116707.0,1392116707.0,6
1392116707.0,1392116707.0,3
1392116708.0,1392116708.0,"6,3"
1392116708.0,1392116708.0,6
1392116708.0,1392116708.0,3
1392116709.0,1392116709.0,"6,3"
1392116709.0,1392116709.0,6
1392116709.0,1392116709.0,3
1392116710.0,1392116710.0,"6,3"
1392116710.0,1392116710.0,6
1392116710.0,1392116710.0,3
1392116711.0,1392116711.0,"6,3"
1392116711.0,1392116711.0,6
1392116711.0,1392116711.0,3
1392116712.0,1392116712.0,"6,3"
1392116712.0,1392116712.0,6
1392116712.0,1392116712.0,3
1392116713.0,1392116713.0,"6,3"
1392116713.0,1392116713.0,6
1392116713.0,1392116713.0,3
1392116714.0,1392116714.0,"6,3"
1392116714.0,1392116714.0,6
1392116714.0,1392116714.0,3
1392116715.0,1392116715.0,"6,3"
1392116715.0,1392116715.0,6
1392116715.0,1392116715.0,3
1392116716.0,1392116716.0,"6,3"
1392116716.0,1392116716.0,6
1392116716.0,1392116716.0,3
1392116717.0,1392116717.0,"6,3"
1392116717.0,1392116717.0,6
1392116717.0,1392116717.0,3
1392116718.0,1392116718.0,"6,3"
1392116718.0,1392116718.0,6
1392116718.0,1392116718.0,3
1392116719.0,1392116719.0,"6,3"
1392116719.0,1392116719.0,6
1392116719.0,1392116719.0,3
1392116720.0,1392116720.0,"6,3"
1392116720.0,1392116720.0,6
1392116720.0,1392116720.0,3
1392116721.0,1392116721.0,"6,3"
1392116721.0,1392116721.0,6
1392116721.0,1392116721.0,3
1392116722.0,1392116722.0,"6,3"
1392116722.0,1392116722.0,6
1392116722.0,1392116722.0,3
1392116723.0,1392116723.0,"6,3"
1392116723.0,1392116723.0,6
1392116723.0,1392116723.0,3
1392116724.0,1392116724.0,"6,3"
1392116724.0,1392116724.0,6
1392116724.0,1392116724.0,3
1392116725.0,1392116725.0,"6,3"
1392116725.0,1392116725.0,6
1392116725.0,1392116725.0,3
1392116726.0,1392116726.0,"6,3"
1392116726.0,1392116726.0,6
1392116726.0,1392116726.0,3
1392116727.0,1392116727.0,"6,3"
1392116727.0,1392116727.0,6
1392116727.0,1392116727.0,3
1392116728.0,1392116728.0,"6,3"
1392116728.0,1392116728.0,6
1392116728.0,1392116728.0,3
1392116729.0,1392116729.0,"6,3"
1392116729.0,1392116729.0,6
1392116729.0,1392116729.0,3
1392116730.0,1392116730.0,"6,3"
1392116730.0,1392116730.0,6
1392116730.0,1392116730.0,3
1392116731.0,1392116731.0,"6,3"
1392116731.0,1392116731.0,6
1392116731.0,1392116731.0,3
1392116732.0,1392116732.0,"6,3"
1392116732.0,1392116732.0,6
1392116732.0,1392116732.0,3
1392116733.0,1392116733.0,"6,3"
1392116733.0,1392116733.0,6
1392116733.0,1392116733.0,3
1392116734.0,1392116734.0,"6,3"
1392116734.0,1392116734.0,6
1392116734.0,1392116734.0,3
1392116735.0,1392116735.0,"6,3"
1392116735.0,1392116735.0,6
1392116735.0,1392116735.0,3
1392116736.0,1392116736.0,"6,3"
1392116736.0,1392116736.0,6
1392116736.0,1392116736.0,3
1392116737.0,1392116737.0,"6,3"
1392116737.0,1392116737.0,6
1392116737.0,1392116737.0,3
1392116738.0,1392116738.0,"6,3"
1392116738.0,1392116738.0,6
1392116738.0,1392116738.0,3
1392116739.0,1392116739.0,"6,3"
1392116739.0,1392116739.0,6
1392116739.0,1392116739.0,3
1392116740.0,1392116740.0,"6,3"
1392116740.0,1392116740.0,6
1392116740.0,1392116740.0,3
1392116741.0,1392116741.0,"6,3"
1392116741.0,1392116741.0,6
1392116741.0,1392116741.0,3
1392116742.0,1392116742.0,"6,3"
1392116742.0,1392116742.0,6
1392116742.0,1392116742.0,3
1392116743.0,1392116743.0,"6,3"
1392116743.0,1392116743.0,6
1392116743.0,1392116743.0,3
1392116744.0,1392116744.0,"6,3"
1392116744.0,1392116744.0,6
1392116744.0,1392116744.0,3
1392116745.0,1392116745.0,"6,3"
1392116745.0,1392116745.0,6
1392116745.0,1392116745.0,3
1392116746.0,1392116746.0,"6,3"
1392116746.0,1392116746.0,6
1392116746.0,1392116746.0,3
1392116747.0,1392116747.0,"6,3"
1392116747.0,1392116747.0,6
1392116747.0,1392116747.0,3
1392116748.0,1392116748.0,"6,3"
1392116748.0,1392116748.0,6
1392116748.0,1392116748.0,3
1392116749.0,1392116749.0,"6,3"
1392116749.0,1392116749.0,6
1392116749.0,1392116749.0,3
1392116750.0,1392116750.0,"6,3"
1392116750.0,1392116750.0,6
1392116750.0,1392116750.0,3
1392116751.0,1392116751.0,"6,3"
1392116751.0,1392116751.0,6
1392116751.0,1392116751.0,3
1392116752.0,1392116752.0,"6,3"
1392116752.0,1392116752.0,6
1392116752.0,1392116752.0,3
1392116753.0,1392116753.0,"6,3"
1392116753.0,1392116753.0,6
1392116753.0,1392116753.0,3
1392116754.0,1392116754.0,"6,3"
1392116754.0,1392116754.0,6
1392116754.0,1392116754.0,3
1392116755.0,1392116755.0,"6,3"
1392116755.0,1392116755.0,6
1392116755.0,1392116755.0,3
1392116756.0,1392116756.0,"6,3"
1392116756.0,1392116756.0,6
1392116756.0,1392116756.0,3
1392116757.0,1392116757.0,"6,3"
1392116757.0,1392116757.0,6
1392116757.0,1392116757.0,3
1392116758.0,1392116758.0,"6,3"
1392116758.0,1392116758.0,6
1392116758.0,1392116758.0,3
1392116759.0,1392116759.0,"6,3"
1392116759.0,1392116759.0,6
1392116759.0,1392116759.0,3
1392116760.0,1392116760.0,"6,3"
1392116760.0,1392116760.0,6
1392116760.0,1392116760.0,3
1392116761.0,1392116761.0,"6,3"
1392116761.0,1392116761.0,6
1392116761.0,1392116761.0,3
1392116762.0,1392116762.0,"6,3"
1392116762.0,1392116762.0,6
1392116762.0,1392116762.0,3
1392116763.0,1392116763.0,"6,3"
1392116763.0,1392116763.0,6
1392116763.0,1392116763.0,3
1392116764.0,1392116764.0,"6,3"
1392116764.0,1392116764.0,6
1392116764.0,1392116764.0,3
1392116765.0,1392116765.0,"6,3"
1392116765.0,1392116765.0,6
1392116765.0,1392116765.0,3
1392116766.0,1392116766.0,"6,3"
1392116766.0,1392116766.0,6
1392116766.0,1392116766.0,3
1392116767.0,1392116767.0,"6,3"
1392116767.0,1392116767.0,6
1392116767.0,1392116767.0,3
1392116768.0,1392116768.0,"6,3"
1392116768.0,1392116768.0,6
1392116768.0,1392116768.0,3
1392116769.0,1392116769.0,"6,3"
1392116769.0,1392116769.0,6
1392116769.0,1392116769.0,3
1392116770.0,1392116770.0,"6,3"
1392116770.0,1392116770.0,6
1392116770.0,1392116770.0,3
1392116771.0,1392116771.0,"6,3"
1392116771.0,1392116771.0,6
1392116771.0,1392116771.0,3
1392116772.0,1392116772.0,"6,3"
1392116772.0,1392116772.0,6
1392116772.0,1392116772.0,3
1392116773.0,1392116773.0,"6,3"
1392116773.0,1392116773.0,6
1392116773.0,1392116773.0,3
1392116774.0,1392116774.0,"6,3"
1392116774.0,1392116774.0,6
1392116774.0,1392116774.0,3
1392116775.0,1392116775.0,"6,3"
1392116775.0,1392116775.0,6
1392116775.0,1392116775.0,3
1392116776.0,1392116776.0,"6,3"
1392116776.0,1392116776.0,6
1392116776.0,1392116776.0,3
1392116777.0,1392116777.0,"6,3"
1392116777.0,1392116777.0,6
1392116777.0,1392116777.0,3
1392116778.0,1392116778.0,"6,3"
1392116778.0,1392116778.0,6
1392116778.0,1392116778.0,3
1392116779.0,1392116779.0,"6,3"
1392116779.0,1392116779.0,6
1392116779.0,1392116798.0,3
1392116799.0,1392116799.0,"6,3"
1392116799.0,1392116799.0,6
1392116799.0,1392116799.0,3
1392116800.0,1392116800.0,"6,3"
1392116800.0,1392116800.0,6
1392116800.0,1392116800.0,3
1392116801.0,1392116801.0,"6,3"
1392116801.0,1392116801.0,6
1392116801.0,1392116801.0,3
1392116802.0,1392116802.0,"6,3"
1392116802.0,1392116802.0,6
1392116802.0,1392116802.0,3
1392116803.0,1392116803.0,"6,3"
1392116803.0,1392116803.0,6
1392116803.0,1392116803.0,3
1392116804.0,1392116804.0,"6,3"
1392116804.0,1392116804.0,6
1392116804.0,1392116804.0,3
1392116805.0,1392116805.0,"6,3"
1392116805.0,1392116805.0,6
1392116805.0,1392116805.0,3
1392116806.0,1392116806.0,"6,3"
1392116806.0,1392116806.0,6
1392116806.0,1392116806.0,3
1392116807.0,1392116807.0,"6,3"
1392116807.0,1392116807.0,6
1392116807.0,1392116807.0,3
1392116808.0,1392116808.0,"6,3"
1392116808.0,1392116808.0,6
1392116808.0,1392116808.0,3
1392116809.0,1392116809.0,"6,3"
1392116809.0,1392116809.0,6
1392116809.0,1392116809.0,3
1392116810.0,1392116810.0,"6,3"
1392116810.0,1392116810.0,6
1392116810.0,1392116810.0,3
1392116811.0,1392116811.0,"6,3"
1392116811.0,1392116811.0,6
1392116811.0,1392116811.0,3
1392116812.0,1392116812.0,"6,3"
1392116812.0,1392116812.0,6
1392116812.0,1392116812.0,3
1392116813.0,1392116813.0,"6,3"
1392116813.0,1392116813.0,6
1392116813.0,1392116813.0,3
1392116814.0,1392116814.0,"6,3"
1392116814.0,1392116814.0,6
1392116814.0,1392116814.0,3
1392116815.0,1392116815.0,"6,3"
1392116815.0,1392116815.0,6
1392116815.0,1392116815.0,3
1392116816.0,1392116816.0,"6,3"
1392116816.0,1392116816.0,6
1392116816.0,1392116816.0,3
1392116817.0,1392116817.0,"6,3"
1392116817.0,1392116817.0,6
1392116817.0,1392116817.0,3
1392116818.0,1392116818.0,"6,3"
1392116818.0,1392116818.0,6
1392116818.0,1392116818.0,3
1392116819.0,1392116819.0,"6,3"
1392116819.0,1392116819.0,6
1392116819.0,1392116819.0,3
1392116820.0,1392116820.0,"6,3"
1392116820.0,1392116820.0,6
1392116820.0,1392116820.0,3
1392116821.0,1392116821.0,"6,3"
1392116821.0,1392116821.0,6
1392116821.0,1392116821.0,3
1392116822.0,1392116822.0,"6,3"
1392116822.0,1392116822.0,6
1392116822.0,1392116822.0,3
1392116823.0,1392116823.0,"6,3"
1392116823.0,1392116823.0,6
1392116823.0,1392116823.0,3
1392116824.0,1392116824.0,"6,3"
1392116824.0,1392116824.0,6
1392116824.0,1392116824.0,3
1392116825.0,1392116825.0,"6,3"
1392116825.0,1392116825.0,6
1392116825.0,1392116825.0,3
1392116826.0,1392116826.0,"6,3"
1392116826.0,1392116826.0,6
1392116826.0,1392116826.0,3
1392116827.0,1392116827.0,"6,3"
1392116827.0,1392116827.0,6
1392116827.0,1392116827.0,3
1392116828.0,1392116828.0,"6,3"
1392116828.0,1392116828.0,6
1392116828.0,1392116828.0,3
1392116829.0,1392116829.0,"6,3"
1392116829.0,1392116829.0,6
1392116829.0,1392116829.0,3
1392116830.0,1392116830.0,"6,3"
1392116830.0,1392116830.0,6
1392116830.0,1392116830.0,3
1392116831.0,1392116831.0,"6,3"
1392116831.0,1392116831.0,6
1392116831.0,1392116831.0,3
1392116832.0,1392116832.0,"6,3"
1392116832.0,1392116832.0,6
1392116832.0,1392116832.0,3
1392116833.0,1392116833.0,"6,3"
1392116833.0,1392116833.0,6
1392116833.0,1392116833.0,3
1392116834.0,1392116834.0,"6,3"
1392116834.0,1392116834.0,6
1392116834.0,1392116834.0,3
1392116835.0,1392116835.0,"6,3"
1392116835.0,1392116835.0,6
1392116835.0,1392116835.0,3
1392116836.0,1392116836.0,"6,3"
1392116836.0,1392116836.0,6
1392116836.0,1392116836.0,3
1392116837.0,1392116837.0,"6,3"
1392116837.0,1392116837.0,6
1392116837.0,1392116837.0,3
1392116838.0,1392116838.0,"6,3"
1392116838.0,1392116838.0,6
1392116838.0,1392116838.0,3
1392116839.0,1392116839.0,"6,3"
1392116839.0,1392116839.0,6
1392116839.0,1392116839.0,3
1392116840.0,1392116840.0,"6,3"
1392116840.0,1392116840.0,6
1392116840.0,1392116840.0,3
1392116841.0,1392116841.0,"6,3"
1392116841.0,1392116841.0,6
1392116841.0,1392116841.0,3
1392116842.0,1392116842.0,"6,3"
1392116842.0,1392116842.0,6
1392116842.0,1392116842.0,3
1392116843.0,1392116843.0,"6,3"
1392116843.0,1392116843.0,6
1392116843.0,1392116843.0,3
1392116844.0,1392116844.0,"6,3"
1392116844.0,1392116844.0,6
1392116844.0,1392116844.0,3
1392116845.0,1392116845.0,"6,3"
1392116845.0,1392116845.0,6
1392116845.0,1392116845.0,3
1392116846.0,1392116846.0,"6,3"
1392116846.0,1392116846.0,6
1392116846.0,1392116846.0,3
1392116847.0,1392116847.0,"6,3"
1392116847.0,1392116847.0,6
1392116847.0,1392116847.0,3
1392116848.0,1392116848.0,"6,3"
1392116848.0,1392116848.0,6
1392116848.0,1392116848.0,3
1392116849.0,1392116849.0,"6,3"
1392116849.0,1392116849.0,6
1392116849.0,1392116849.0,3
1392116850.0,1392116850.0,"6,3"
1392116850.0,1392116850.0,6
1392116850.0,1392116850.0,3
1392116851.0,1392116851.0,"6,3"
1392116851.0,1392116851.0,6
1392116851.0,1392116851.0,3
1392116852.0,1392116852.0,"6,3"
1392116852.0,1392116852.0,6
1392116852.0,1392116852.0,3
1392116853.0,1392116853.0,"6,3"
1392116853.0,1392116853.0,6
1392116853.0,1392116853.0,3
1392116854.0,1392116854.0,"6,3"
1392116854.0,1392116854.0,6
1392116854.0,1392116854.0,3
1392116855.0,1392116855.0,"6,3"
1392116855.0,1392116855.0,6
1392116855.0,1392116855.0,3
1392116856.0,1392116856.0,"6,3"
1392116856.0,1392116856.0,6
1392116856.0,1392116856.0,3
1392116857.0,1392116857.0,"6,3"
1392116857.0,1392116857.0,6
1392116857.0,1392116857.0,3
1392116858.0,1392116858.0,"6,3"
1392116858.0,1392116858.0,6
1392116858.0,1392116858.0,3
1392116859.0,1392116859.0,"6,3"
1392116859.0,1392116859.0,6
1392116859.0,1392116859.0,3
1392116860.0,1392116860.0,"6,3"
1392116860.0,1392116860.0,6
1392116860.0,1392116860.0,3
1392116861.0,1392116861.0,"6,3"
1392116861.0,1392116861.0,6
1392116861.0,1392116861.0,3
1392116862.0,1392116862.0,"6,3"
1392116862.0,1392116862.0,6
1392116862.0,1392116862.0,3
1392116863.0,1392116863.0,"6,3"
1392116863.0,1392116863.0,6
1392116863.0,1392116863.0,3
1392116864.0,1392116864.0,"6,3"
1392116864.0,1392116864.0,6
1392116864.0,1392116864.0,3
1392116865.0,1392116865.0,"6,3"
1392116865.0,1392116865.0,6
1392116865.0,1392116865.0,3
1392116866.0,1392116866.0,"6,3"
1392116866.0,1392116866.0,6
1392116866.0,1392116866.0,3
1392116867.0,1392116867.0,"6,3"
1392116867.0,1392116867.0,6
1392116867.0,1392116867.0,3
1392116868.0,1392116868.0,"6,3"
1392116868.0,1392116868.0,6
1392116868.0,1392116868.0,3
1392116869.0,1392116869.0,"6,3"
1392116869.0,1392116869.0,6
1392116869.0,1392116869.0,3
1392116870.0,1392116870.0,"6,3"
1392116870.0,1392116870.0,6
1392116870.0,1392116870.0,3
1392116871.0,1392116871.0,"6,3"
1392116871.0,1392116871.0,6
1392116871.0,1392116871.0,3
1392116872.0,1392116872.0,"6,3"
1392116872.0,1392116872.0,6
1392116872.0,1392116872.0,3
1392116873.0,1392116873.0,"6,3"
1392116873.0,1392116873.0,6
1392116873.0,1392116873.0,3
1392116874.0,1392116874.0,"6,3"
1392116874.0,1392116874.0,6
1392116874.0,1392116874.0,3
1392116875.0,1392116875.0,"6,3"
1392116875.0,1392116875.0,6
1392116875.0,1392116875.0,3
1392116876.0,1392116876.0,"6,3"
1392116876.0,1392116876.0,6
1392116876.0,1392116876.0,3
1392116877.0,1392116877.0,"6,3"
1392116877.0,1392116877.0,6
1392116877.0,1392116877.0,3
1392116878.0,1392116878.0,"6,3"
1392116878.0,1392116878.0,6
1392116878.0,1392116878.0,3
1392116879.0,1392116879.0,"6,3"
1392116879.0,1392116879.0,6
1392116879.0,1392116879.0,3
1392116880.0,1392116880.0,"6,3"
1392116880.0,1392116880.0,6
1392116880.0,1392116880.0,3
1392116881.0,1392116881.0,"6,3"
1392116881.0,1392116881.0,6
1392116881.0,1392116881.0,3
1392116882.0,1392116882.0,"6,3"
1392116882.0,1392116882.0,6
1392116882.0,1392116882.0,3
1392116883.0,1392116883.0,"6,3"
1392116883.0,1392116883.0,6
1392116883.0,1392116883.0,3
1392116884.0,1392116884.0,"6,3"
1392116884.0,1392116884.0,6
1392116884.0,1392116884.0,3
1392116885.0,1392116885.0,"6,3"
1392116885.0,1392116885.0,6
1392116885.0,1392116885.0,3
1392116886.0,1392116886.0,"6,3"
1392116886.0,1392116886.0,6
1392116886.0,1392116886.0,3
1392116887.0,1392116887.0,"6,3"
1392116887.0,1392116887.0,6
1392116887.0,1392116887.0,3
1392116888.0,1392116888.0,"6,3"
1392116888.0,1392116888.0,6
1392116888.0,1392116888.0,3
1392116889.0,1392116889.0,"6,3"
1392116889.0,1392116889.0,6
1392116889.0,1392116889.0,3
1392116890.0,1392116890.0,"6,3"
1392116890.0,1392116890.0,6
1392116890.0,1392116890.0,3
1392116891.0,1392116891.0,"6,3"
1392116891.0,1392116891.0,6
1392116891.0,1392116891.0,3
1392116892.0,1392116892.0,"6,3"
1392116892.0,1392116892.0,6
1392116892.0,1392116892.0,3
1392116893.0,1392116893.0,"6,3"
1392116893.0,1392116893.0,6
1392116893.0,1392116893.0,3
1392116894.0,1392116894.0,"6,3"
1392116894.0,1392116894.0,6
1392116894.0,1392116894.0,3
1392116895.0,1392116895.0,"6,3"
1392116895.0,1392116895.0,6
1392116895.0,1392116895.0,3
1392116896.0,1392116896.0,"6,3"
1392116896.0,1392116896.0,6
1392116896.0,1392116896.0,3
1392116897.0,1392116897.0,"6,3"
1392116897.0,1392116897.0,6
1392116897.0,1392116897.0,3
1392116898.0,1392116898.0,"6,3"
1392116898.0,1392116898.0,6
1392116898.0,1392116898.0,3
1392116899.0,1392116899.0,"6,3"
1392116899.0,1392116899.0,6
1392116899.0,1392116899.0,3
1392116900.0,1392116900.0,"6,3"
1392116900.0,1392116900.0,6
1392116900.0,1392116900.0,3
1392116901.0,1392116901.0,"6,3"
1392116901.0,1392116901.0,6
1392116901.0,1392116901.0,3
1392116902.0,1392116902.0,"6,3"
1392116902.0,1392116902.0,6
1392116902.0,1392116902.0,3
1392116903.0,1392116903.0,"6,3"
1392116903.0,1392116903.0,6
1392116903.0,1392116903.0,3
1392116904.0,1392116904.0,"6,3"
1392116904.0,1392116904.0,6
1392116904.0,1392116904.0,3
1392116905.0,1392116905.0,"6,3"
1392116905.0,1392116905.0,6
1392116905.0,1392116905.0,3
1392116906.0,1392116906.0,"6,3"
1392116906.0,1392116906.0,6
1392116906.0,1392116906.0,3
1392116907.0,1392116907.0,"6,3"
1392116907.0,1392116907.0,6
1392116907.0,1392116907.0,3
1392116908.0,1392116908.0,"6,3"
1392116908.0,1392116908.0,6
1392116908.0,1392116908.0,3
1392116909.0,1392116909.0,"6,3"
1392116909.0,1392116909.0,6
1392116909.0,1392116909.0,3
1392116910.0,1392116910.0,"6,3"
1392116910.0,1392116910.0,6
1392116910.0,1392116910.0,3
1392116911.0,1392116911.0,"6,3"
1392116911.0,1392116911.0,6
1392116911.0,1392116911.0,3
1392116912.0,1392116912.0,"6,3"
1392116912.0,1392116912.0,6
1392116912.0,1392116912.0,3
1392116913.0,1392116913.0,"6,3"
1392116913.0,1392116913.0,6
1392116913.0,1392116913.0,3
1392116914.0,1392116914.0,"6,3"
1392116914.0,1392116914.0,6
1392116914.0,1392116914.0,3
1392116915.0,1392116915.0,"6,3"
1392116915.0,1392116915.0,6
1392116915.0,1392116915.0,3
1392116916.0,1392116916.0,"6,3"
1392116916.0,1392116916.0,6
1392116916.0,1392116916.0,3
1392116917.0,1392116917.0,"6,3"
1392116917.0,1392116917.0,6
1392116917.0,1392116917.0,3
1392116918.0,1392116918.0,"6,3"
1392116918.0,1392116918.0,6
1392116918.0,1392116918.0,3
1392116919.0,1392116919.0,"6,3"
1392116919.0,1392116919.0,6
1392116919.0,1392116919.0,3
1392116920.0,1392116920.0,"6,3"
1392116920.0,1392116920.0,6
1392116920.0,1392116920.0,3
1392116921.0,1392116921.0,"6,3"
1392116921.0,1392116921.0,6
1392116921.0,1392116921.0,3
1392116922.0,1392116922.0,"6,3"
1392116922.0,1392116922.0,6
1392116922.0,1392116922.0,3
1392116923.0,1392116923.0,"6,3"
1392116923.0,1392116923.0,6
1392116923.0,1392116923.0,3
1392116924.0,1392116924.0,"6,3"
1392116924.0,1392116924.0,6
1392116924.0,1392116924.0,3
1392116925.0,1392116925.0,"6,3"
1392116925.0,1392116925.0,6
1392116925.0,1392116925.0,3
1392116926.0,1392116926.0,"6,3"
1392116926.0,1392116926.0,6
1392116926.0,1392116926.0,3
1392116927.0,1392116927.0,"6,3"
1392116927.0,1392116927.0,6
1392116927.0,1392116927.0,3
1392116928.0,1392116928.0,"6,3"
1392116928.0,1392116928.0,6
1392116928.0,1392116928.0,3
1392116929.0,1392116929.0,"6,3"
1392116929.0,1392116929.0,6
1392116929.0,1392116929.0,3
1392116930.0,1392116930.0,"6,3"
1392116930.0,1392116930.0,6
1392116930.0,1392116930.0,3
1392116931.0,1392116931.0,"6,3"
1392116931.0,1392116931.0,6
1392116931.0,1392116931.0,3
1392116932.0,1392116932.0,"6,3"
1392116932.0,1392116932.0,6
1392116932.0,1392116932.0,3
1392116933.0,1392116933.0,"6,3"
1392116933.0,1392116933.0,6
1392116933.0,1392116933.0,3
1392116934.0,1392116934.0,"6,3"
1392116934.0,1392116934.0,6
1392116934.0,1392116934.0,3
1392116935.0,1392116935.0,"6,3"
1392116935.0,1392116935.0,6
1392116935.0,1392116935.0,3
1392116936.0,1392116936.0,"6,3"
1392116936.0,1392116936.0,6
1392116936.0,1392116936.0,3
1392116937.0,1392116937.0,"6,3"
1392116937.0,1392116937.0,6
1392116937.0,1392116937.0,3
1392116938.0,1392116938.0,"6,3"
1392116938.0,1392116938.0,6
1392116938.0,1392116938.0,3
1392116939.0,1392116939.0,"6,3"
1392116939.0,1392116939.0,6
1392116939.0,1392116939.0,3
1392116940.0,1392116940.0,"6,3"
1392116940.0,1392116940.0,6
1392116940.0,1392116940.0,3
1392116941.0,1392116941.0,"6,3"
1392116941.0,1392116941.0,6
1392116941.0,1392116941.0,3
1392116942.0,1392116942.0,"6,3"
1392116942.0,1392116942.0,6
1392116942.0,1392116942.0,3
1392116943.0,1392116943.0,"6,3"
1392116943.0,1392116943.0,6
1392116943.0,1392116943.0,3
1392116944.0,1392116944.0,"6,3"
1392116944.0,1392116944.0,6
1392116944.0,1392116944.0,3
1392116945.0,1392116945.0,"6,3"
1392116945.0,1392116945.0,6
1392116945.0,1392116945.0,3
1392116946.0,1392116946.0,"6,3"
1392116946.0,1392116946.0,6
1392116946.0,1392116946.0,3
1392116947.0,1392116947.0,"6,3"
1392116947.0,1392116947.0,6
1392116947.0,1392116947.0,3
1392116948.0,1392116948.0,"6,3"
1392116948.0,1392116948.0,6
1392116948.0,1392116948.0,3
1392116949.0,1392116949.0,"6,3"
1392116949.0,1392116949.0,6
1392116949.0,1392116949.0,3
1392116950.0,1392116950.0,"6,3"
1392116950.0,1392116950.0,6
1392116950.0,1392116950.0,3
1392116951.0,1392116951.0,"6,3"
1392116951.0,1392116951.0,6
1392116951.0,1392116951.0,3
1392116952.0,1392116952.0,"6,3"
1392116952.0,1392116952.0,6
1392116952.0,1392116952.0,3
1392116953.0,1392116953.0,"6,3"
1392116953.0,1392116953.0,6
1392116953.0,1392116953.0,3
1392116954.0,1392116954.0,"6,3"
1392116954.0,1392116954.0,6
1392116954.0,1392116954.0,3
1392116955.0,1392116955.0,"6,3"
1392116955.0,1392116955.0,6
1392116955.0,1392116955.0,3
1392116956.0,1392116956.0,"6,3"
1392116956.0,1392116956.0,6
1392116956.0,1392116956.0,3
1392116957.0,1392116957.0,"6,3"
1392116957.0,1392116957.0,6
1392116957.0,1392116957.0,3
1392116958.0,1392116958.0,"6,3"
1392116958.0,1392116958.0,6
1392116958.0,1392116958.0,3
1392116959.0,1392116959.0,"6,3"
1392116959.0,1392116959.0,6
1392116959.0,1392116959.0,3
1392116960.0,1392116960.0,"6,3"
1392116960.0,1392116960.0,6
1392116960.0,1392116960.0,3
1392116961.0,1392116961.0,"6,3"
1392116961.0,1392116961.0,6
1392116961.0,1392116961.0,3
1392116962.0,1392116962.0,"6,3"
1392116962.0,1392116962.0,6
1392116962.0,1392116962.0,3
1392116963.0,1392116963.0,"6,3"
1392116963.0,1392116963.0,6
1392116963.0,1392116963.0,3
1392116964.0,1392116964.0,"6,3"
1392116964.0,1392116964.0,6
1392116964.0,1392116964.0,3
1392116965.0,1392116965.0,"6,3"
1392116965.0,1392116965.0,6
1392116965.0,1392116965.0,3
1392116966.0,1392116966.0,"6,3"
1392116966.0,1392116966.0,6
1392116966.0,1392116966.0,3
1392116967.0,1392116967.0,"6,3"
1392116967.0,1392116967.0,6
1392116967.0,1392116967.0,3
1392116968.0,1392116968.0,"6,3"
1392116968.0,1392116968.0,6
1392116968.0,1392116968.0,3
1392116969.0,1392116969.0,"6,3"
1392116969.0,1392116969.0,6
1392116969.0,1392116969.0,3
1392116970.0,1392116970.0,"6,3"
1392116970.0,1392116970.0,6
1392116970.0,1392116970.0,3
1392116971.0,1392116971.0,"6,3"
1392116971.0,1392116971.0,6
1392116971.0,1392116971.0,3
1392116972.0,1392116972.0,"6,3"
1392116972.0,1392116972.0,6
1392116972.0,1392116972.0,3
1392116973.0,1392116973.0,"6,3"
1392116973.0,1392116973.0,6
1392116973.0,1392116973.0,3
1392116974.0,1392116974.0,"6,3"
1392116974.0,1392116974.0,6
1392116974.0,1392116974.0,3
1392116975.0,1392116975.0,"6,3"
1392116975.0,1392116975.0,6
1392116975.0,1392116975.0,3
1392116976.0,1392116976.0,"6,3"
1392116976.0,1392116976.0,6
1392116976.0,1392116976.0,3
1392116977.0,1392116977.0,"6,3"
1392116977.0,1392116977.0,6
1392116977.0,1392116977.0,3
1392116978.0,1392116978.0,"6,3"
1392116978.0,1392116978.0,6
1392116978.0,1392116978.0,3
1392116979.0,1392116979.0,"6,3"
1392116979.0,1392116979.0,6
1392116979.0,1392116979.0,3
1392116980.0,1392116980.0,"6,3"
1392116980.0,1392116980.0,6
1392116980.0,1392116980.0,3
1392116981.0,1392116981.0,"6,3"
1392116981.0,1392116981.0,6
1392116981.0,1392116981.0,3
1392116982.0,1392116982.0,"6,3"
1392116982.0,1392116982.0,6
1392116982.0,1392116982.0,3
1392116983.0,1392116983.0,"6,3"
1392116983.0,1392116983.0,6
1392116983.0,1392116983.0,3
1392116984.0,1392116984.0,"6,3"
1392116984.0,1392116984.0,6
1392116984.0,1392116984.0,3
1392116985.0,1392116985.0,"6,3"
1392116985.0,1392116985.0,6
1392116985.0,1392116985.0,3
1392116986.0,1392116986.0,"6,3"
1392116986.0,1392116986.0,6
1392116986.0,1392116986.0,3
1392116987.0,1392116987.0,"6,3"
1392116987.0,1392116987.0,6
1392116987.0,1392116987.0,3
1392116988.0,1392116988.0,"6,3"
1392116988.0,1392116988.0,6
1392116988.0,1392116988.0,3
1392116989.0,1392116989.0,"6,3"
1392116989.0,1392116989.0,6
1392116989.0,1392116989.0,3
1392116990.0,1392116990.0,"6,3"
1392116990.0,1392116990.0,6
1392116990.0,1392116990.0,3
1392116991.0,1392116991.0,"6,3"
1392116991.0,1392116991.0,6
1392116991.0,1392116991.0,3
1392116992.0,1392116992.0,"6,3"
1392116992.0,1392116992.0,6
1392116992.0,1392116992.0,3
1392116993.0,1392116993.0,"6,3"
1392116993.0,1392116993.0,6
1392116993.0,1392116993.0,3
1392116994.0,1392116994.0,"6,3"
1392116994.0,1392116994.0,6
1392116994.0,1392116994.0,3
1392116995.0,1392116995.0,"6,3"
1392116995.0,1392116995.0,6
1392116995.0,1392116995.0,3
1392116996.0,1392116996.0,"6,3"
1392116996.0,1392116996.0,6
1392116996.0,1392116996.0,3
1392116997.0,1392116997.0,"6,3"
1392116997.0,1392116997.0,6
1392116997.0,1392116997.0,3
1392116998.0,1392116998.0,"6,3"
1392116998.0,1392116998.0,6
1392116998.0,1392116998.0,3
1392116999.0,1392116999.0,"6,3"
1392116999.0,1392116999.0,6
1392116999.0,1392116999.0,3
1392117000.0,1392117000.0,"6,3"
1392117000.0,1392117000.0,6
1392117000.0,1392117000.0,3
1392117001.0,1392117001.0,"6,3"
1392117001.0,1392117001.0,6
1392117001.0,1392117001.0,3
1392117002.0,1392117002.0,"6,3"
1392117002.0,1392117002.0,6
1392117002.0,1392117002.0,3
1392117003.0,1392117003.0,"6,3"
1392117003.0,1392117003.0,6
1392117003.0,1392117003.0,3
1392117004.0,1392117004.0,"6,3"
1392117004.0,1392117004.0,6
1392117004.0,1392117004.0,3
1392117005.0,1392117005.0,"6,3"
1392117005.0,1392117005.0,6
1392117005.0,1392117005.0,3
1392117006.0,1392117006.0,"6,3"
1392117006.0,1392117006.0,6
1392117006.0,1392117006.0,3
1392117007.0,1392117007.0,"6,3"
1392117007.0,1392117007.0,6
1392117007.0,1392117007.0,3
1392117008.0,1392117008.0,"6,3"
1392117008.0,1392117008.0,6
1392117008.0,1392117008.0,3
1392117009.0,1392117009.0,"6,3"
1392117009.0,1392117009.0,6
1392117009.0,1392117009.0,3
1392117010.0,1392117010.0,"6,3"
1392117010.0,1392117010.0,6
1392117010.0,1392117010.0,3
1392117011.0,1392117011.0,"6,3"
1392117011.0,1392117011.0,6
1392117011.0,1392117011.0,3
1392117012.0,1392117012.0,"6,3"
1392117012.0,1392117012.0,6
1392117012.0,1392117012.0,3
1392117013.0,1392117013.0,"6,3"
1392117013.0,1392117013.0,6
1392117013.0,1392117013.0,3
1392117014.0,1392117014.0,"6,3"
1392117014.0,1392117014.0,6
1392117014.0,1392117014.0,3
1392117015.0,1392117015.0,"6,3"
1392117015.0,1392117015.0,6
1392117015.0,1392117015.0,3
1392117016.0,1392117016.0,"6,3"
1392117016.0,1392117016.0,6
1392117016.0,1392117016.0,3
1392117017.0,1392117017.0,"6,3"
1392117017.0,1392117017.0,6
1392117017.0,1392117017.0,3
1392117018.0,1392117018.0,"6,3"
1392117018.0,1392117018.0,6
1392117018.0,1392117018.0,3
1392117019.0,1392117019.0,"6,3"
1392117019.0,1392117019.0,6
1392117019.0,1392117019.0,3
1392117020.0,1392117020.0,"6,3"
1392117020.0,1392117020.0,6
1392117020.0,1392117020.0,3
1392117021.0,1392117021.0,"6,3"
1392117021.0,1392117021.0,6
1392117021.0,1392117021.0,3
1392117022.0,1392117022.0,"6,3"
1392117022.0,1392117022.0,6
1392117022.0,1392117022.0,3
1392117023.0,1392117023.0,"6,3"
1392117023.0,1392117023.0,6
1392117023.0,1392117023.0,3
1392117024.0,1392117024.0,"6,3"
1392117024.0,1392117024.0,6
1392117024.0,1392117024.0,3
1392117025.0,1392117025.0,"6,3"
1392117025.0,1392117025.0,6
1392117025.0,1392117025.0,3
1392117026.0,1392117026.0,"6,3"
1392117026.0,1392117026.0,6
1392117026.0,1392117026.0,3
1392117027.0,1392117027.0,"6,3"
1392117027.0,1392117027.0,6
1392117027.0,1392117027.0,3
1392117028.0,1392117028.0,"6,3"
1392117028.0,1392117028.0,6
1392117028.0,1392117028.0,3
1392117029.0,1392117029.0,"6,3"
1392117029.0,1392117029.0,6
1392117029.0,1392117029.0,3
1392117030.0,1392117030.0,"6,3"
1392117030.0,1392117030.0,6
1392117030.0,1392117030.0,3
1392117031.0,1392117031.0,"6,3"
1392117031.0,1392117031.0,6
1392117031.0,1392117031.0,3
1392117032.0,1392117032.0,"6,3"
1392117032.0,1392117032.0,6
1392117032.0,1392117032.0,3
1392117033.0,1392117033.0,"6,3"
1392117033.0,1392117033.0,6
1392117033.0,1392117033.0,3
1392117034.0,1392117034.0,"6,3"
1392117034.0,1392117034.0,6
1392117034.0,1392117034.0,3
1392117035.0,1392117035.0,"6,3"
1392117035.0,1392117035.0,6
1392117035.0,1392117035.0,3
1392117036.0,1392117036.0,"6,3"
1392117036.0,1392117036.0,6
1392117036.0,1392117036.0,3
1392117037.0,1392117037.0,"6,3"
1392117037.0,1392117037.0,6
1392117037.0,1392117037.0,3
1392117038.0,1392117038.0,"6,3"
1392117038.0,1392117038.0,6
1392117038.0,1392117038.0,3
1392117039.0,1392117039.0,"6,3"
1392117039.0,1392117039.0,6
1392117039.0,1392117039.0,3
1392117040.0,1392117040.0,"6,3"
1392117040.0,1392117040.0,6
1392117040.0,1392117040.0,3
1392117041.0,1392117041.0,"6,3"
1392117041.0,1392117041.0,6
1392117041.0,1392117041.0,3
1392117042.0,1392117042.0,"6,3"
1392117042.0,1392117042.0,6
1392117042.0,1392117042.0,3
1392117043.0,1392117043.0,"6,3"
1392117043.0,1392117043.0,6
1392117043.0,1392117043.0,3
1392117044.0,1392117044.0,"6,3"
1392117044.0,1392117044.0,6
1392117044.0,1392117044.0,3
1392117045.0,1392117045.0,"6,3"
1392117045.0,1392117045.0,6
1392117045.0,1392117045.0,3
1392117046.0,1392117046.0,"6,3"
1392117046.0,1392117046.0,6
1392117046.0,1392117046.0,3
1392117047.0,1392117047.0,"6,3"
1392117047.0,1392117047.0,6
1392117047.0,1392117047.0,3
1392117048.0,1392117048.0,"6,3"
1392117048.0,1392117048.0,6
1392117048.0,1392117048.0,3
1392117049.0,1392117049.0,"6,3"
1392117049.0,1392117049.0,6
1392117049.0,1392117049.0,3
1392117050.0,1392117050.0,"6,3"
1392117050.0,1392117050.0,6
1392117050.0,1392117050.0,3
1392117051.0,1392117051.0,"6,3"
1392117051.0,1392117051.0,6
1392117051.0,1392117051.0,3
1392117052.0,1392117052.0,"6,3"
1392117052.0,1392117052.0,6
1392117052.0,1392117052.0,3
1392117053.0,1392117053.0,"6,3"
1392117053.0,1392117053.0,6
1392117053.0,1392117053.0,3
1392117054.0,1392117054.0,"6,3"
1392117054.0,1392117054.0,6
1392117054.0,1392117054.0,3
1392117055.0,1392117055.0,"6,3"
1392117055.0,1392117055.0,6
1392117055.0,1392117055.0,3
1392117056.0,1392117056.0,"6,3"
1392117056.0,1392117056.0,6
1392117056.0,1392117056.0,3
1392117057.0,1392117057.0,"6,3"
1392117057.0,1392117057.0,6
1392117057.0,1392117057.0,3
1392117058.0,1392117058.0,"6,3"
1392117058.0,1392117058.0,6
1392117058.0,1392117058.0,3
1392117059.0,1392117059.0,"6,3"
1392117059.0,1392117059.0,6
1392117059.0,1392117059.0,3
1392117060.0,1392117060.0,"6,3"
1392117060.0,1392117060.0,6
1392117060.0,1392117060.0,3
1392117061.0,1392117061.0,"6,3"
1392117061.0,1392117061.0,6
1392117061.0,1392117061.0,3
1392117062.0,1392117062.0,"6,3"
1392117062.0,1392117062.0,6
1392117062.0,1392117062.0,3
1392117063.0,1392117063.0,"6,3"
1392117063.0,1392117063.0,6
1392117063.0,1392117063.0,3
1392117064.0,1392117064.0,"6,3"
1392117064.0,1392117064.0,6
1392117064.0,1392117064.0,3
1392117065.0,1392117065.0,"6,3"
1392117065.0,1392117065.0,6
1392117065.0,1392117065.0,3
1392117066.0,1392117066.0,"6,3"
1392117066.0,1392117066.0,6
1392117066.0,1392117066.0,3
1392117067.0,1392117067.0,"6,3"
1392117067.0,1392117067.0,6
1392117067.0,1392117067.0,3
1392117068.0,1392117068.0,"6,3"
1392117068.0,1392117068.0,6
1392117068.0,1392117068.0,3
1392117069.0,1392117069.0,"6,3"
1392117069.0,1392117069.0,6
1392117069.0,1392117069.0,3
1392117070.0,1392117070.0,"6,3"
1392117070.0,1392117070.0,6
1392117070.0,1392117070.0,3
1392117071.0,1392117071.0,"6,3"
1392117071.0,1392117071.0,6
1392117071.0,1392117071.0,3
1392117072.0,1392117072.0,"6,3"
1392117072.0,1392117072.0,6
1392117072.0,1392117072.0,3
1392117073.0,1392117073.0,"6,3"
1392117073.0,1392117073.0,6
1392117073.0,1392117073.0,3
1392117074.0,1392117074.0,"6,3"
1392117074.0,1392117074.0,6
1392117074.0,1392117074.0,3
1392117075.0,1392117075.0,"6,3"
1392117075.0,1392117075.0,6
1392117075.0,1392117075.0,3
1392117076.0,1392117076.0,"6,3"
1392117076.0,1392117076.0,6
1392117076.0,1392117076.0,3
1392117077.0,1392117077.0,"6,3"
1392117077.0,1392117077.0,6
1392117077.0,1392117077.0,3
1392117078.0,1392117078.0,"6,3"
1392117078.0,1392117078.0,6
1392117078.0,1392117078.0,3
1392117079.0,1392117079.0,"6,3"
1392117079.0,1392117079.0,6
1392117079.0,1392117098.0,3
1392117099.0,1392117099.0,"6,3"
1392117099.0,1392117099.0,6
1392117099.0,1392117099.0,3
1392117100.0,1392117100.0,"6,3"
1392117100.0,1392117100.0,6
1392117100.0,1392117100.0,3
1392117101.0,1392117101.0,"6,3"
1392117101.0,1392117101.0,6
1392117101.0,1392117101.0,3
1392117102.0,1392117102.0,"6,3"
1392117102.0,1392117102.0,6
1392117102.0,1392117102.0,3
1392117103.0,1392117103.0,"6,3"
1392117103.0,1392117103.0,6
1392117103.0,1392117103.0,3
1392117104.0,1392117104.0,"6,3"
1392117104.0,1392117104.0,6
1392117104.0,1392117104.0,3
1392117105.0,1392117105.0,"6,3"
1392117105.0,1392117105.0,6
1392117105.0,1392117105.0,3
1392117106.0,1392117106.0,"6,3"
1392117106.0,1392117106.0,6
1392117106.0,1392117106.0,3
1392117107.0,1392117107.0,"6,3"
1392117107.0,1392117107.0,6
1392117107.0,1392117107.0,3
1392117108.0,1392117108.0,"6,3"
1392117108.0,1392117108.0,6
1392117108.0,1392117108.0,3
1392117109.0,1392117109.0,"6,3"
1392117109.0,1392117109.0,6
1392117109.0,1392117109.0,3
1392117110.0,1392117110.0,"6,3"
1392117110.0,1392117110.0,6
1392117110.0,1392117110.0,3
1392117111.0,1392117111.0,"6,3"
1392117111.0,1392117111.0,6
1392117111.0,1392117111.0,3
1392117112.0,1392117112.0,"6,3"
1392117112.0,1392117112.0,6
1392117112.0,1392117112.0,3
1392117113.0,1392117113.0,"6,3"
1392117113.0,1392117113.0,6
1392117113.0,1392117113.0,3
1392117114.0,1392117114.0,"6,3"
1392117114.0,1392117114.0,6
1392117114.0,1392117114.0,3
1392117115.0,1392117115.0,"6,3"
1392117115.0,1392117115.0,6
1392117115.0,1392117115.0,3
1392117116.0,1392117116.0,"6,3"
1392117116.0,1392117116.0,6
1392117116.0,1392117116.0,3
1392117117.0,1392117117.0,"6,3"
1392117117.0,1392117117.0,6
1392117117.0,1392117117.0,3
1392117118.0,1392117118.0,"6,3"
1392117118.0,1392117118.0,6
1392117118.0,1392117118.0,3
1392117119.0,1392117119.0,"6,3"
1392117119.0,1392117119.0,6
1392117119.0,1392117119.0,3
1392117120.0,1392117120.0,"6,3"
1392117120.0,1392117120.0,6
1392117120.0,1392117120.0,3
1392117121.0,1392117121.0,"6,3"
1392117121.0,1392117121.0,6
1392117121.0,1392117121.0,3
1392117122.0,1392117122.0,"6,3"
1392117122.0,1392117122.0,6
1392117122.0,1392117122.0,3
1392117123.0,1392117123.0,"6,3"
1392117123.0,1392117123.0,6
1392117123.0,1392117123.0,3
1392117124.0,1392117124.0,"6,3"
1392117124.0,1392117124.0,6
1392117124.0,1392117124.0,3
1392117125.0,1392117125.0,"6,3"
1392117125.0,1392117125.0,6
1392117125.0,1392117125.0,3
1392117126.0,1392117126.0,"6,3"
1392117126.0,1392117126.0,6
1392117126.0,1392117126.0,3
1392117127.0,1392117127.0,"6,3"
1392117127.0,1392117127.0,6
1392117127.0,1392117127.0,3
1392117128.0,1392117128.0,"6,3"
1392117128.0,1392117128.0,6
1392117128.0,1392117128.0,3
1392117129.0,1392117129.0,"6,3"
1392117129.0,1392117129.0,6
1392117129.0,1392117129.0,3
1392117130.0,1392117130.0,"6,3"
1392117130.0,1392117130.0,6
1392117130.0,1392117130.0,3
1392117131.0,1392117131.0,"6,3"
1392117131.0,1392117131.0,6
1392117131.0,1392117131.0,3
1392117132.0,1392117132.0,"6,3"
1392117132.0,1392117132.0,6
1392117132.0,1392117132.0,3
1392117133.0,1392117133.0,"6,3"
1392117133.0,1392117133.0,6
1392117133.0,1392117133.0,3
1392117134.0,1392117134.0,"6,3"
1392117134.0,1392117134.0,6
1392117134.0,1392117134.0,3
1392117135.0,1392117135.0,"6,3"
1392117135.0,1392117135.0,6
1392117135.0,1392117135.0,3
1392117136.0,1392117136.0,"6,3"
1392117136.0,1392117136.0,6
1392117136.0,1392117136.0,3
1392117137.0,1392117299.0,6
1392117300.0,1392117300.0,"6,3"
1392117300.0,1392117300.0,6
1392117300.0,1392117300.0,3
1392117301.0,1392117301.0,"6,3"
1392117301.0,1392117301.0,6
1392117301.0,1392117301.0,3
1392117302.0,1392117302.0,"6,3"
1392117302.0,1392117302.0,6
1392117302.0,1392117302.0,3
1392117303.0,1392117303.0,"6,3"
1392117303.0,1392117303.0,6
1392117303.0,1392117303.0,3
1392117304.0,1392117304.0,"6,3"
1392117304.0,1392117304.0,6
1392117304.0,1392117304.0,3
1392117305.0,1392117305.0,"6,3"
1392117305.0,1392117305.0,6
1392117305.0,1392117305.0,3
1392117306.0,1392117306.0,"6,3"
1392117306.0,1392117306.0,6
1392117306.0,1392117306.0,3
1392117307.0,1392117307.0,"6,3"
1392117307.0,1392117307.0,6
1392117307.0,1392117307.0,3
1392117308.0,1392117308.0,"6,3"
1392117308.0,1392117308.0,6
1392117308.0,1392117308.0,3
1392117309.0,1392117309.0,"6,3"
1392117309.0,1392117309.0,6
1392117309.0,1392117309.0,3
1392117310.0,1392117310.0,"6,3"
1392117310.0,1392117310.0,6
1392117310.0,1392117310.0,3
1392117311.0,1392117311.0,"6,3"
1392117311.0,1392117311.0,6
1392117311.0,1392117311.0,3
1392117312.0,1392117312.0,"6,3"
1392117312.0,1392117312.0,6
1392117312.0,1392117312.0,3
1392117313.0,1392117313.0,"6,3"
1392117313.0,1392117313.0,6
1392117313.0,1392117313.0,3
1392117314.0,1392117314.0,"6,3"
1392117314.0,1392117314.0,6
1392117314.0,1392117314.0,3
1392117315.0,1392117315.0,"6,3"
