start_time,end_time,room_set
1392113095.0,1392113095.0,"5,6,3"
1392113095.0,1392113095.0,"5,6"
1392113095.0,1392113095.0,"6,3"
1392113095.0,1392113095.0,6
1392113096.0,1392113096.0,"5,6,3"
1392113096.0,1392113096.0,"5,6"
1392113096.0,1392113096.0,"6,3"
1392113096.0,1392113096.0,6
1392113097.0,1392113097.0,"5,6,3"
1392113097.0,1392113097.0,"5,6"
1392113097.0,1392113097.0,"6,3"
1392113097.0,1392113097.0,6
1392113098.0,1392113098.0,"5,6,3"
1392113098.0,1392113098.0,"5,6"
1392113098.0,1392113098.0,"6,3"
1392113098.0,1392113098.0,6
1392113099.0,1392113099.0,"5,6,3"
1392113099.0,1392113099.0,"5,6"
1392113099.0,1392113099.0,"6,3"
1392113099.0,1392113099.0,6
1392113100.0,1392113100.0,"5,6,3"
1392113100.0,1392113100.0,"5,6"
1392113100.0,1392113100.0,"6,3"
1392113100.0,1392113100.0,6
1392113101.0,1392113101.0,"5,6,3"
1392113101.0,1392113101.0,"5,6"
1392113101.0,1392113101.0,"6,3"
1392113101.0,1392113101.0,6
1392113102.0,1392113102.0,"5,6,3"
1392113102.0,1392113102.0,"5,6"
1392113102.0,1392113102.0,"6,3"
1392113102.0,1392113102.0,6
1392113103.0,1392113103.0,"5,6,3"
1392113103.0,1392113103.0,"5,6"
1392113103.0,1392113103.0,"6,3"
1392113103.0,1392113103.0,6
1392113104.0,1392113104.0,"5,6,3"
1392113104.0,1392113104.0,"5,6"
1392113104.0,1392113104.0,"6,3"
1392113104.0,1392113104.0,6
1392113105.0,1392113105.0,"5,6,3"
1392113105.0,1392113105.0,"5,6"
1392113105.0,1392113105.0,"6,3"
1392113105.0,1392113105.0,6
1392113106.0,1392113106.0,"5,6,3"
1392113106.0,1392113106.0,"5,6"
1392113106.0,1392113106.0,"6,3"
1392113106.0,1392113106.0,6
1392113107.0,1392113107.0,"5,6,3"
1392113107.0,1392113107.0,"5,6"
1392113107.0,1392113107.0,"6,3"
1392113107.0,1392113107.0,6
1392113108.0,1392113108.0,"5,6,3"
1392113108.0,1392113108.0,"5,6"
1392113108.0,1392113108.0,"6,3"
1392113108.0,1392113108.0,6
1392113109.0,1392113109.0,"5,6,3"
1392113109.0,1392113109.0,"5,6"
1392113109.0,1392113109.0,"6,3"
1392113109.0,1392113109.0,6
1392113110.0,1392113110.0,"5,6,3"
1392113110.0,1392113110.0,"5,6"
1392113110.0,1392113110.0,"6,3"
1392113110.0,1392113110.0,6
1392113111.0,1392113111.0,"5,6,3"
1392113111.0,1392113111.0,"5,6"
1392113111.0,1392113111.0,"6,3"
1392113111.0,1392113111.0,6
1392113112.0,1392113112.0,"5,6,3"
1392113112.0,1392113112.0,"5,6"
1392113112.0,1392113112.0,"6,3"
1392113112.0,1392113112.0,6
1392113113.0,1392113113.0,"5,6,3"
1392113113.0,1392113113.0,"5,6"
1392113113.0,1392113113.0,"6,3"
1392113113.0,1392113113.0,6
1392113114.0,1392113114.0,"5,6,3"
1392113114.0,1392113114.0,"5,6"
1392113114.0,1392113114.0,"6,3"
1392113114.0,1392113114.0,6
1392113115.0,1392113115.0,"5,6,3"
1392113115.0,1392113115.0,"5,6"
1392113115.0,1392113115.0,"6,3"
1392113115.0,1392113115.0,6
1392113116.0,1392113116.0,"5,6,3"
1392113116.0,1392113116.0,"5,6"
1392113116.0,1392113116.0,"6,3"
1392113116.0,1392113116.0,6
1392113117.0,1392113117.0,"5,6,3"
1392113117.0,1392113117.0,"5,6"
1392113117.0,1392113117.0,"6,3"
1392113117.0,1392113117.0,6
1392113118.0,1392113118.0,"5,6,3"
1392113118.0,1392113118.0,"5,6"
1392113118.0,1392113118.0,"6,3"
1392113118.0,1392113118.0,6
1392113119.0,1392113119.0,"5,6,3"
1392113119.0,1392113119.0,"5,6"
1392113119.0,1392113119.0,"6,3"
1392113119.0,1392113119.0,6
1392113120.0,1392113120.0,"5,6,3"
1392113120.0,1392113120.0,"5,6"
1392113120.0,1392113120.0,"6,3"
1392113120.0,1392113120.0,6
1392113121.0,1392113121.0,"5,6,3"
1392113121.0,1392113121.0,"5,6"
1392113121.0,1392113121.0,"6,3"
1392113121.0,1392113121.0,6
1392113122.0,1392113122.0,"5,6,3"
1392113122.0,1392113122.0,"5,6"
1392113122.0,1392113122.0,"6,3"
1392113122.0,1392113122.0,6
1392113123.0,1392113123.0,"5,6,3"
1392113123.0,1392113123.0,"5,6"
1392113123.0,1392113123.0,"6,3"
1392113123.0,1392113123.0,6
1392113124.0,1392113124.0,"5,6,3"
1392113124.0,1392113124.0,"5,6"
1392113124.0,1392113124.0,"6,3"
1392113124.0,1392113124.0,6
1392113125.0,1392113125.0,"5,6,3"
1392113125.0,1392113125.0,"5,6"
1392113125.0,1392113125.0,"6,3"
1392113125.0,1392113125.0,6
1392113126.0,1392113126.0,"5,6,3"
1392113126.0,1392113126.0,"5,6"
1392113126.0,1392113126.0,"6,3"
1392113126.0,1392113126.0,6
1392113127.0,1392113127.0,"5,6,3"
1392113127.0,1392113127.0,"5,6"
1392113127.0,1392113127.0,"6,3"
1392113127.0,1392113127.0,6
1392113128.0,1392113128.0,"5,6,3"
1392113128.0,1392113128.0,"5,6"
1392113128.0,1392113128.0,"6,3"
1392113128.0,1392113128.0,6
1392113129.0,1392113129.0,"5,6,3"
1392113129.0,1392113129.0,"5,6"
1392113129.0,1392113129.0,"6,3"
1392113129.0,1392113129.0,6
1392113130.0,1392113130.0,"5,6,3"
1392113130.0,1392113130.0,"5,6"
1392113130.0,1392113130.0,"6,3"
1392113130.0,1392113130.0,6
1392113131.0,1392113131.0,"5,6,3"
1392113131.0,1392113131.0,"5,6"
1392113131.0,1392113131.0,"6,3"
1392113131.0,1392113131.0,6
1392113132.0,1392113132.0,"5,6,3"
1392113132.0,1392113132.0,"5,6"
1392113132.0,1392113132.0,"6,3"
1392113132.0,1392113132.0,6
1392113133.0,1392113133.0,"5,6,3"
1392113133.0,1392113133.0,"5,6"
1392113133.0,1392113133.0,"6,3"
1392113133.0,1392113133.0,6
1392113134.0,1392113134.0,"5,6,3"
1392113134.0,1392113134.0,"5,6"
1392113134.0,1392113134.0,"6,3"
1392113134.0,1392113134.0,6
1392113135.0,1392113135.0,"5,6,3"
1392113135.0,1392113135.0,"5,6"
1392113135.0,1392113135.0,"6,3"
1392113135.0,1392113135.0,6
1392113136.0,1392113136.0,"5,6,3"
1392113136.0,1392113136.0,"5,6"
1392113136.0,1392113136.0,"6,3"
1392113136.0,1392113136.0,6
1392113137.0,1392113137.0,"5,6,3"
1392113137.0,1392113137.0,"5,6"
1392113137.0,1392113137.0,"6,3"
1392113137.0,1392113137.0,6
1392113138.0,1392113138.0,"5,6,3"
1392113138.0,1392113138.0,"5,6"
1392113138.0,1392113138.0,"6,3"
1392113138.0,1392113138.0,6
1392113139.0,1392113139.0,"5,6,3"
1392113139.0,1392113139.0,"5,6"
1392113139.0,1392113139.0,"6,3"
1392113139.0,1392113139.0,6
1392113140.0,1392113140.0,"5,6,3"
1392113140.0,1392113140.0,"5,6"
1392113140.0,1392113140.0,"6,3"
1392113140.0,1392113140.0,6
1392113141.0,1392113141.0,"5,6,3"
1392113141.0,1392113141.0,"5,6"
1392113141.0,1392113141.0,"6,3"
1392113141.0,1392113141.0,6
1392113142.0,1392113142.0,"5,6,3"
1392113142.0,1392113142.0,"5,6"
1392113142.0,1392113142.0,"6,3"
1392113142.0,1392113142.0,6
1392113143.0,1392113143.0,"5,6,3"
1392113143.0,1392113143.0,"5,6"
1392113143.0,1392113143.0,"6,3"
1392113143.0,1392113143.0,6
1392113144.0,1392113144.0,"5,6,3"
1392113144.0,1392113144.0,"5,6"
1392113144.0,1392113144.0,"6,3"
1392113144.0,1392113144.0,6
1392113145.0,1392113145.0,"5,6,3"
1392113145.0,1392113145.0,"5,6"
1392113145.0,1392113145.0,"6,3"
1392113145.0,1392113145.0,6
1392113146.0,1392113146.0,"6,3"
1392113146.0,1392113146.0,6
1392113147.0,1392113147.0,"6,3"
1392113147.0,1392113147.0,6
1392113148.0,1392113148.0,"6,3"
1392113148.0,1392113148.0,6
1392113149.0,1392113149.0,"6,3"
1392113149.0,1392113149.0,6
1392113150.0,1392113150.0,"6,3"
1392113150.0,1392113150.0,6
1392113151.0,1392113151.0,"6,3"
1392113151.0,1392113151.0,6
1392113152.0,1392113152.0,"6,3"
1392113152.0,1392113152.0,6
1392113153.0,1392113153.0,"6,3"
1392113153.0,1392113153.0,6
1392113154.0,1392113154.0,"6,3"
1392113154.0,1392113154.0,6
1392113155.0,1392113155.0,"6,3"
1392113155.0,1392113155.0,6
1392113156.0,1392113156.0,"6,3"
1392113156.0,1392113156.0,6
1392113157.0,1392113157.0,"6,3"
1392113157.0,1392113157.0,6
1392113158.0,1392113158.0,"6,3"
1392113158.0,1392113158.0,6
1392113159.0,1392113159.0,"6,3"
1392113159.0,1392113159.0,6
1392113160.0,1392113160.0,"6,3"
1392113160.0,1392113160.0,6
1392113161.0,1392113161.0,"6,3"
1392113161.0,1392113161.0,6
1392113162.0,1392113162.0,"6,3"
1392113162.0,1392113162.0,6
1392113163.0,1392113163.0,"6,3"
1392113163.0,1392113163.0,6
1392113164.0,1392113164.0,"6,3"
1392113164.0,1392113164.0,6
1392113165.0,1392113165.0,"6,3"
1392113165.0,1392113165.0,6
1392113166.0,1392113166.0,"6,3"
1392113166.0,1392113166.0,6
1392113167.0,1392113167.0,"6,3"
1392113167.0,1392113167.0,6
1392113168.0,1392113168.0,"6,3"
1392113168.0,1392113168.0,6
1392113169.0,1392113169.0,"6,3"
1392113169.0,1392113169.0,6
1392113170.0,1392113170.0,"6,3"
1392113170.0,1392113170.0,6
1392113171.0,1392113171.0,"6,3"
1392113171.0,1392113171.0,6
1392113172.0,1392113172.0,"6,3"
1392113172.0,1392113172.0,6
1392113173.0,1392113173.0,"6,3"
1392113173.0,1392113173.0,6
1392113174.0,1392113174.0,"6,3"
1392113174.0,1392113174.0,6
1392113175.0,1392113175.0,"6,3"
1392113175.0,1392113175.0,6
1392113176.0,1392113176.0,"5,6,3"
1392113176.0,1392113176.0,"5,6"
1392113177.0,1392113177.0,"5,6,3"
1392113177.0,1392113177.0,"5,6"
1392113178.0,1392113178.0,"5,6,3"
1392113178.0,1392113178.0,"5,6"
1392113179.0,1392113179.0,"5,6,3"
1392113179.0,1392113179.0,"5,6"
1392113180.0,1392113180.0,"5,6,3"
1392113180.0,1392113180.0,"5,6"
1392113181.0,1392113181.0,"5,6,3"
1392113181.0,1392113181.0,"5,6"
1392113182.0,1392113182.0,"5,6,3"
1392113182.0,1392113182.0,"5,6"
1392113183.0,1392113183.0,"5,6,3"
1392113183.0,1392113183.0,"5,6"
1392113184.0,1392113184.0,"5,6,3"
1392113184.0,1392113184.0,"5,6"
1392113185.0,1392113185.0,"5,6,3"
1392113185.0,1392113185.0,"5,6"
1392113186.0,1392113186.0,"5,6,3"
1392113186.0,1392113186.0,"5,6"
1392113187.0,1392113187.0,"5,6,3"
1392113187.0,1392113187.0,"5,6"
1392113188.0,1392113188.0,"5,6,3"
1392113188.0,1392113188.0,"5,6"
1392113189.0,1392113189.0,"5,6,3"
1392113189.0,1392113189.0,"5,6"
1392113190.0,1392113190.0,"5,6,3"
1392113190.0,1392113190.0,"5,6"
1392113191.0,1392113191.0,"5,6,3"
1392113191.0,1392113191.0,"5,6"
1392113192.0,1392113192.0,"5,6,3"
1392113192.0,1392113192.0,"5,6"
1392113193.0,1392113193.0,"5,6,3"
1392113193.0,1392113193.0,"5,6"
1392113194.0,1392113194.0,"5,6,3"
1392113194.0,1392113194.0,"5,6"
1392113195.0,1392113195.0,"5,6,3"
1392113195.0,1392113195.0,"5,6"
1392113196.0,1392113196.0,"5,6,3"
1392113196.0,1392113196.0,"5,6"
1392113197.0,1392113197.0,"5,6,3"
1392113197.0,1392113197.0,"5,6"
1392113198.0,1392113198.0,"5,6,3"
1392113198.0,1392113198.0,"5,6"
1392113199.0,1392113199.0,"5,6,3"
1392113199.0,1392113199.0,"5,6"
1392113200.0,1392113200.0,"5,6,3"
1392113200.0,1392113200.0,"5,6"
1392113201.0,1392113201.0,"5,6,3"
1392113201.0,1392113201.0,"5,6"
1392113202.0,1392113202.0,"5,6,3"
1392113202.0,1392113202.0,"5,6"
1392113203.0,1392113203.0,"5,6,3"
1392113203.0,1392113203.0,"5,6"
1392113204.0,1392113204.0,"5,6,3"
1392113204.0,1392113204.0,"5,6"
1392113205.0,1392113205.0,"5,6,3"
1392113205.0,1392113205.0,"5,6"
1392113206.0,1392113206.0,"5,6,3"
1392113206.0,1392113206.0,"5,6"
1392113207.0,1392113207.0,"5,6,3"
1392113207.0,1392113207.0,"5,6"
1392113208.0,1392113208.0,"5,6,3"
1392113208.0,1392113208.0,"5,6"
1392113209.0,1392113209.0,"5,6,3"
1392113209.0,1392113209.0,"5,6"
1392113210.0,1392113210.0,"5,6,3"
1392113210.0,1392113210.0,"5,6"
1392113211.0,1392113211.0,"5,6,3"
1392113211.0,1392113211.0,"5,6"
1392113212.0,1392113212.0,"5,6,3"
1392113212.0,1392113212.0,"5,6"
1392113213.0,1392113213.0,"5,6,3"
1392113213.0,1392113213.0,"5,6"
1392113214.0,1392113214.0,"5,6,3"
1392113214.0,1392113214.0,"5,6"
1392113215.0,1392113215.0,"5,6,3"
1392113215.0,1392113215.0,"5,6"
1392113216.0,1392113216.0,"5,6,3"
1392113216.0,1392113216.0,"5,6"
1392113217.0,1392113217.0,"5,6,3"
1392113217.0,1392113217.0,"5,6"
1392113218.0,1392113218.0,"5,6,3"
1392113218.0,1392113218.0,"5,6"
1392113219.0,1392113219.0,"5,6,3"
1392113219.0,1392113219.0,"5,6"
1392113220.0,1392113220.0,"5,6,3"
1392113220.0,1392113220.0,"5,6"
1392113221.0,1392113221.0,"5,6,3"
1392113221.0,1392113221.0,"5,6"
1392113222.0,1392113222.0,"5,6,3"
1392113222.0,1392113222.0,"5,6"
1392113223.0,1392113223.0,"5,6,3"
1392113223.0,1392113223.0,"5,6"
1392113224.0,1392113224.0,"5,6,3"
1392113224.0,1392113224.0,"5,6"
1392113225.0,1392113225.0,"5,6,3"
1392113225.0,1392113225.0,"5,6"
1392113226.0,1392113226.0,"5,6,3"
1392113226.0,1392113226.0,"5,6"
1392113227.0,1392113227.0,"5,6,3"
1392113227.0,1392113227.0,"5,6"
1392113228.0,1392113228.0,"5,6,3"
1392113228.0,1392113228.0,"5,6"
1392113229.0,1392113229.0,"5,6,3"
1392113229.0,1392113229.0,"5,6"
1392113230.0,1392113230.0,"5,6,3"
1392113230.0,1392113230.0,"5,6"
1392113231.0,1392113231.0,"5,6,3"
1392113231.0,1392113231.0,"5,6"
1392113232.0,1392113232.0,"5,6,3"
1392113232.0,1392113232.0,"5,6"
1392113233.0,1392113233.0,"5,6,3"
1392113233.0,1392113233.0,"5,6"
1392113234.0,1392113234.0,"5,6,3"
1392113234.0,1392113234.0,"5,6"
1392113235.0,1392113235.0,"5,6,3"
1392113235.0,1392113235.0,"5,6"
1392113236.0,1392113236.0,"5,6,3"
1392113236.0,1392113236.0,"5,6"
1392113237.0,1392113237.0,"5,6,3"
1392113237.0,1392113237.0,"5,6"
1392113238.0,1392113238.0,"5,6,3"
1392113238.0,1392113238.0,"5,6"
1392113239.0,1392113239.0,"5,6,3"
1392113239.0,1392113239.0,"5,6"
1392113240.0,1392113240.0,"5,6,3"
1392113240.0,1392113240.0,"5,6"
1392113241.0,1392113241.0,"5,6,3"
1392113241.0,1392113241.0,"5,6"
1392113242.0,1392113242.0,"5,6,3"
1392113242.0,1392113242.0,"5,6"
1392113243.0,1392113243.0,"5,6,3"
1392113243.0,1392113243.0,"5,6"
1392113244.0,1392113244.0,"5,6,3"
1392113244.0,1392113244.0,"5,6"
1392113245.0,1392113245.0,"5,6,3"
1392113245.0,1392113245.0,"5,6"
1392113246.0,1392113246.0,"5,6,3"
1392113246.0,1392113246.0,"5,6"
1392113247.0,1392113247.0,"5,6,3"
1392113247.0,1392113247.0,"5,6"
1392113248.0,1392113248.0,"5,6,3"
1392113248.0,1392113248.0,"5,6"
1392113249.0,1392113249.0,"5,6,3"
1392113249.0,1392113249.0,"5,6"
1392113250.0,1392113250.0,"5,6,3"
1392113250.0,1392113250.0,"5,6"
1392113251.0,1392113251.0,"5,6,3"
1392113251.0,1392113251.0,"5,6"
1392113252.0,1392113252.0,"5,6,3"
1392113252.0,1392113252.0,"5,6"
1392113253.0,1392113253.0,"5,6,3"
1392113253.0,1392113253.0,"5,6"
1392113254.0,1392113254.0,"5,6,3"
1392113254.0,1392113254.0,"5,6"
1392113255.0,1392113255.0,"5,6,3"
1392113255.0,1392113255.0,"5,6"
1392113256.0,1392113256.0,"5,6,3"
1392113256.0,1392113256.0,"5,6"
1392113257.0,1392113257.0,"5,6,3"
1392113257.0,1392113257.0,"5,6"
1392113258.0,1392113258.0,"5,6,3"
1392113258.0,1392113258.0,"5,6"
1392113259.0,1392113259.0,"5,6,3"
1392113259.0,1392113259.0,"5,6"
1392113260.0,1392113260.0,"5,6,3"
1392113260.0,1392113260.0,"5,6"
1392113261.0,1392113261.0,"5,6,3"
1392113261.0,1392113261.0,"5,6"
1392113262.0,1392113262.0,"5,6,3"
1392113262.0,1392113262.0,"5,6"
1392113263.0,1392113263.0,"5,6,3"
1392113263.0,1392113263.0,"5,6"
1392113264.0,1392113264.0,"5,6,3"
1392113264.0,1392113264.0,"5,6"
1392113265.0,1392113265.0,"5,6,3"
1392113265.0,1392113265.0,"5,6"
1392113266.0,1392113266.0,"5,6,3"
1392113266.0,1392113266.0,"5,6"
1392113267.0,1392113267.0,"5,6,3"
1392113267.0,1392113267.0,"5,6"
1392113268.0,1392113268.0,"5,6,3"
1392113268.0,1392113268.0,"5,6"
1392113269.0,1392113269.0,"5,6,3"
1392113269.0,1392113269.0,"5,6"
1392113270.0,1392113270.0,"5,6,3"
1392113270.0,1392113270.0,"5,6"
1392113271.0,1392113271.0,"5,6,3"
1392113271.0,1392113271.0,"5,6"
1392113272.0,1392113272.0,"5,6,3"
1392113272.0,1392113272.0,"5,6"
1392113273.0,1392113273.0,"5,6,3"
1392113273.0,1392113273.0,"5,6"
1392113274.0,1392113274.0,"5,6,3"
1392113274.0,1392113274.0,"5,6"
1392113275.0,1392113275.0,"5,6,3"
1392113275.0,1392113275.0,"5,6"
1392113276.0,1392113276.0,"5,6,3"
1392113276.0,1392113276.0,"5,6"
1392113277.0,1392113277.0,"5,6,3"
1392113277.0,1392113277.0,"5,6"
1392113278.0,1392113278.0,"5,6,3"
1392113278.0,1392113278.0,"5,6"
1392113279.0,1392113279.0,"5,6,3"
1392113279.0,1392113279.0,"5,6"
1392113280.0,1392113280.0,"5,6,3"
1392113280.0,1392113280.0,"5,6"
1392113281.0,1392113281.0,"5,6,3"
1392113281.0,1392113281.0,"5,6"
1392113282.0,1392113282.0,"5,6,3"
1392113282.0,1392113282.0,"5,6"
1392113283.0,1392113283.0,"5,6,3"
1392113283.0,1392113283.0,"5,6"
1392113284.0,1392113284.0,"5,6,3"
1392113284.0,1392113284.0,"5,6"
1392113285.0,1392113285.0,"5,6,3"
1392113285.0,1392113285.0,"5,6"
1392113286.0,1392113286.0,"5,6,3"
1392113286.0,1392113286.0,"5,6"
1392113287.0,1392113287.0,"5,6,3"
1392113287.0,1392113287.0,"5,6"
1392113288.0,1392113288.0,"5,6,3"
1392113288.0,1392113288.0,"5,6"
1392113289.0,1392113289.0,"5,6,3"
1392113289.0,1392113289.0,"5,6"
1392113290.0,1392113290.0,"5,6,3"
1392113290.0,1392113290.0,"5,6"
1392113291.0,1392113291.0,"5,6,3"
1392113291.0,1392113291.0,"5,6"
1392113292.0,1392113292.0,"5,6,3"
1392113292.0,1392113292.0,"5,6"
1392113293.0,1392113293.0,"5,6,3"
1392113293.0,1392113293.0,"5,6"
1392113294.0,1392113294.0,"5,6,3"
1392113294.0,1392113294.0,"5,6"
1392113295.0,1392113295.0,"5,6,3"
1392113295.0,1392113295.0,"5,6"
1392113296.0,1392113296.0,"5,6,3"
1392113296.0,1392113296.0,"5,6"
1392113297.0,1392113297.0,"5,6,3"
1392113297.0,1392113297.0,"5,6"
1392113298.0,1392113298.0,"5,6,3"
1392113298.0,1392113298.0,"5,6"
1392113299.0,1392113299.0,"5,6,3"
1392113299.0,1392113299.0,"5,6"
1392113300.0,1392113300.0,"5,6,3"
1392113300.0,1392113300.0,"5,6"
1392113301.0,1392113301.0,"5,6,3"
1392113301.0,1392113301.0,"5,6"
1392113302.0,1392113302.0,"5,6,3"
1392113302.0,1392113302.0,"5,6"
1392113303.0,1392113303.0,"5,6,3"
1392113303.0,1392113303.0,"5,6"
1392113304.0,1392113304.0,"5,6,3"
1392113304.0,1392113304.0,"5,6"
1392113305.0,1392113305.0,"5,6,3"
1392113305.0,1392113305.0,"5,6"
1392113306.0,1392113306.0,"5,6,3"
1392113306.0,1392113306.0,"5,6"
1392113307.0,1392113307.0,"5,6,3"
1392113307.0,1392113307.0,"5,6"
1392113308.0,1392113308.0,"5,6,3"
1392113308.0,1392113308.0,"5,6"
1392113309.0,1392113309.0,"5,6,3"
1392113309.0,1392113309.0,"5,6"
1392113310.0,1392113310.0,"5,6,3"
1392113310.0,1392113310.0,"5,6"
1392113311.0,1392113311.0,"5,6,3"
1392113311.0,1392113311.0,"5,6"
1392113312.0,1392113312.0,"5,6,3"
1392113312.0,1392113312.0,"5,6"
1392113313.0,1392113313.0,"5,6,3"
1392113313.0,1392113313.0,"5,6"
1392113314.0,1392113314.0,"5,6,3"
1392113314.0,1392113314.0,"5,6"
1392113315.0,1392113315.0,"5,6,3"
1392113315.0,1392113315.0,"5,6"
1392113316.0,1392113316.0,"5,6,3"
1392113316.0,1392113316.0,"5,6"
1392113317.0,1392113317.0,"5,6,3"
1392113317.0,1392113317.0,"5,6"
1392113318.0,1392113318.0,"5,6,3"
1392113318.0,1392113318.0,"5,6"
1392113319.0,1392113319.0,"5,6,3"
1392113319.0,1392113319.0,"5,6"
1392113320.0,1392113320.0,"5,6,3"
1392113320.0,1392113320.0,"5,6"
1392113321.0,1392113321.0,"5,6,3"
1392113321.0,1392113321.0,"5,6"
1392113322.0,1392113322.0,"5,6,3"
1392113322.0,1392113322.0,"5,6"
1392113323.0,1392113323.0,"5,6,3"
1392113323.0,1392113323.0,"5,6"
1392113324.0,1392113324.0,"5,6,3"
1392113324.0,1392113324.0,"5,6"
1392113325.0,1392113325.0,"5,6,3"
1392113325.0,1392113325.0,"5,6"
1392113326.0,1392113326.0,"5,6,3"
1392113326.0,1392113326.0,"5,6"
1392113327.0,1392113327.0,"5,6,3"
1392113327.0,1392113327.0,"5,6"
1392113328.0,1392113328.0,"5,6,3"
1392113328.0,1392113328.0,"5,6"
1392113329.0,1392113329.0,"5,6,3"
1392113329.0,1392113329.0,"5,6"
1392113330.0,1392113330.0,"5,6,3"
1392113330.0,1392113330.0,"5,6"
1392113331.0,1392113331.0,"5,6,3"
1392113331.0,1392113331.0,"5,6"
1392113332.0,1392113332.0,"5,6,3"
1392113332.0,1392113332.0,"5,6"
1392113333.0,1392113333.0,"5,6,3"
1392113333.0,1392113333.0,"5,6"
1392113334.0,1392113334.0,"5,6,3"
1392113334.0,1392113334.0,"5,6"
1392113335.0,1392113335.0,"5,6,3"
1392113335.0,1392113335.0,"5,6"
1392113336.0,1392113336.0,"5,6,3"
1392113336.0,1392113336.0,"5,6"
1392113337.0,1392113337.0,"5,6,3"
1392113337.0,1392113337.0,"5,6"
1392113338.0,1392113338.0,"5,6,3"
1392113338.0,1392113338.0,"5,6"
1392113339.0,1392113339.0,"5,6,3"
1392113339.0,1392113339.0,"5,6"
1392113340.0,1392113340.0,"5,6,3"
1392113340.0,1392113340.0,"5,6"
1392113341.0,1392113341.0,"5,6,3"
1392113341.0,1392113341.0,"5,6"
1392113342.0,1392113342.0,"5,6,3"
1392113342.0,1392113342.0,"5,6"
1392113343.0,1392113343.0,"5,6,3"
1392113343.0,1392113343.0,"5,6"
1392113344.0,1392113344.0,"5,6,3"
1392113344.0,1392113344.0,"5,6"
1392113345.0,1392113345.0,"5,6,3"
1392113345.0,1392113345.0,"5,6"
1392113346.0,1392113346.0,"5,6,3"
1392113346.0,1392113346.0,"5,6"
1392113347.0,1392113347.0,"5,6,3"
1392113347.0,1392113347.0,"5,6"
1392113348.0,1392113348.0,"5,6,3"
1392113348.0,1392113348.0,"5,6"
1392113349.0,1392113349.0,"5,6,3"
1392113349.0,1392113349.0,"5,6"
1392113350.0,1392113350.0,"5,6,3"
1392113350.0,1392113350.0,"5,6"
1392113351.0,1392113351.0,"5,6,3"
1392113351.0,1392113351.0,"5,6"
1392113352.0,1392113352.0,"5,6,3"
1392113352.0,1392113352.0,"5,6"
1392113353.0,1392113353.0,"5,6,3"
1392113353.0,1392113353.0,"5,6"
1392113354.0,1392113354.0,"5,6,3"
1392113354.0,1392113354.0,"5,6"
1392113355.0,1392113355.0,"5,6,3"
1392113355.0,1392113355.0,"5,6"
1392113356.0,1392113356.0,"5,6,3"
1392113356.0,1392113356.0,"5,6"
1392113357.0,1392113357.0,"5,6,3"
1392113357.0,1392113357.0,"5,6"
1392113358.0,1392113358.0,"5,6,3"
1392113358.0,1392113358.0,"5,6"
1392113359.0,1392113359.0,"5,6,3"
1392113359.0,1392113359.0,"5,6"
1392113360.0,1392113360.0,"5,6,3"
1392113360.0,1392113360.0,"5,6"
1392113361.0,1392113361.0,"5,6,3"
1392113361.0,1392113361.0,"5,6"
1392113362.0,1392113362.0,"5,6,3"
1392113362.0,1392113362.0,"5,6"
1392113363.0,1392113363.0,"5,6,3"
1392113363.0,1392113363.0,"5,6"
1392113364.0,1392113364.0,"5,6,3"
1392113364.0,1392113364.0,"5,6"
1392113365.0,1392113365.0,"5,6,3"
1392113365.0,1392113365.0,"5,6"
1392113366.0,1392113366.0,"5,6,3"
1392113366.0,1392113366.0,"5,6"
1392113367.0,1392113367.0,"5,6,3"
1392113367.0,1392113367.0,"5,6"
1392113368.0,1392113368.0,"5,6,3"
1392113368.0,1392113368.0,"5,6"
1392113369.0,1392113369.0,"5,6,3"
1392113369.0,1392113369.0,"5,6"
1392113370.0,1392113370.0,"5,6,3"
1392113370.0,1392113370.0,"5,6"
1392113371.0,1392113371.0,"5,6,3"
1392113371.0,1392113371.0,"5,6"
1392113372.0,1392113372.0,"5,6,3"
1392113372.0,1392113372.0,"5,6"
1392113373.0,1392113373.0,"5,6,3"
1392113373.0,1392113373.0,"5,6"
1392113374.0,1392113374.0,"5,6,3"
1392113374.0,1392113374.0,"5,6"
1392113375.0,1392113375.0,"5,6,3"
1392113375.0,1392113375.0,"5,6"
1392113376.0,1392113376.0,"5,6,3"
1392113376.0,1392113376.0,"5,6"
1392113377.0,1392113377.0,"5,6,3"
1392113377.0,1392113377.0,"5,6"
1392113378.0,1392113378.0,"5,6,3"
1392113378.0,1392113378.0,"5,6"
1392113379.0,1392113379.0,"5,6,3"
1392113379.0,1392113379.0,"5,6"
1392113380.0,1392113380.0,"5,6,3"
1392113380.0,1392113380.0,"5,6"
1392113381.0,1392113381.0,"5,6,3"
1392113381.0,1392113381.0,"5,6"
1392113382.0,1392113382.0,"5,6,3"
1392113382.0,1392113382.0,"5,6"
1392113383.0,1392113383.0,"5,6,3"
1392113383.0,1392113383.0,"5,6"
1392113384.0,1392113384.0,"5,6,3"
1392113384.0,1392113384.0,"5,6"
1392113385.0,1392113385.0,"5,6,3"
1392113385.0,1392113385.0,"5,6"
1392113386.0,1392113386.0,"5,6,3"
1392113386.0,1392113386.0,"5,6"
1392113387.0,1392113387.0,"5,6,3"
1392113387.0,1392113387.0,"5,6"
1392113388.0,1392113388.0,"5,6,3"
1392113388.0,1392113388.0,"5,6"
1392113389.0,1392113389.0,"5,6,3"
1392113389.0,1392113389.0,"5,6"
1392113390.0,1392113390.0,"5,6,3"
1392113390.0,1392113390.0,"5,6"
1392113391.0,1392113391.0,"5,6,3"
1392113391.0,1392113391.0,"5,6"
1392113392.0,1392113392.0,"5,6,3"
1392113392.0,1392113392.0,"5,6"
1392113393.0,1392113393.0,"5,6,3"
1392113393.0,1392113393.0,"5,6"
1392113394.0,1392113394.0,"5,6,3"
1392113394.0,1392113394.0,"5,6"
1392113395.0,1392113395.0,"5,6,3"
1392113395.0,1392113395.0,"5,6"
1392113396.0,1392113396.0,"5,6,3"
1392113396.0,1392113396.0,"5,6"
1392113397.0,1392113397.0,"5,6,3"
1392113397.0,1392113397.0,"5,6"
1392113398.0,1392113398.0,"5,6,3"
1392113398.0,1392113398.0,"5,6"
1392113399.0,1392113399.0,"5,6,3"
1392113399.0,1392113399.0,"5,6"
1392113400.0,1392113400.0,"5,6,3"
1392113400.0,1392113400.0,"5,6"
1392113401.0,1392113401.0,"5,6,3"
1392113401.0,1392113401.0,"5,6"
1392113402.0,1392113402.0,"5,6,3"
1392113402.0,1392113402.0,"5,6"
1392113403.0,1392113403.0,"5,6,3"
1392113403.0,1392113403.0,"5,6"
1392113404.0,1392113404.0,"5,6,3"
1392113404.0,1392113404.0,"5,6"
1392113405.0,1392113405.0,"5,6,3"
1392113405.0,1392113405.0,"5,6"
1392113406.0,1392113406.0,"5,6,3"
1392113406.0,1392113406.0,"5,6"
1392113407.0,1392113407.0,"5,6,3"
1392113407.0,1392113407.0,"5,6"
1392113408.0,1392113408.0,"5,6,3"
1392113408.0,1392113408.0,"5,6"
1392113409.0,1392113409.0,"5,6,3"
1392113409.0,1392113409.0,"5,6"
1392113410.0,1392113410.0,"5,6,3"
1392113410.0,1392113410.0,"5,6"
1392113411.0,1392113411.0,"5,6,3"
1392113411.0,1392113411.0,"5,6"
1392113412.0,1392113412.0,"5,6,3"
1392113412.0,1392113412.0,"5,6"
1392113413.0,1392113413.0,"5,6,3"
1392113413.0,1392113413.0,"5,6"
1392113414.0,1392113414.0,"5,6,3"
1392113414.0,1392113414.0,"5,6"
1392113415.0,1392113415.0,"5,6,3"
1392113415.0,1392113415.0,"5,6"
1392113416.0,1392113416.0,"5,6,3"
1392113416.0,1392113416.0,"5,6"
1392113417.0,1392113417.0,"5,6,3"
1392113417.0,1392113417.0,"5,6"
1392113418.0,1392113418.0,"5,6,3"
1392113418.0,1392113418.0,"5,6"
1392113419.0,1392113419.0,"5,6,3"
1392113419.0,1392113419.0,"5,6"
1392113420.0,1392113420.0,"5,6,3"
1392113420.0,1392113420.0,"5,6"
1392113421.0,1392113421.0,"5,6,3"
1392113421.0,1392113421.0,"5,6"
1392113422.0,1392113422.0,"5,6,3"
1392113422.0,1392113422.0,"5,6"
1392113423.0,1392113423.0,"5,6,3"
1392113423.0,1392113423.0,"5,6"
1392113424.0,1392113424.0,"5,6,3"
1392113424.0,1392113424.0,"5,6"
1392113425.0,1392113425.0,"5,6,3"
1392113425.0,1392113425.0,"5,6"
1392113426.0,1392113426.0,"5,6,3"
1392113426.0,1392113426.0,"5,6"
1392113427.0,1392113427.0,"5,6,3"
1392113427.0,1392113427.0,"5,6"
1392113428.0,1392113428.0,"5,6,3"
1392113428.0,1392113428.0,"5,6"
1392113429.0,1392113429.0,"5,6,3"
1392113429.0,1392113429.0,"5,6"
1392113430.0,1392113430.0,"5,6,3"
1392113430.0,1392113430.0,"5,6"
1392113431.0,1392113431.0,"5,6,3"
1392113431.0,1392113431.0,"5,6"
1392113432.0,1392113432.0,"5,6,3"
1392113432.0,1392113432.0,"5,6"
1392113433.0,1392113433.0,"5,6,3"
1392113433.0,1392113433.0,"5,6"
1392113434.0,1392113434.0,"5,6,3"
1392113434.0,1392113434.0,"5,6"
1392113435.0,1392113435.0,"5,6,3"
1392113435.0,1392113435.0,"5,6"
1392113436.0,1392113436.0,"5,6,3"
1392113436.0,1392113436.0,"5,6"
1392113437.0,1392113437.0,"5,6,3"
1392113437.0,1392113437.0,"5,6"
1392113438.0,1392113438.0,"5,6,3"
1392113438.0,1392113438.0,"5,6"
1392113439.0,1392113439.0,"5,6,3"
1392113439.0,1392113439.0,"5,6"
1392113440.0,1392113440.0,"5,6,3"
1392113440.0,1392113440.0,"5,6"
1392113441.0,1392113441.0,"5,6,3"
1392113441.0,1392113441.0,"5,6"
1392113442.0,1392113442.0,"5,6,3"
1392113442.0,1392113442.0,"5,6"
1392113443.0,1392113443.0,"5,6,3"
1392113443.0,1392113443.0,"5,6"
1392113444.0,1392113444.0,"5,6,3"
1392113444.0,1392113444.0,"5,6"
1392113445.0,1392113445.0,"5,6,3"
1392113445.0,1392113445.0,"5,6"
1392113446.0,1392113446.0,"5,6,3"
1392113446.0,1392113446.0,"5,6"
1392113447.0,1392113447.0,"5,6,3"
1392113447.0,1392113447.0,"5,6"
1392113448.0,1392113448.0,"5,6,3"
1392113448.0,1392113448.0,"5,6"
1392113449.0,1392113449.0,"5,6,3"
1392113449.0,1392113449.0,"5,6"
1392113450.0,1392113450.0,"5,6,3"
1392113450.0,1392113450.0,"5,6"
1392113451.0,1392113451.0,"5,6,3"
1392113451.0,1392113451.0,"5,6"
1392113452.0,1392113452.0,"5,6,3"
1392113452.0,1392113452.0,"5,6"
1392113453.0,1392113453.0,"5,6,3"
1392113453.0,1392113453.0,"5,6"
1392113454.0,1392113454.0,"5,6,3"
1392113454.0,1392113454.0,"5,6"
1392113455.0,1392113455.0,"5,6,3"
1392113455.0,1392113455.0,"5,6"
1392113456.0,1392113456.0,"5,6,3"
1392113456.0,1392113456.0,"5,6"
1392113457.0,1392113457.0,"5,6,3"
1392113457.0,1392113457.0,"5,6"
1392113458.0,1392113458.0,"5,6,3"
1392113458.0,1392113458.0,"5,6"
1392113459.0,1392113459.0,"5,6,3"
1392113459.0,1392113459.0,"5,6"
1392113460.0,1392113460.0,"5,6,3"
1392113460.0,1392113460.0,"5,6"
1392113461.0,1392113461.0,"5,6,3"
1392113461.0,1392113461.0,"5,6"
1392113462.0,1392113462.0,"5,6,3"
1392113462.0,1392113462.0,"5,6"
1392113463.0,1392113463.0,"5,6,3"
1392113463.0,1392113463.0,"5,6"
1392113464.0,1392113464.0,"5,6,3"
1392113464.0,1392113464.0,"5,6"
1392113465.0,1392113465.0,"5,6,3"
1392113465.0,1392113465.0,"5,6"
1392113466.0,1392113466.0,"5,6,3"
1392113466.0,1392113466.0,"5,6"
1392113467.0,1392113467.0,"5,6,3"
1392113467.0,1392113467.0,"5,6"
1392113468.0,1392113468.0,"5,6,3"
1392113468.0,1392113468.0,"5,6"
1392113469.0,1392113469.0,"5,6,3"
1392113469.0,1392113469.0,"5,6"
1392113470.0,1392113470.0,"5,6,3"
1392113470.0,1392113470.0,"5,6"
1392113471.0,1392113471.0,"5,6,3"
1392113471.0,1392113471.0,"5,6"
1392113472.0,1392113472.0,"5,6,3"
1392113472.0,1392113472.0,"5,6"
1392113473.0,1392113473.0,"5,6,3"
1392113473.0,1392113473.0,"5,6"
1392113474.0,1392113474.0,"5,6,3"
1392113474.0,1392113474.0,"5,6"
1392113475.0,1392113475.0,"5,6,3"
1392113475.0,1392113475.0,"5,6"
1392113476.0,1392113476.0,"5,6,3"
1392113476.0,1392113476.0,"5,6"
1392113477.0,1392113477.0,"5,6,3"
1392113477.0,1392113477.0,"5,6"
1392113478.0,1392113478.0,"5,6,3"
1392113478.0,1392113478.0,"5,6"
1392113479.0,1392113479.0,"5,6,3"
1392113479.0,1392113479.0,"5,6"
1392113480.0,1392113480.0,"5,6,3"
1392113480.0,1392113480.0,"5,6"
1392113481.0,1392113481.0,"5,6,3"
1392113481.0,1392113481.0,"5,6"
1392113482.0,1392113482.0,"5,6,3"
1392113482.0,1392113482.0,"5,6"
1392113483.0,1392113483.0,"5,6,3"
1392113483.0,1392113483.0,"5,6"
1392113484.0,1392113484.0,"5,6,3"
1392113484.0,1392113484.0,"5,6"
1392113485.0,1392113485.0,"5,6,3"
1392113485.0,1392113485.0,"5,6"
1392113486.0,1392113486.0,"5,6,3"
1392113486.0,1392113486.0,"5,6"
1392113487.0,1392113487.0,"5,6,3"
1392113487.0,1392113487.0,"5,6"
1392113488.0,1392113488.0,"5,6,3"
1392113488.0,1392113488.0,"5,6"
1392113489.0,1392113489.0,"5,6,3"
1392113489.0,1392113489.0,"5,6"
1392113490.0,1392113490.0,"5,6,3"
1392113490.0,1392113490.0,"5,6"
1392113491.0,1392113491.0,"5,6,3"
1392113491.0,1392113491.0,"5,6"
1392113492.0,1392113492.0,"5,6,3"
1392113492.0,1392113492.0,"5,6"
1392113493.0,1392113493.0,"5,6,3"
1392113493.0,1392113493.0,"5,6"
1392113494.0,1392113494.0,"5,6,3"
1392113494.0,1392113494.0,"5,6"
1392113495.0,1392113495.0,"5,6,3"
1392113495.0,1392113495.0,"5,6"
1392113496.0,1392113496.0,"5,6,3"
1392113496.0,1392113496.0,"5,6"
1392113497.0,1392113497.0,"5,6,3"
1392113497.0,1392113497.0,"5,6"
1392113498.0,1392113498.0,"5,6,3"
1392113498.0,1392113498.0,"5,6"
1392113499.0,1392113499.0,"5,6,3"
1392113499.0,1392113499.0,"5,6"
1392113500.0,1392113500.0,"5,6,3"
1392113500.0,1392113500.0,"5,6"
1392113501.0,1392113501.0,"5,6,3"
1392113501.0,1392113501.0,"5,6"
1392113502.0,1392113502.0,"5,6,3"
1392113502.0,1392113502.0,"5,6"
1392113503.0,1392113503.0,"5,6,3"
1392113503.0,1392113503.0,"5,6"
1392113504.0,1392113504.0,"5,6,3"
1392113504.0,1392113504.0,"5,6"
1392113505.0,1392113505.0,"5,6,3"
1392113505.0,1392113505.0,"5,6"
1392113506.0,1392113506.0,"5,6,3"
1392113506.0,1392113506.0,"5,6"
1392113507.0,1392113507.0,"5,6,3"
1392113507.0,1392113507.0,"5,6"
1392113508.0,1392113508.0,"5,6,3"
1392113508.0,1392113508.0,"5,6"
1392113509.0,1392113509.0,"5,6,3"
1392113509.0,1392113509.0,"5,6"
1392113510.0,1392113510.0,"5,6,3"
1392113510.0,1392113510.0,"5,6"
1392113511.0,1392113511.0,"5,6,3"
1392113511.0,1392113511.0,"5,6"
1392113512.0,1392113512.0,"5,6,3"
1392113512.0,1392113512.0,"5,6"
1392113513.0,1392113513.0,"5,6,3"
1392113513.0,1392113513.0,"5,6"
1392113514.0,1392113514.0,"5,6,3"
1392113514.0,1392113514.0,"5,6"
1392113515.0,1392113515.0,"5,6,3"
1392113515.0,1392113515.0,"5,6"
1392113516.0,1392113516.0,"5,6,3"
1392113516.0,1392113516.0,"5,6"
1392113517.0,1392113517.0,"5,6,3"
1392113517.0,1392113517.0,"5,6"
1392113518.0,1392113518.0,"5,6,3"
1392113518.0,1392113518.0,"5,6"
1392113519.0,1392113519.0,"5,6,3"
1392113519.0,1392113519.0,"5,6"
1392113520.0,1392113520.0,"5,6,3"
1392113520.0,1392113520.0,"5,6"
1392113521.0,1392113521.0,"5,6,3"
1392113521.0,1392113521.0,"5,6"
1392113522.0,1392113522.0,"5,6,3"
1392113522.0,1392113522.0,"5,6"
1392113523.0,1392113523.0,"5,6,3"
1392113523.0,1392113523.0,"5,6"
1392113524.0,1392113524.0,"5,6,3"
1392113524.0,1392113524.0,"5,6"
1392113525.0,1392113525.0,"5,6,3"
1392113525.0,1392113525.0,"5,6"
1392113526.0,1392113526.0,"5,6,3"
1392113526.0,1392113526.0,"5,6"
1392113527.0,1392113527.0,"5,6,3"
1392113527.0,1392113527.0,"5,6"
1392113528.0,1392113528.0,"5,6,3"
1392113528.0,1392113528.0,"5,6"
1392113529.0,1392113529.0,"5,6,3"
1392113529.0,1392113529.0,"5,6"
1392113530.0,1392113530.0,"5,6,3"
1392113530.0,1392113530.0,"5,6"
1392113531.0,1392113531.0,"5,6,3"
1392113531.0,1392113531.0,"5,6"
1392113532.0,1392113532.0,"5,6,3"
1392113532.0,1392113532.0,"5,6"
1392113533.0,1392113533.0,"5,6,3"
1392113533.0,1392113533.0,"5,6"
1392113534.0,1392113534.0,"5,6,3"
1392113534.0,1392113534.0,"5,6"
1392113535.0,1392113535.0,"5,6,3"
1392113535.0,1392113535.0,"5,6"
1392113536.0,1392113536.0,"5,6,3"
1392113536.0,1392113536.0,"5,6"
1392113537.0,1392113537.0,"5,6,3"
1392113537.0,1392113537.0,"5,6"
1392113538.0,1392113538.0,"5,6,3"
1392113538.0,1392113538.0,"5,6"
1392113539.0,1392113539.0,"5,6,3"
1392113539.0,1392113539.0,"5,6"
1392113540.0,1392113540.0,"5,6,3"
1392113540.0,1392113540.0,"5,6"
1392113541.0,1392113541.0,"5,6,3"
1392113541.0,1392113541.0,"5,6"
1392113542.0,1392113542.0,"5,6,3"
1392113542.0,1392113542.0,"5,6"
1392113543.0,1392113543.0,"5,6,3"
1392113543.0,1392113543.0,"5,6"
1392113544.0,1392113544.0,"5,6,3"
1392113544.0,1392113544.0,"5,6"
1392113545.0,1392113545.0,"5,6,3"
1392113545.0,1392113545.0,"5,6"
1392113546.0,1392113546.0,"5,6,3"
1392113546.0,1392113546.0,"5,6"
1392113547.0,1392113547.0,"5,6,3"
1392113547.0,1392113547.0,"5,6"
1392113548.0,1392113548.0,"5,6,3"
1392113548.0,1392113548.0,"5,6"
1392113549.0,1392113549.0,"5,6,3"
1392113549.0,1392113549.0,"5,6"
1392113550.0,1392113550.0,"5,6,3"
1392113550.0,1392113550.0,"5,6"
1392113551.0,1392113551.0,"5,6,3"
1392113551.0,1392113551.0,"5,6"
1392113552.0,1392113552.0,"5,6,3"
1392113552.0,1392113552.0,"5,6"
1392113553.0,1392113553.0,"5,6,3"
1392113553.0,1392113553.0,"5,6"
1392113554.0,1392113554.0,"5,6,3"
1392113554.0,1392113554.0,"5,6"
1392113555.0,1392113555.0,"5,6,3"
1392113555.0,1392113555.0,"5,6"
1392113556.0,1392113556.0,"5,6,3"
1392113556.0,1392113556.0,"5,6"
1392113557.0,1392113557.0,"5,6,3"
1392113557.0,1392113557.0,"5,6"
1392113558.0,1392113558.0,"5,6,3"
1392113558.0,1392113558.0,"5,6"
1392113559.0,1392113559.0,"5,6,3"
1392113559.0,1392113559.0,"5,6"
1392113560.0,1392113560.0,"5,6,3"
1392113560.0,1392113560.0,"5,6"
1392113561.0,1392113561.0,"5,6,3"
1392113561.0,1392113561.0,"5,6"
1392113562.0,1392113562.0,"5,6,3"
1392113562.0,1392113562.0,"5,6"
1392113563.0,1392113563.0,"5,6,3"
1392113563.0,1392113563.0,"5,6"
1392113564.0,1392113564.0,"5,6,3"
1392113564.0,1392113564.0,"5,6"
1392113565.0,1392113565.0,"5,6,3"
1392113565.0,1392113565.0,"5,6"
1392113566.0,1392113566.0,"5,6,3"
1392113566.0,1392113566.0,"5,6"
1392113567.0,1392113567.0,"5,6,3"
1392113567.0,1392113567.0,"5,6"
1392113568.0,1392113568.0,"5,6,3"
1392113568.0,1392113568.0,"5,6"
1392113569.0,1392113569.0,"5,6,3"
1392113569.0,1392113569.0,"5,6"
1392113570.0,1392113570.0,"5,6,3"
1392113570.0,1392113570.0,"5,6"
1392113571.0,1392113571.0,"5,6,3"
1392113571.0,1392113571.0,"5,6"
1392113572.0,1392113572.0,"5,6,3"
1392113572.0,1392113572.0,"5,6"
1392113573.0,1392113573.0,"5,6,3"
1392113573.0,1392113573.0,"5,6"
1392113574.0,1392113574.0,"5,6,3"
1392113574.0,1392113574.0,"5,6"
1392113575.0,1392113575.0,"5,6,3"
1392113575.0,1392113575.0,"5,6"
1392113576.0,1392113576.0,"5,6,3"
1392113576.0,1392113576.0,"5,6"
1392113577.0,1392113577.0,"5,6,3"
1392113577.0,1392113577.0,"5,6"
1392113578.0,1392113578.0,"5,6,3"
1392113578.0,1392113578.0,"5,6"
1392113579.0,1392113579.0,"5,6,3"
1392113579.0,1392113579.0,"5,6"
1392113580.0,1392113580.0,"5,6,3"
1392113580.0,1392113580.0,"5,6"
1392113581.0,1392113581.0,"5,6,3"
1392113581.0,1392113581.0,"5,6"
1392113582.0,1392113582.0,"5,6,3"
1392113582.0,1392113582.0,"5,6"
1392113583.0,1392113583.0,"5,6,3"
1392113583.0,1392113583.0,"5,6"
1392113584.0,1392113584.0,"5,6,3"
1392113584.0,1392113584.0,"5,6"
1392113585.0,1392113585.0,"5,6,3"
1392113585.0,1392113585.0,"5,6"
1392113586.0,1392113586.0,"5,6,3"
1392113586.0,1392113586.0,"5,6"
1392113587.0,1392113587.0,"5,6,3"
1392113587.0,1392113587.0,"5,6"
1392113588.0,1392113588.0,"5,6,3"
1392113588.0,1392113588.0,"5,6"
1392113589.0,1392113589.0,"5,6,3"
1392113589.0,1392113589.0,"5,6"
1392113590.0,1392113590.0,"5,6,3"
1392113590.0,1392113590.0,"5,6"
1392113591.0,1392113591.0,"5,6,3"
1392113591.0,1392113591.0,"5,6"
1392113592.0,1392113592.0,"5,6,3"
1392113592.0,1392113592.0,"5,6"
1392113593.0,1392113593.0,"5,6,3"
1392113593.0,1392113593.0,"5,6"
1392113594.0,1392113594.0,"5,6,3"
1392113594.0,1392113594.0,"5,6"
1392113595.0,1392113595.0,"5,6,3"
1392113595.0,1392113595.0,"5,6"
1392113596.0,1392113596.0,"5,6,3"
1392113596.0,1392113596.0,"5,6"
1392113597.0,1392113597.0,"5,6,3"
1392113597.0,1392113597.0,"5,6"
1392113598.0,1392113598.0,"5,6,3"
1392113598.0,1392113598.0,"5,6"
1392113599.0,1392113599.0,"5,6,3"
1392113599.0,1392113599.0,"5,6"
1392113600.0,1392113600.0,"5,6,3"
1392113600.0,1392113600.0,"5,6"
1392113601.0,1392113601.0,"5,6,3"
1392113601.0,1392113601.0,"5,6"
1392113602.0,1392113602.0,"5,6,3"
1392113602.0,1392113602.0,"5,6"
1392113603.0,1392113603.0,"5,6,3"
1392113603.0,1392113603.0,"5,6"
1392113604.0,1392113604.0,"5,6,3"
1392113604.0,1392113604.0,"5,6"
1392113605.0,1392113605.0,"5,6,3"
1392113605.0,1392113605.0,"5,6"
1392113606.0,1392113606.0,"5,6,3"
1392113606.0,1392113606.0,"5,6"
1392113607.0,1392113607.0,"5,6,3"
1392113607.0,1392113607.0,"5,6"
1392113608.0,1392113608.0,"5,6,3"
1392113608.0,1392113608.0,"5,6"
1392113609.0,1392113609.0,"5,6,3"
1392113609.0,1392113609.0,"5,6"
1392113610.0,1392113610.0,"5,6,3"
1392113610.0,1392113610.0,"5,6"
1392113611.0,1392113611.0,"5,6,3"
1392113611.0,1392113611.0,"5,6"
1392113612.0,1392113612.0,"5,6,3"
1392113612.0,1392113612.0,"5,6"
1392113613.0,1392113613.0,"5,6,3"
1392113613.0,1392113613.0,"5,6"
1392113614.0,1392113614.0,"5,6,3"
1392113614.0,1392113614.0,"5,6"
1392113615.0,1392113615.0,"5,6,3"
1392113615.0,1392113615.0,"5,6"
1392113616.0,1392113616.0,"5,6,3"
1392113616.0,1392113616.0,"5,6"
1392113617.0,1392113617.0,"5,6,3"
1392113617.0,1392113617.0,"5,6"
1392113618.0,1392113618.0,"5,6,3"
1392113618.0,1392113618.0,"5,6"
1392113619.0,1392113619.0,"5,6,3"
1392113619.0,1392113619.0,"5,6"
1392113620.0,1392113620.0,"5,6,3"
1392113620.0,1392113620.0,"5,6"
1392113621.0,1392113621.0,"5,6,3"
1392113621.0,1392113621.0,"5,6"
1392113622.0,1392113622.0,"5,6,3"
1392113622.0,1392113622.0,"5,6"
1392113623.0,1392113623.0,"5,6,3"
1392113623.0,1392113623.0,"5,6"
1392113624.0,1392113624.0,"5,6,3"
1392113624.0,1392113624.0,"5,6"
1392113625.0,1392113625.0,"5,6,3"
1392113625.0,1392113625.0,"5,6"
1392113626.0,1392113626.0,"5,6,3"
1392113626.0,1392113626.0,"5,6"
1392113627.0,1392113627.0,"5,6,3"
1392113627.0,1392113627.0,"5,6"
1392113628.0,1392113628.0,"5,6,3"
1392113628.0,1392113628.0,"5,6"
1392113629.0,1392113629.0,"5,6,3"
1392113629.0,1392113629.0,"5,6"
1392113630.0,1392113630.0,"5,6,3"
1392113630.0,1392113630.0,"5,6"
1392113631.0,1392113631.0,"5,6,3"
1392113631.0,1392113631.0,"5,6"
1392113632.0,1392113632.0,"5,6,3"
1392113632.0,1392113632.0,"5,6"
1392113633.0,1392113633.0,"5,6,3"
1392113633.0,1392113633.0,"5,6"
1392113634.0,1392113634.0,"5,6,3"
1392113634.0,1392113634.0,"5,6"
1392113635.0,1392113635.0,"5,6,3"
1392113635.0,1392113635.0,"5,6"
1392113636.0,1392113636.0,"5,6,3"
1392113636.0,1392113636.0,"5,6"
1392113637.0,1392113637.0,"5,6,3"
1392113637.0,1392113637.0,"5,6"
1392113638.0,1392113638.0,"5,6,3"
1392113638.0,1392113638.0,"5,6"
1392113639.0,1392113639.0,"5,6,3"
1392113639.0,1392113639.0,"5,6"
1392113640.0,1392113640.0,"5,6,3"
1392113640.0,1392113640.0,"5,6"
1392113641.0,1392113641.0,"5,6,3"
1392113641.0,1392113641.0,"5,6"
1392113642.0,1392113642.0,"5,6,3"
1392113642.0,1392113642.0,"5,6"
1392113643.0,1392113643.0,"5,6,3"
1392113643.0,1392113643.0,"5,6"
1392113644.0,1392113644.0,"5,6,3"
1392113644.0,1392113644.0,"5,6"
1392113645.0,1392113645.0,"5,6,3"
1392113645.0,1392113645.0,"5,6"
1392113646.0,1392113646.0,"5,6,3"
1392113646.0,1392113646.0,"5,6"
1392113647.0,1392113647.0,"5,6,3"
1392113647.0,1392113647.0,"5,6"
1392113648.0,1392113648.0,"5,6,3"
1392113648.0,1392113648.0,"5,6"
1392113649.0,1392113649.0,"5,6,3"
1392113649.0,1392113649.0,"5,6"
1392113650.0,1392113650.0,"5,6,3"
1392113650.0,1392113650.0,"5,6"
1392113651.0,1392113651.0,"5,6,3"
1392113651.0,1392113651.0,"5,6"
1392113652.0,1392113652.0,"5,6,3"
1392113652.0,1392113652.0,"5,6"
1392113653.0,1392113653.0,"5,6,3"
1392113653.0,1392113653.0,"5,6"
1392113654.0,1392113654.0,"5,6,3"
1392113654.0,1392113654.0,"5,6"
1392113655.0,1392113655.0,"5,6,3"
1392113655.0,1392113655.0,"5,6"
1392113656.0,1392113656.0,"5,6,3"
1392113656.0,1392113656.0,"5,6"
1392113657.0,1392113657.0,"5,6,3"
1392113657.0,1392113657.0,"5,6"
1392113658.0,1392113658.0,"5,6,3"
1392113658.0,1392113658.0,"5,6"
1392113659.0,1392113659.0,"5,6,3"
1392113659.0,1392113659.0,"5,6"
1392113660.0,1392113660.0,"5,6,3"
1392113660.0,1392113660.0,"5,6"
1392113661.0,1392113661.0,"5,6,3"
1392113661.0,1392113661.0,"5,6"
1392113662.0,1392113662.0,"5,6,3"
1392113662.0,1392113662.0,"5,6"
1392113663.0,1392113663.0,"5,6,3"
1392113663.0,1392113663.0,"5,6"
1392113664.0,1392113664.0,"5,6,3"
1392113664.0,1392113664.0,"5,6"
1392113665.0,1392113665.0,"5,6,3"
1392113665.0,1392113665.0,"5,6"
1392113666.0,1392113666.0,"5,6,3"
1392113666.0,1392113666.0,"5,6"
1392113667.0,1392113667.0,"5,6,3"
1392113667.0,1392113667.0,"5,6"
1392113668.0,1392113668.0,"5,6,3"
1392113668.0,1392113668.0,"5,6"
1392113669.0,1392113669.0,"5,6,3"
1392113669.0,1392113669.0,"5,6"
1392113670.0,1392113670.0,"5,6,3"
1392113670.0,1392113670.0,"5,6"
1392113671.0,1392113671.0,"5,6,3"
1392113671.0,1392113671.0,"5,6"
1392113672.0,1392113672.0,"5,6,3"
1392113672.0,1392113672.0,"5,6"
1392113673.0,1392113673.0,"5,6,3"
1392113673.0,1392113673.0,"5,6"
1392113674.0,1392113674.0,"5,6,3"
1392113674.0,1392113674.0,"5,6"
1392113675.0,1392113675.0,"5,6,3"
1392113675.0,1392113675.0,"5,6"
1392113676.0,1392113676.0,"5,6,3"
1392113676.0,1392113676.0,"5,6"
1392113677.0,1392113677.0,"5,6,3"
1392113677.0,1392113677.0,"5,6"
1392113678.0,1392113678.0,"5,6,3"
1392113678.0,1392113678.0,"5,6"
1392113679.0,1392113679.0,"5,6,3"
1392113679.0,1392113679.0,"5,6"
1392113680.0,1392113680.0,"5,6,3"
1392113680.0,1392113680.0,"5,6"
1392113681.0,1392113681.0,"5,6,3"
1392113681.0,1392113681.0,"5,6"
1392113682.0,1392113682.0,"5,6,3"
1392113682.0,1392113682.0,"5,6"
1392113683.0,1392113683.0,"5,6,3"
1392113683.0,1392113683.0,"5,6"
1392113684.0,1392113684.0,"5,6,3"
1392113684.0,1392113684.0,"5,6"
1392113685.0,1392113685.0,"5,6,3"
1392113685.0,1392113685.0,"5,6"
1392113686.0,1392113686.0,"5,6,3"
1392113686.0,1392113686.0,"5,6"
1392113687.0,1392113687.0,"5,6,3"
1392113687.0,1392113687.0,"5,6"
1392113688.0,1392113688.0,"5,6,3"
1392113688.0,1392113688.0,"5,6"
1392113689.0,1392113689.0,"5,6,3"
1392113689.0,1392113689.0,"5,6"
1392113690.0,1392113690.0,"5,6,3"
1392113690.0,1392113690.0,"5,6"
1392113691.0,1392113691.0,"5,6,3"
1392113691.0,1392113691.0,"5,6"
1392113692.0,1392113692.0,"5,6,3"
1392113692.0,1392113692.0,"5,6"
1392113693.0,1392113693.0,"5,6,3"
1392113693.0,1392113693.0,"5,6"
1392113694.0,1392113694.0,"5,6,3"
1392113694.0,1392113694.0,"5,6"
1392113695.0,1392113695.0,"5,6,3"
1392113695.0,1392113695.0,"5,6"
1392113696.0,1392113696.0,"5,6,3"
1392113696.0,1392113696.0,"5,6"
1392113697.0,1392113697.0,"5,6,3"
1392113697.0,1392113697.0,"5,6"
1392113698.0,1392113698.0,"5,6,3"
1392113698.0,1392113698.0,"5,6"
1392113699.0,1392113699.0,"5,6,3"
1392113699.0,1392113699.0,"5,6"
1392113700.0,1392113700.0,"5,6,3"
1392113700.0,1392113700.0,"5,6"
1392113701.0,1392113701.0,"5,6,3"
1392113701.0,1392113701.0,"5,6"
1392113702.0,1392113702.0,"5,6,3"
1392113702.0,1392113702.0,"5,6"
1392113703.0,1392113703.0,"5,6,3"
1392113703.0,1392113703.0,"5,6"
1392113704.0,1392113704.0,"5,6,3"
1392113704.0,1392113704.0,"5,6"
1392113705.0,1392113705.0,"5,6,3"
1392113705.0,1392113705.0,"5,6"
1392113706.0,1392113706.0,"5,6,3"
1392113706.0,1392113706.0,"5,6"
1392113707.0,1392113707.0,"5,6,3"
1392113707.0,1392113707.0,"5,6"
1392113708.0,1392113708.0,"5,6,3"
1392113708.0,1392113708.0,"5,6"
1392113709.0,1392113709.0,"5,6,3"
1392113709.0,1392113709.0,"5,6"
1392113710.0,1392113710.0,"5,6,3"
1392113710.0,1392113710.0,"5,6"
1392113711.0,1392113711.0,"5,6,3"
1392113711.0,1392113711.0,"5,6"
1392113712.0,1392113712.0,"5,6,3"
1392113712.0,1392113712.0,"5,6"
1392113713.0,1392113713.0,"5,6,3"
1392113713.0,1392113713.0,"5,6"
1392113714.0,1392113714.0,"5,6,3"
1392113714.0,1392113714.0,"5,6"
1392113715.0,1392113715.0,"5,6,3"
1392113715.0,1392113715.0,"5,6"
1392113716.0,1392113716.0,"5,6,3"
1392113716.0,1392113716.0,"5,6"
1392113717.0,1392113717.0,"5,6,3"
1392113717.0,1392113717.0,"5,6"
1392113718.0,1392113718.0,"5,6,3"
1392113718.0,1392113718.0,"5,6"
1392113719.0,1392113719.0,"5,6,3"
1392113719.0,1392113719.0,"5,6"
1392113720.0,1392113720.0,"5,6,3"
1392113720.0,1392113720.0,"5,6"
1392113721.0,1392113721.0,"5,6,3"
1392113721.0,1392113721.0,"5,6"
1392113722.0,1392113722.0,"5,6,3"
1392113722.0,1392113722.0,"5,6"
1392113723.0,1392113723.0,"5,6,3"
1392113723.0,1392113723.0,"5,6"
1392113724.0,1392113724.0,"5,6,3"
1392113724.0,1392113724.0,"5,6"
1392113725.0,1392113725.0,"5,6,3"
1392113725.0,1392113725.0,"5,6"
1392113726.0,1392113726.0,"5,6,3"
1392113726.0,1392113726.0,"5,6"
1392113727.0,1392113727.0,"5,6,3"
1392113727.0,1392113727.0,"5,6"
1392113728.0,1392113728.0,"5,6,3"
1392113728.0,1392113728.0,"5,6"
1392113729.0,1392113729.0,"5,6,3"
1392113729.0,1392113729.0,"5,6"
1392113730.0,1392113730.0,"5,6,3"
1392113730.0,1392113730.0,"5,6"
1392113731.0,1392113731.0,"5,6,3"
1392113731.0,1392113731.0,"5,6"
1392113732.0,1392113732.0,"5,6,3"
1392113732.0,1392113732.0,"5,6"
1392113733.0,1392113733.0,"5,6,3"
1392113733.0,1392113733.0,"5,6"
1392113734.0,1392113734.0,"5,6,3"
1392113734.0,1392113734.0,"5,6"
1392113735.0,1392113735.0,"5,6,3"
1392113735.0,1392113735.0,"5,6"
1392113736.0,1392113736.0,"5,6,3"
1392113736.0,1392113736.0,"5,6"
1392113737.0,1392113737.0,"5,6,3"
1392113737.0,1392113737.0,"5,6"
1392113738.0,1392113738.0,"5,6,3"
1392113738.0,1392113738.0,"5,6"
1392113739.0,1392113739.0,"5,6,3"
1392113739.0,1392113739.0,"5,6"
1392113740.0,1392113740.0,"5,6,3"
1392113740.0,1392113740.0,"5,6"
1392113741.0,1392113741.0,"5,6,3"
1392113741.0,1392113741.0,"5,6"
1392113742.0,1392113742.0,"5,6,3"
1392113742.0,1392113742.0,"5,6"
1392113743.0,1392113743.0,"5,6,3"
1392113743.0,1392113743.0,"5,6"
1392113744.0,1392113744.0,"5,6,3"
1392113744.0,1392113744.0,"5,6"
1392113745.0,1392113745.0,"5,6,3"
1392113745.0,1392113745.0,"5,6"
1392113746.0,1392113746.0,"5,6,3"
1392113746.0,1392113746.0,"5,6"
1392113747.0,1392113747.0,"5,6,3"
1392113747.0,1392113747.0,"5,6"
1392113748.0,1392113748.0,"5,6,3"
1392113748.0,1392113748.0,"5,6"
1392113749.0,1392113749.0,"5,6,3"
1392113749.0,1392113749.0,"5,6"
1392113750.0,1392113750.0,"5,6,3"
1392113750.0,1392113750.0,"5,6"
1392113751.0,1392113751.0,"5,6,3"
1392113751.0,1392113751.0,"5,6"
1392113752.0,1392113752.0,"5,6,3"
1392113752.0,1392113752.0,"5,6"
1392113753.0,1392113753.0,"5,6,3"
1392113753.0,1392113753.0,"5,6"
1392113754.0,1392113754.0,"5,6,3"
1392113754.0,1392113754.0,"5,6"
1392113755.0,1392113755.0,"5,6,3"
1392113755.0,1392113755.0,"5,6"
1392113756.0,1392113756.0,"5,6,3"
1392113756.0,1392113756.0,"5,6"
1392113757.0,1392113757.0,"5,6,3"
1392113757.0,1392113757.0,"5,6"
1392113758.0,1392113758.0,"5,6,3"
1392113758.0,1392113758.0,"5,6"
1392113759.0,1392113759.0,"5,6,3"
1392113759.0,1392113759.0,"5,6"
1392113760.0,1392113760.0,"5,6,3"
1392113760.0,1392113760.0,"5,6"
1392113761.0,1392113761.0,"5,6,3"
1392113761.0,1392113761.0,"5,6"
1392113762.0,1392113762.0,"5,6,3"
1392113762.0,1392113762.0,"5,6"
1392113763.0,1392113763.0,"5,6,3"
1392113763.0,1392113763.0,"5,6"
1392113764.0,1392113764.0,"5,6,3"
1392113764.0,1392113764.0,"5,6"
1392113765.0,1392113765.0,"5,6,3"
1392113765.0,1392113765.0,"5,6"
1392113766.0,1392113766.0,"5,6,3"
1392113766.0,1392113766.0,"5,6"
1392113767.0,1392113767.0,"5,6,3"
1392113767.0,1392113767.0,"5,6"
1392113768.0,1392113768.0,"5,6,3"
1392113768.0,1392113768.0,"5,6"
1392113769.0,1392113769.0,"5,6,3"
1392113769.0,1392113769.0,"5,6"
1392113770.0,1392113770.0,"5,6,3"
1392113770.0,1392113770.0,"5,6"
1392113771.0,1392113771.0,"5,6,3"
1392113771.0,1392113771.0,"5,6"
1392113772.0,1392113772.0,"5,6,3"
1392113772.0,1392113772.0,"5,6"
1392113773.0,1392113773.0,"5,6,3"
1392113773.0,1392113773.0,"5,6"
1392113774.0,1392113774.0,"5,6,3"
1392113774.0,1392113774.0,"5,6"
1392113775.0,1392113775.0,"5,6,3"
1392113775.0,1392113775.0,"5,6"
1392113776.0,1392113776.0,"5,6,3"
1392113776.0,1392113776.0,"5,6"
1392113777.0,1392113777.0,"5,6,3"
1392113777.0,1392113777.0,"5,6"
1392113778.0,1392113778.0,"5,6,3"
1392113778.0,1392113778.0,"5,6"
1392113779.0,1392113779.0,"5,6,3"
1392113779.0,1392113779.0,"5,6"
1392113780.0,1392113780.0,"5,6,3"
1392113780.0,1392113780.0,"5,6"
1392113781.0,1392113781.0,"5,3"
1392113781.0,1392113781.0,5
1392113782.0,1392113782.0,"5,3"
1392113782.0,1392113782.0,5
1392113783.0,1392113783.0,"5,3"
1392113783.0,1392113783.0,5
1392113784.0,1392113784.0,"5,3"
1392113784.0,1392113784.0,5
1392113785.0,1392113785.0,"5,3"
1392113785.0,1392113785.0,5
1392113786.0,1392113786.0,"5,3"
1392113786.0,1392113786.0,5
1392113787.0,1392113787.0,"5,3"
1392113787.0,1392113787.0,5
1392113788.0,1392113788.0,"5,3"
1392113788.0,1392113788.0,5
1392113789.0,1392113789.0,"5,3"
1392113789.0,1392113789.0,5
1392113790.0,1392113790.0,"5,3"
1392113790.0,1392113790.0,5
1392113791.0,1392113791.0,"5,3"
1392113791.0,1392113791.0,5
1392113792.0,1392113792.0,"5,3"
1392113792.0,1392113792.0,5
1392113793.0,1392113793.0,"5,3"
1392113793.0,1392113793.0,5
1392113794.0,1392113794.0,"5,3"
1392113794.0,1392113794.0,5
1392113795.0,1392113795.0,"5,3"
1392113795.0,1392113795.0,5
1392113796.0,1392113796.0,"5,3"
1392113796.0,1392113796.0,5
1392113797.0,1392113797.0,"5,3"
1392113797.0,1392113797.0,5
1392113798.0,1392113798.0,"5,3"
1392113798.0,1392113798.0,5
1392113799.0,1392113799.0,"5,3"
1392113799.0,1392113799.0,5
1392113800.0,1392113800.0,"5,3"
1392113800.0,1392113800.0,5
1392113801.0,1392113801.0,"5,3"
1392113801.0,1392113801.0,5
1392113802.0,1392113802.0,"5,3"
1392113802.0,1392113802.0,5
1392113803.0,1392113803.0,"5,3"
1392113803.0,1392113803.0,5
1392113804.0,1392113804.0,"5,3"
1392113804.0,1392113804.0,5
1392113805.0,1392113805.0,"5,3"
1392113805.0,1392113805.0,5
1392113806.0,1392113806.0,"5,3"
1392113806.0,1392113806.0,5
1392113807.0,1392113807.0,"5,3"
1392113807.0,1392113807.0,5
1392113808.0,1392113808.0,"5,3"
1392113808.0,1392113808.0,5
1392113809.0,1392113809.0,"5,3"
1392113809.0,1392113809.0,5
1392113810.0,1392113810.0,"5,3"
1392113810.0,1392113810.0,5
1392113811.0,1392113811.0,"5,3"
1392113811.0,1392113811.0,5
1392113812.0,1392113812.0,"5,3"
1392113812.0,1392113812.0,5
1392113813.0,1392113813.0,"5,3"
1392113813.0,1392113813.0,5
1392113814.0,1392113814.0,"5,3"
1392113814.0,1392113814.0,5
1392113815.0,1392113815.0,"5,3"
1392113815.0,1392113815.0,5
1392113816.0,1392113816.0,"5,3"
1392113816.0,1392113816.0,5
1392113817.0,1392113817.0,"5,3"
1392113817.0,1392113817.0,5
1392113818.0,1392113818.0,"5,3"
1392113818.0,1392113818.0,5
1392113819.0,1392113819.0,"5,3"
1392113819.0,1392113819.0,5
1392113820.0,1392113820.0,"5,3"
1392113820.0,1392113820.0,5
1392113821.0,1392113821.0,"5,3"
1392113821.0,1392113821.0,5
1392113822.0,1392113822.0,"5,3"
1392113822.0,1392113822.0,5
1392113823.0,1392113823.0,"5,3"
1392113823.0,1392113823.0,5
1392113824.0,1392113824.0,"5,3"
1392113824.0,1392113824.0,5
1392113825.0,1392113825.0,"5,3"
1392113825.0,1392113825.0,5
1392113826.0,1392113826.0,"5,3"
1392113826.0,1392113826.0,5
1392113827.0,1392113827.0,"5,3"
1392113827.0,1392113827.0,5
1392113828.0,1392113828.0,"5,3"
1392113828.0,1392113828.0,5
1392113829.0,1392113829.0,"5,3"
1392113829.0,1392113829.0,5
1392113830.0,1392113830.0,"5,3"
1392113830.0,1392113830.0,5
1392113831.0,1392113831.0,"5,3"
1392113831.0,1392113831.0,5
1392113832.0,1392113832.0,"5,3"
1392113832.0,1392113832.0,5
1392113833.0,1392113833.0,"5,3"
1392113833.0,1392113833.0,5
1392113834.0,1392113834.0,"5,3"
1392113834.0,1392113834.0,5
1392113835.0,1392113835.0,"5,3"
1392113835.0,1392113835.0,5
1392113836.0,1392113836.0,"5,3"
1392113836.0,1392113836.0,5
1392113837.0,1392113837.0,"5,3"
1392113837.0,1392113837.0,5
1392113838.0,1392113838.0,"5,3"
1392113838.0,1392113838.0,5
1392113839.0,1392113839.0,"5,3"
1392113839.0,1392113839.0,5
1392113840.0,1392113840.0,"5,3"
1392113840.0,1392113840.0,5
1392113841.0,1392113841.0,"5,3"
1392113841.0,1392113841.0,5
1392113842.0,1392113842.0,"5,3"
1392113842.0,1392113842.0,5
1392113843.0,1392113843.0,"5,3"
1392113843.0,1392113843.0,5
1392113844.0,1392113844.0,"5,3"
1392113844.0,1392113844.0,5
1392113845.0,1392113845.0,"5,3"
1392113845.0,1392113845.0,5
1392113846.0,1392113846.0,"5,3"
1392113846.0,1392113846.0,5
1392113847.0,1392113847.0,"5,3"
1392113847.0,1392113847.0,5
1392113848.0,1392113848.0,"5,3"
1392113848.0,1392113848.0,5
1392113849.0,1392113849.0,"5,3"
1392113849.0,1392113849.0,5
1392113850.0,1392113850.0,"5,3"
1392113850.0,1392113850.0,5
1392113851.0,1392113851.0,"5,3"
1392113851.0,1392113851.0,5
1392113852.0,1392113852.0,"5,3"
1392113852.0,1392113852.0,5
1392113853.0,1392113853.0,"5,3"
1392113853.0,1392113853.0,5
1392113854.0,1392113854.0,"5,3"
1392113854.0,1392113854.0,5
1392113855.0,1392113855.0,"5,3"
1392113855.0,1392113855.0,5
1392113856.0,1392113856.0,"5,3"
1392113856.0,1392113856.0,5
1392113857.0,1392113857.0,"5,3"
1392113857.0,1392113857.0,5
1392113858.0,1392113858.0,"5,3"
1392113858.0,1392113858.0,5
1392113859.0,1392113859.0,"5,3"
1392113859.0,1392113859.0,5
1392113859.0,1392113938.0,5
1392113939.0,1392114315.0,"5,6"
1392114316.0,1392114316.0,"5,6,3"
1392114316.0,1392114316.0,"5,6"
1392114317.0,1392114317.0,"5,6,3"
1392114317.0,1392114317.0,"5,6"
1392114318.0,1392114318.0,"5,6,3"
1392114318.0,1392114318.0,"5,6"
1392114319.0,1392114319.0,"5,6,3"
1392114319.0,1392114319.0,"5,6"
1392114320.0,1392114320.0,"5,6,3"
1392114320.0,1392114320.0,"5,6"
1392114321.0,1392114321.0,"5,6,3"
1392114321.0,1392114321.0,"5,6"
1392114322.0,1392114322.0,"5,6,3"
1392114322.0,1392114322.0,"5,6"
1392114323.0,1392114323.0,"5,6,3"
1392114323.0,1392114323.0,"5,6"
1392114324.0,1392114324.0,"5,6,3"
1392114324.0,1392114324.0,"5,6"
1392114325.0,1392114325.0,"5,6,3"
1392114325.0,1392114325.0,"5,6"
1392114326.0,1392114326.0,"5,6,3"
1392114326.0,1392114326.0,"5,6"
1392114327.0,1392114327.0,"5,6,3"
1392114327.0,1392114327.0,"5,6"
1392114328.0,1392114328.0,"5,6,3"
1392114328.0,1392114328.0,"5,6"
1392114329.0,1392114329.0,"5,6,3"
1392114329.0,1392114329.0,"5,6"
1392114330.0,1392114330.0,"5,6,3"
1392114330.0,1392114330.0,"5,6"
1392114331.0,1392114331.0,"5,6,3"
1392114331.0,1392114331.0,"5,6"
1392114332.0,1392114332.0,"5,6,3"
1392114332.0,1392114332.0,"5,6"
1392114333.0,1392114333.0,"5,6,3"
1392114333.0,1392114333.0,"5,6"
1392114334.0,1392114334.0,"5,6,3"
1392114334.0,1392114334.0,"5,6"
1392114335.0,1392114335.0,"5,6,3"
1392114335.0,1392114335.0,"5,6"
1392114336.0,1392114336.0,"5,6,3"
1392114336.0,1392114336.0,"5,6"
1392114337.0,1392114337.0,"5,6,3"
1392114337.0,1392114337.0,"5,6"
1392114338.0,1392114338.0,"5,6,3"
1392114338.0,1392114338.0,"5,6"
1392114339.0,1392114339.0,"5,6,3"
1392114339.0,1392114339.0,"5,6"
1392114340.0,1392114340.0,"5,6,3"
1392114340.0,1392114340.0,"5,6"
1392114341.0,1392114341.0,"5,6,3"
1392114341.0,1392114341.0,"5,6"
1392114342.0,1392114342.0,"5,6,3"
1392114342.0,1392114342.0,"5,6"
1392114343.0,1392114343.0,"5,6,3"
1392114343.0,1392114343.0,"5,6"
1392114344.0,1392114344.0,"5,6,3"
1392114344.0,1392114344.0,"5,6"
1392114345.0,1392114345.0,"5,6,3"
1392114345.0,1392114345.0,"5,6"
1392114346.0,1392114346.0,"5,6,3"
1392114346.0,1392114346.0,"5,6"
1392114347.0,1392114347.0,"5,6,3"
1392114347.0,1392114347.0,"5,6"
1392114348.0,1392114348.0,"5,6,3"
1392114348.0,1392114348.0,"5,6"
1392114349.0,1392114349.0,"5,6,3"
1392114349.0,1392114349.0,"5,6"
1392114350.0,1392114350.0,"5,6,3"
1392114350.0,1392114350.0,"5,6"
1392114351.0,1392114351.0,"5,6,3"
1392114351.0,1392114351.0,"5,6"
1392114352.0,1392114352.0,"5,6,3"
1392114352.0,1392114352.0,"5,6"
1392114353.0,1392114353.0,"5,6,3"
1392114353.0,1392114353.0,"5,6"
1392114354.0,1392114354.0,"5,6,3"
1392114354.0,1392114354.0,"5,6"
1392114355.0,1392114355.0,"5,6,3"
1392114355.0,1392114355.0,"5,6"
1392114356.0,1392114356.0,"5,6,3"
1392114356.0,1392114356.0,"5,6"
1392114357.0,1392114357.0,"5,6,3"
1392114357.0,1392114357.0,"5,6"
1392114358.0,1392114358.0,"5,6,3"
1392114358.0,1392114358.0,"5,6"
1392114359.0,1392114359.0,"5,6,3"
1392114359.0,1392114359.0,"5,6"
1392114360.0,1392114360.0,"5,6,3"
1392114360.0,1392114360.0,"5,6"
1392114361.0,1392114361.0,"5,6,3"
1392114361.0,1392114361.0,"5,6"
1392114362.0,1392114362.0,"5,6,3"
1392114362.0,1392114362.0,"5,6"
1392114363.0,1392114363.0,"5,6,3"
1392114363.0,1392114363.0,"5,6"
1392114364.0,1392114364.0,"5,6,3"
1392114364.0,1392114364.0,"5,6"
1392114365.0,1392114365.0,"5,6,3"
1392114365.0,1392114365.0,"5,6"
1392114366.0,1392114366.0,"5,6,3"
1392114366.0,1392114366.0,"5,6"
1392114367.0,1392114367.0,"5,6,3"
1392114367.0,1392114367.0,"5,6"
1392114368.0,1392114368.0,"5,6,3"
1392114368.0,1392114368.0,"5,6"
1392114369.0,1392114369.0,"5,6,3"
1392114369.0,1392114369.0,"5,6"
1392114370.0,1392114370.0,"5,6,3"
1392114370.0,1392114370.0,"5,6"
1392114371.0,1392114371.0,"5,6,3"
1392114371.0,1392114371.0,"5,6"
1392114372.0,1392114372.0,"5,6,3"
1392114372.0,1392114372.0,"5,6"
1392114373.0,1392114373.0,"5,6,3"
1392114373.0,1392114373.0,"5,6"
1392114374.0,1392114374.0,"5,6,3"
1392114374.0,1392114374.0,"5,6"
1392114375.0,1392114375.0,"5,6,3"
1392114375.0,1392114375.0,"5,6"
1392114376.0,1392114376.0,"5,6,3"
1392114376.0,1392114376.0,"5,6"
1392114377.0,1392114377.0,"5,6,3"
1392114377.0,1392114377.0,"5,6"
1392114378.0,1392114378.0,"5,6,3"
1392114378.0,1392114378.0,"5,6"
1392114379.0,1392114379.0,"5,6,3"
1392114379.0,1392114379.0,"5,6"
1392114380.0,1392114380.0,"5,6,3"
1392114380.0,1392114380.0,"5,6"
1392114381.0,1392114381.0,"5,6,3"
1392114381.0,1392114381.0,"5,6"
1392114382.0,1392114382.0,"5,6,3"
1392114382.0,1392114382.0,"5,6"
1392114383.0,1392114383.0,"5,6,3"
1392114383.0,1392114383.0,"5,6"
1392114384.0,1392114384.0,"5,6,3"
1392114384.0,1392114384.0,"5,6"
1392114385.0,1392114385.0,"5,6,3"
1392114385.0,1392114385.0,"5,6"
1392114386.0,1392114386.0,"5,6,3"
1392114386.0,1392114386.0,"5,6"
1392114387.0,1392114387.0,"5,6,3"
1392114387.0,1392114387.0,"5,6"
1392114388.0,1392114388.0,"5,6,3"
1392114388.0,1392114388.0,"5,6"
1392114389.0,1392114389.0,"5,6,3"
1392114389.0,1392114389.0,"5,6"
1392114390.0,1392114390.0,"5,6,3"
1392114390.0,1392114390.0,"5,6"
1392114391.0,1392114391.0,"5,6,3"
1392114391.0,1392114391.0,"5,6"
1392114392.0,1392114392.0,"5,6,3"
1392114392.0,1392114392.0,"5,6"
1392114393.0,1392114393.0,"5,6,3"
1392114393.0,1392114393.0,"5,6"
1392114394.0,1392114394.0,"5,6,3"
1392114394.0,1392114394.0,"5,6"
1392114395.0,1392114395.0,"5,6,3"
1392114395.0,1392114395.0,"5,6"
1392114396.0,1392114396.0,"5,6,3"
1392114396.0,1392114396.0,"5,6"
1392114397.0,1392114397.0,"5,6,3"
1392114397.0,1392114397.0,"5,6"
1392114398.0,1392114398.0,"5,6,3"
1392114398.0,1392114398.0,"5,6"
1392114399.0,1392114399.0,"5,6,3"
1392114399.0,1392114399.0,"5,6"
1392114400.0,1392114400.0,"5,6,3"
1392114400.0,1392114400.0,"5,6"
1392114401.0,1392114401.0,"5,6,3"
1392114401.0,1392114401.0,"5,6"
1392114402.0,1392114402.0,"5,6,3"
1392114402.0,1392114402.0,"5,6"
1392114403.0,1392114403.0,"5,6,3"
1392114403.0,1392114403.0,"5,6"
1392114404.0,1392114404.0,"5,6,3"
1392114404.0,1392114404.0,"5,6"
1392114405.0,1392114405.0,"5,6,3"
1392114405.0,1392114405.0,"5,6"
1392114406.0,1392114406.0,"5,6,3"
1392114406.0,1392114406.0,"5,6"
1392114407.0,1392114407.0,"5,6,3"
1392114407.0,1392114407.0,"5,6"
1392114408.0,1392114408.0,"5,6,3"
1392114408.0,1392114408.0,"5,6"
1392114409.0,1392114409.0,"5,6,3"
1392114409.0,1392114409.0,"5,6"
1392114410.0,1392114410.0,"5,6,3"
1392114410.0,1392114410.0,"5,6"
1392114411.0,1392114411.0,"5,6,3"
1392114411.0,1392114411.0,"5,6"
1392114412.0,1392114412.0,"5,6,3"
1392114412.0,1392114412.0,"5,6"
1392114413.0,1392114413.0,"5,6,3"
1392114413.0,1392114413.0,"5,6"
1392114414.0,1392114414.0,"5,6,3"
1392114414.0,1392114414.0,"5,6"
1392114415.0,1392114415.0,"5,6,3"
1392114415.0,1392114415.0,"5,6"
1392114416.0,1392114416.0,"5,6,3"
1392114416.0,1392114416.0,"5,6"
1392114417.0,1392114417.0,"5,6,3"
1392114417.0,1392114417.0,"5,6"
1392114418.0,1392114418.0,"5,6,3"
1392114418.0,1392114418.0,"5,6"
1392114419.0,1392114419.0,"5,6,3"
1392114419.0,1392114419.0,"5,6"
1392114420.0,1392114420.0,"5,6,3"
1392114420.0,1392114420.0,"5,6"
1392114421.0,1392114421.0,"5,6,3"
1392114421.0,1392114421.0,"5,6"
1392114422.0,1392114422.0,"5,6,3"
1392114422.0,1392114422.0,"5,6"
1392114423.0,1392114423.0,"5,6,3"
1392114423.0,1392114423.0,"5,6"
1392114424.0,1392114424.0,"5,6,3"
1392114424.0,1392114424.0,"5,6"
1392114425.0,1392114425.0,"5,6,3"
1392114425.0,1392114425.0,"5,6"
1392114426.0,1392114426.0,"5,6,3"
1392114426.0,1392114426.0,"5,6"
1392114427.0,1392114427.0,"5,6,3"
1392114427.0,1392114427.0,"5,6"
1392114428.0,1392114428.0,"5,6,3"
1392114428.0,1392114428.0,"5,6"
1392114429.0,1392114429.0,"5,6,3"
1392114429.0,1392114429.0,"5,6"
1392114430.0,1392114430.0,"5,6,3"
1392114430.0,1392114430.0,"5,6"
1392114431.0,1392114431.0,"5,6,3"
1392114431.0,1392114431.0,"5,6"
1392114432.0,1392114432.0,"5,6,3"
1392114432.0,1392114432.0,"5,6"
1392114433.0,1392114433.0,"5,6,3"
1392114433.0,1392114433.0,"5,6"
1392114434.0,1392114434.0,"5,6,3"
1392114434.0,1392114434.0,"5,6"
1392114435.0,1392114435.0,"5,6,3"
1392114435.0,1392114435.0,"5,6"
1392114436.0,1392114436.0,"5,6,3"
1392114436.0,1392114436.0,"5,6"
1392114437.0,1392114437.0,"5,6,3"
1392114437.0,1392114437.0,"5,6"
1392114438.0,1392114438.0,"5,6,3"
1392114438.0,1392114438.0,"5,6"
1392114439.0,1392114439.0,"5,6,3"
1392114439.0,1392114439.0,"5,6"
1392114440.0,1392114440.0,"5,6,3"
1392114440.0,1392114440.0,"5,6"
1392114441.0,1392114441.0,"5,6,3"
1392114441.0,1392114441.0,"5,6"
1392114442.0,1392114442.0,"5,6,3"
1392114442.0,1392114442.0,"5,6"
1392114443.0,1392114443.0,"5,6,3"
1392114443.0,1392114443.0,"5,6"
1392114444.0,1392114444.0,"5,6,3"
1392114444.0,1392114444.0,"5,6"
1392114445.0,1392114445.0,"5,6,3"
1392114445.0,1392114445.0,"5,6"
1392114446.0,1392114446.0,"5,6,3"
1392114446.0,1392114446.0,"5,6"
1392114447.0,1392114447.0,"5,6,3"
1392114447.0,1392114447.0,"5,6"
1392114448.0,1392114448.0,"5,6,3"
1392114448.0,1392114448.0,"5,6"
1392114449.0,1392114449.0,"5,6,3"
1392114449.0,1392114449.0,"5,6"
1392114450.0,1392114450.0,"5,6,3"
1392114450.0,1392114450.0,"5,6"
1392114451.0,1392114451.0,"5,6,3"
1392114451.0,1392114451.0,"5,6"
1392114452.0,1392114452.0,"5,6,3"
1392114452.0,1392114452.0,"5,6"
1392114453.0,1392114453.0,"5,6,3"
1392114453.0,1392114453.0,"5,6"
1392114454.0,1392114454.0,"5,6,3"
1392114454.0,1392114454.0,"5,6"
1392114455.0,1392114455.0,"5,6,3"
1392114455.0,1392114455.0,"5,6"
1392114456.0,1392114456.0,"5,6,3"
1392114456.0,1392114456.0,"5,6"
1392114457.0,1392114457.0,"5,6,3"
1392114457.0,1392114457.0,"5,6"
1392114458.0,1392114458.0,"5,6,3"
1392114458.0,1392114458.0,"5,6"
1392114459.0,1392114459.0,"5,6,3"
1392114459.0,1392114459.0,"5,6"
1392114460.0,1392114460.0,"5,6,3"
1392114460.0,1392114460.0,"5,6"
1392114461.0,1392114461.0,"5,6,3"
1392114461.0,1392114461.0,"5,6"
1392114462.0,1392114462.0,"5,6,3"
1392114462.0,1392114462.0,"5,6"
1392114463.0,1392114463.0,"5,6,3"
1392114463.0,1392114463.0,"5,6"
1392114464.0,1392114464.0,"5,6,3"
1392114464.0,1392114464.0,"5,6"
1392114465.0,1392114465.0,"5,6,3"
1392114465.0,1392114465.0,"5,6"
1392114466.0,1392114466.0,"5,6,3"
1392114466.0,1392114466.0,"5,6"
1392114467.0,1392114467.0,"5,6,3"
1392114467.0,1392114467.0,"5,6"
1392114468.0,1392114468.0,"5,6,3"
1392114468.0,1392114468.0,"5,6"
1392114469.0,1392114469.0,"5,6,3"
1392114469.0,1392114469.0,"5,6"
1392114470.0,1392114470.0,"5,6,3"
1392114470.0,1392114470.0,"5,6"
1392114471.0,1392114471.0,"5,6,3"
1392114471.0,1392114471.0,"5,6"
1392114472.0,1392114472.0,"5,6,3"
1392114472.0,1392114472.0,"5,6"
1392114473.0,1392114473.0,"5,6,3"
1392114473.0,1392114473.0,"5,6"
1392114474.0,1392114474.0,"5,6,3"
1392114474.0,1392114474.0,"5,6"
1392114475.0,1392114475.0,"5,6,3"
1392114475.0,1392114475.0,"5,6"
1392114476.0,1392114476.0,"5,6,3"
1392114476.0,1392114476.0,"5,6"
1392114477.0,1392114477.0,"5,6,3"
1392114477.0,1392114477.0,"5,6"
1392114478.0,1392114478.0,"5,6,3"
1392114478.0,1392114478.0,"5,6"
1392114479.0,1392114479.0,"5,6,3"
1392114479.0,1392114479.0,"5,6"
1392114480.0,1392114480.0,"5,6,3"
1392114480.0,1392114480.0,"5,6"
1392114481.0,1392114481.0,"5,6,3"
1392114481.0,1392114481.0,"5,6"
1392114482.0,1392114482.0,"5,6,3"
1392114482.0,1392114482.0,"5,6"
1392114483.0,1392114483.0,"5,6,3"
1392114483.0,1392114483.0,"5,6"
1392114484.0,1392114484.0,"5,6,3"
1392114484.0,1392114484.0,"5,6"
1392114485.0,1392114485.0,"5,6,3"
1392114485.0,1392114485.0,"5,6"
1392114486.0,1392114486.0,"5,6,3"
1392114486.0,1392114486.0,"5,6"
1392114487.0,1392114487.0,"5,6,3"
1392114487.0,1392114487.0,"5,6"
1392114488.0,1392114488.0,"5,6,3"
1392114488.0,1392114488.0,"5,6"
1392114489.0,1392114489.0,"5,6,3"
1392114489.0,1392114489.0,"5,6"
1392114490.0,1392114490.0,"5,6,3"
1392114490.0,1392114490.0,"5,6"
1392114491.0,1392114491.0,"5,6,3"
1392114491.0,1392114491.0,"5,6"
1392114492.0,1392114492.0,"5,6,3"
1392114492.0,1392114492.0,"5,6"
1392114493.0,1392114493.0,"5,6,3"
1392114493.0,1392114493.0,"5,6"
1392114494.0,1392114494.0,"5,6,3"
1392114494.0,1392114494.0,"5,6"
1392114495.0,1392114495.0,"5,6,3"
1392114495.0,1392114495.0,"5,6"
1392114496.0,1392114496.0,"5,6,3"
1392114496.0,1392114496.0,"5,6"
1392114497.0,1392114497.0,"5,6,3"
1392114497.0,1392114497.0,"5,6"
1392114498.0,1392114498.0,"5,6,3"
1392114498.0,1392114498.0,"5,6"
1392114499.0,1392114499.0,"5,6,3"
1392114499.0,1392114499.0,"5,6"
1392114500.0,1392114500.0,"5,6,3"
1392114500.0,1392114500.0,"5,6"
1392114501.0,1392114501.0,"5,6,3"
1392114501.0,1392114501.0,"5,6"
1392114502.0,1392114502.0,"5,6,3"
1392114502.0,1392114502.0,"5,6"
1392114503.0,1392114503.0,"5,6,3"
1392114503.0,1392114503.0,"5,6"
1392114504.0,1392114504.0,"5,6,3"
1392114504.0,1392114504.0,"5,6"
1392114505.0,1392114505.0,"5,6,3"
1392114505.0,1392114505.0,"5,6"
1392114506.0,1392114506.0,"5,6,3"
1392114506.0,1392114506.0,"5,6"
1392114507.0,1392114507.0,"5,6,3"
1392114507.0,1392114507.0,"5,6"
1392114508.0,1392114508.0,"5,6,3"
1392114508.0,1392114508.0,"5,6"
1392114509.0,1392114509.0,"5,6,3"
1392114509.0,1392114509.0,"5,6"
1392114510.0,1392114510.0,"5,6,3"
1392114510.0,1392114510.0,"5,6"
1392114511.0,1392114511.0,"5,6,3"
1392114511.0,1392114511.0,"5,6"
1392114512.0,1392114512.0,"5,6,3"
1392114512.0,1392114512.0,"5,6"
1392114513.0,1392114513.0,"5,6,3"
1392114513.0,1392114513.0,"5,6"
1392114514.0,1392114514.0,"5,6,3"
1392114514.0,1392114514.0,"5,6"
1392114515.0,1392114515.0,"5,6,3"
1392114515.0,1392114515.0,"5,6"
1392114516.0,1392114516.0,"5,6,3"
1392114516.0,1392114516.0,"5,6"
1392114517.0,1392114517.0,"5,6,3"
1392114517.0,1392114517.0,"5,6"
1392114518.0,1392114518.0,"5,6,3"
1392114518.0,1392114518.0,"5,6"
1392114519.0,1392114519.0,"5,6,3"
1392114519.0,1392114519.0,"5,6"
1392114520.0,1392114520.0,"5,6,3"
1392114520.0,1392114520.0,"5,6"
1392114521.0,1392114521.0,"5,6,3"
1392114521.0,1392114521.0,"5,6"
1392114522.0,1392114522.0,"5,6,3"
1392114522.0,1392114522.0,"5,6"
1392114523.0,1392114523.0,"5,6,3"
1392114523.0,1392114523.0,"5,6"
1392114524.0,1392114524.0,"5,6,3"
1392114524.0,1392114524.0,"5,6"
1392114525.0,1392114525.0,"5,6,3"
1392114525.0,1392114525.0,"5,6"
1392114526.0,1392114526.0,"5,6,3"
1392114526.0,1392114526.0,"5,6"
1392114527.0,1392114527.0,"5,6,3"
1392114527.0,1392114527.0,"5,6"
1392114528.0,1392114528.0,"5,6,3"
1392114528.0,1392114528.0,"5,6"
1392114529.0,1392114529.0,"5,6,3"
1392114529.0,1392114529.0,"5,6"
1392114530.0,1392114530.0,"5,6,3"
1392114530.0,1392114530.0,"5,6"
1392114531.0,1392114531.0,"5,6,3"
1392114531.0,1392114531.0,"5,6"
1392114532.0,1392114532.0,"5,6,3"
1392114532.0,1392114532.0,"5,6"
1392114533.0,1392114533.0,"5,6,3"
1392114533.0,1392114533.0,"5,6"
1392114534.0,1392114534.0,"5,6,3"
1392114534.0,1392114534.0,"5,6"
1392114535.0,1392114535.0,"5,6,3"
1392114535.0,1392114535.0,"5,6"
1392114536.0,1392114536.0,"5,6,3"
1392114536.0,1392114536.0,"5,6"
1392114537.0,1392114537.0,"5,6,3"
1392114537.0,1392114537.0,"5,6"
1392114538.0,1392114538.0,"5,6,3"
1392114538.0,1392114538.0,"5,6"
1392114539.0,1392114539.0,"5,6,3"
1392114539.0,1392114539.0,"5,6"
1392114540.0,1392114540.0,"5,6,3"
1392114540.0,1392114540.0,"5,6"
1392114541.0,1392114541.0,"5,6,3"
1392114541.0,1392114541.0,"5,6"
1392114542.0,1392114542.0,"5,6,3"
1392114542.0,1392114542.0,"5,6"
1392114543.0,1392114543.0,"5,6,3"
1392114543.0,1392114543.0,"5,6"
1392114544.0,1392114544.0,"5,6,3"
1392114544.0,1392114544.0,"5,6"
1392114545.0,1392114545.0,"5,6,3"
1392114545.0,1392114545.0,"5,6"
1392114546.0,1392114546.0,"5,6,3"
1392114546.0,1392114546.0,"5,6"
1392114547.0,1392114547.0,"5,6,3"
1392114547.0,1392114547.0,"5,6"
1392114548.0,1392114548.0,"5,6,3"
1392114548.0,1392114548.0,"5,6"
1392114549.0,1392114549.0,"5,6,3"
1392114549.0,1392114549.0,"5,6"
1392114550.0,1392114550.0,"5,6,3"
1392114550.0,1392114550.0,"5,6"
1392114551.0,1392114551.0,"5,6,3"
1392114551.0,1392114551.0,"5,6"
1392114552.0,1392114552.0,"5,6,3"
1392114552.0,1392114552.0,"5,6"
1392114553.0,1392114553.0,"5,6,3"
1392114553.0,1392114553.0,"5,6"
1392114554.0,1392114554.0,"5,6,3"
1392114554.0,1392114554.0,"5,6"
1392114555.0,1392114555.0,"5,6,3"
1392114555.0,1392114555.0,"5,6"
1392114556.0,1392114556.0,"5,6,3"
1392114556.0,1392114556.0,"5,6"
1392114557.0,1392114557.0,"5,6,3"
1392114557.0,1392114557.0,"5,6"
1392114558.0,1392114558.0,"5,6,3"
1392114558.0,1392114558.0,"5,6"
1392114559.0,1392114559.0,"5,6,3"
1392114559.0,1392114559.0,"5,6"
1392114560.0,1392114560.0,"5,6,3"
1392114560.0,1392114560.0,"5,6"
1392114561.0,1392114561.0,"5,6,3"
1392114561.0,1392114561.0,"5,6"
1392114562.0,1392114562.0,"5,6,3"
1392114562.0,1392114562.0,"5,6"
1392114563.0,1392114563.0,"5,6,3"
1392114563.0,1392114563.0,"5,6"
1392114564.0,1392114564.0,"5,6,3"
1392114564.0,1392114564.0,"5,6"
1392114565.0,1392114565.0,"5,6,3"
1392114565.0,1392114565.0,"5,6"
1392114566.0,1392114566.0,"5,6,3"
1392114566.0,1392114566.0,"5,6"
1392114567.0,1392114567.0,"5,6,3"
1392114567.0,1392114567.0,"5,6"
1392114568.0,1392114568.0,"5,6,3"
1392114568.0,1392114568.0,"5,6"
1392114569.0,1392114569.0,"5,6,3"
1392114569.0,1392114569.0,"5,6"
1392114570.0,1392114570.0,"5,6,3"
1392114570.0,1392114570.0,"5,6"
1392114571.0,1392114571.0,"5,6,3"
1392114571.0,1392114571.0,"5,6"
1392114572.0,1392114572.0,"5,6,3"
1392114572.0,1392114572.0,"5,6"
1392114573.0,1392114573.0,"5,6,3"
1392114573.0,1392114573.0,"5,6"
1392114574.0,1392114574.0,"5,6,3"
1392114574.0,1392114574.0,"5,6"
1392114575.0,1392114575.0,"5,6,3"
1392114575.0,1392114575.0,"5,6"
1392114576.0,1392114576.0,"5,6,3"
1392114576.0,1392114576.0,"5,6"
1392114577.0,1392114577.0,"5,6,3"
1392114577.0,1392114577.0,"5,6"
1392114578.0,1392114578.0,"5,6,3"
1392114578.0,1392114578.0,"5,6"
1392114579.0,1392114579.0,"5,6,3"
1392114579.0,1392114579.0,"5,6"
1392114580.0,1392114580.0,"5,6,3"
1392114580.0,1392114580.0,"5,6"
1392114581.0,1392114581.0,"5,6,3"
1392114581.0,1392114581.0,"5,6"
1392114582.0,1392114582.0,"5,6,3"
1392114582.0,1392114582.0,"5,6"
1392114583.0,1392114583.0,"5,6,3"
1392114583.0,1392114583.0,"5,6"
1392114584.0,1392114584.0,"5,6,3"
1392114584.0,1392114584.0,"5,6"
1392114585.0,1392114585.0,"5,6,3"
1392114585.0,1392114585.0,"5,6"
1392114586.0,1392114586.0,"5,6,3"
1392114586.0,1392114586.0,"5,6"
1392114587.0,1392114587.0,"5,6,3"
1392114587.0,1392114587.0,"5,6"
1392114588.0,1392114588.0,"5,6,3"
1392114588.0,1392114588.0,"5,6"
1392114589.0,1392114589.0,"5,6,3"
1392114589.0,1392114589.0,"5,6"
1392114590.0,1392114590.0,"5,6,3"
1392114590.0,1392114590.0,"5,6"
1392114591.0,1392114591.0,"5,6,3"
1392114591.0,1392114591.0,"5,6"
1392114592.0,1392114592.0,"5,6,3"
1392114592.0,1392114592.0,"5,6"
1392114593.0,1392114593.0,"5,6,3"
1392114593.0,1392114593.0,"5,6"
1392114594.0,1392114594.0,"5,6,3"
1392114594.0,1392114594.0,"5,6"
1392114595.0,1392114595.0,"5,6,3"
1392114595.0,1392114595.0,"5,6"
1392114596.0,1392114596.0,"5,6,3"
1392114596.0,1392114596.0,"5,6"
1392114597.0,1392114597.0,"5,6,3"
1392114597.0,1392114597.0,"5,6"
1392114598.0,1392114598.0,"5,6,3"
1392114598.0,1392114598.0,"5,6"
1392114599.0,1392114599.0,"5,6,3"
1392114599.0,1392114599.0,"5,6"
1392114600.0,1392114600.0,"5,6,3"
1392114600.0,1392114600.0,"5,6"
1392114601.0,1392114601.0,"5,6,3"
1392114601.0,1392114601.0,"5,6"
1392114602.0,1392114602.0,"5,6,3"
1392114602.0,1392114602.0,"5,6"
1392114603.0,1392114603.0,"5,6,3"
1392114603.0,1392114603.0,"5,6"
1392114604.0,1392114604.0,"5,6,3"
1392114604.0,1392114604.0,"5,6"
1392114605.0,1392114605.0,"5,6,3"
1392114605.0,1392114605.0,"5,6"
1392114606.0,1392114606.0,"5,6,3"
1392114606.0,1392114606.0,"5,6"
1392114607.0,1392114607.0,"5,6,3"
1392114607.0,1392114607.0,"5,6"
1392114608.0,1392114608.0,"5,6,3"
1392114608.0,1392114608.0,"5,6"
1392114609.0,1392114609.0,"5,6,3"
1392114609.0,1392114609.0,"5,6"
1392114610.0,1392114610.0,"5,6,3"
1392114610.0,1392114610.0,"5,6"
1392114611.0,1392114611.0,"5,6,3"
1392114611.0,1392114611.0,"5,6"
1392114612.0,1392114612.0,"5,6,3"
1392114612.0,1392114612.0,"5,6"
1392114613.0,1392114613.0,"5,6,3"
1392114613.0,1392114613.0,"5,6"
1392114614.0,1392114614.0,"5,6,3"
1392114614.0,1392114614.0,"5,6"
1392114615.0,1392114615.0,"5,6,3"
1392114615.0,1392114615.0,"5,6"
1392114616.0,1392114616.0,"5,6,3"
1392114616.0,1392114616.0,"5,6"
1392114617.0,1392114617.0,"5,6,3"
1392114617.0,1392114617.0,"5,6"
1392114618.0,1392114618.0,"5,6,3"
1392114618.0,1392114618.0,"5,6"
1392114619.0,1392114619.0,"5,6,3"
1392114619.0,1392114619.0,"5,6"
1392114620.0,1392114620.0,"5,6,3"
1392114620.0,1392114620.0,"5,6"
1392114621.0,1392114621.0,"5,6,3"
1392114621.0,1392114621.0,"5,6"
1392114622.0,1392114622.0,"5,6,3"
1392114622.0,1392114622.0,"5,6"
1392114623.0,1392114623.0,"5,6,3"
1392114623.0,1392114623.0,"5,6"
1392114624.0,1392114624.0,"5,6,3"
1392114624.0,1392114624.0,"5,6"
1392114625.0,1392114625.0,"5,6,3"
1392114625.0,1392114625.0,"5,6"
1392114626.0,1392114626.0,"5,6,3"
1392114626.0,1392114626.0,"5,6"
1392114627.0,1392114627.0,"5,6,3"
1392114627.0,1392114627.0,"5,6"
1392114628.0,1392114628.0,"5,6,3"
1392114628.0,1392114628.0,"5,6"
1392114629.0,1392114629.0,"5,6,3"
1392114629.0,1392114629.0,"5,6"
1392114630.0,1392114630.0,"5,6,3"
1392114630.0,1392114630.0,"5,6"
1392114631.0,1392114631.0,"5,6,3"
1392114631.0,1392114631.0,"5,6"
1392114632.0,1392114632.0,"5,6,3"
1392114632.0,1392114632.0,"5,6"
1392114633.0,1392114633.0,"5,6,3"
1392114633.0,1392114633.0,"5,6"
1392114634.0,1392114634.0,"5,6,3"
1392114634.0,1392114634.0,"5,6"
1392114635.0,1392114635.0,"5,6,3"
1392114635.0,1392114635.0,"5,6"
1392114636.0,1392114636.0,"5,6,3"
1392114636.0,1392114636.0,"5,6"
1392114637.0,1392114637.0,"5,6,3"
1392114637.0,1392114637.0,"5,6"
1392114638.0,1392114638.0,"5,6,3"
1392114638.0,1392114638.0,"5,6"
1392114639.0,1392114639.0,"5,6,3"
1392114639.0,1392114639.0,"5,6"
1392114640.0,1392114640.0,"5,6,3"
1392114640.0,1392114640.0,"5,6"
1392114641.0,1392114641.0,"5,6,3"
1392114641.0,1392114641.0,"5,6"
1392114642.0,1392114642.0,"5,6,3"
1392114642.0,1392114642.0,"5,6"
1392114643.0,1392114643.0,"5,6,3"
1392114643.0,1392114643.0,"5,6"
1392114644.0,1392114644.0,"5,6,3"
1392114644.0,1392114644.0,"5,6"
1392114645.0,1392114645.0,"5,6,3"
1392114645.0,1392114645.0,"5,6"
1392114646.0,1392114646.0,"5,6,3"
1392114646.0,1392114646.0,"5,6"
1392114647.0,1392114647.0,"5,6,3"
1392114647.0,1392114647.0,"5,6"
1392114648.0,1392114648.0,"5,6,3"
1392114648.0,1392114648.0,"5,6"
1392114649.0,1392114649.0,"5,6,3"
1392114649.0,1392114649.0,"5,6"
1392114650.0,1392114650.0,"5,6,3"
1392114650.0,1392114650.0,"5,6"
1392114651.0,1392114651.0,"5,6,3"
1392114651.0,1392114651.0,"5,6"
1392114652.0,1392114652.0,"5,6,3"
1392114652.0,1392114652.0,"5,6"
1392114653.0,1392114653.0,"5,6,3"
1392114653.0,1392114653.0,"5,6"
1392114654.0,1392114654.0,"5,6,3"
1392114654.0,1392114654.0,"5,6"
1392114655.0,1392114655.0,"5,6,3"
1392114655.0,1392114655.0,"5,6"
1392114656.0,1392114656.0,"5,6,3"
1392114656.0,1392114656.0,"5,6"
1392114657.0,1392114657.0,"5,6,3"
1392114657.0,1392114657.0,"5,6"
1392114658.0,1392114658.0,"5,6,3"
1392114658.0,1392114658.0,"5,6"
1392114659.0,1392114659.0,"5,6,3"
1392114659.0,1392114659.0,"5,6"
1392114660.0,1392114660.0,"5,6,3"
1392114660.0,1392114660.0,"5,6"
1392114661.0,1392114661.0,"5,6,3"
1392114661.0,1392114661.0,"5,6"
1392114662.0,1392114662.0,"5,6,3"
1392114662.0,1392114662.0,"5,6"
1392114663.0,1392114663.0,"5,6,3"
1392114663.0,1392114663.0,"5,6"
1392114664.0,1392114664.0,"5,6,3"
1392114664.0,1392114664.0,"5,6"
1392114665.0,1392114665.0,"5,6,3"
1392114665.0,1392114665.0,"5,6"
1392114666.0,1392114666.0,"5,6,3"
1392114666.0,1392114666.0,"5,6"
1392114667.0,1392114667.0,"5,6,3"
1392114667.0,1392114667.0,"5,6"
1392114668.0,1392114668.0,"5,6,3"
1392114668.0,1392114668.0,"5,6"
1392114669.0,1392114669.0,"5,6,3"
1392114669.0,1392114669.0,"5,6"
1392114670.0,1392114670.0,"5,6,3"
1392114670.0,1392114670.0,"5,6"
1392114671.0,1392114671.0,"5,6,3"
1392114671.0,1392114671.0,"5,6"
1392114672.0,1392114672.0,"5,6,3"
1392114672.0,1392114672.0,"5,6"
1392114673.0,1392114673.0,"5,6,3"
1392114673.0,1392114673.0,"5,6"
1392114674.0,1392114674.0,"5,6,3"
1392114674.0,1392114674.0,"5,6"
1392114675.0,1392114675.0,"5,6,3"
1392114675.0,1392114675.0,"5,6"
1392114676.0,1392114676.0,"5,6,3"
1392114676.0,1392114676.0,"5,6"
1392114677.0,1392114677.0,"5,6,3"
1392114677.0,1392114677.0,"5,6"
1392114678.0,1392114678.0,"5,6,3"
1392114678.0,1392114678.0,"5,6"
1392114679.0,1392114679.0,"5,6,3"
1392114679.0,1392114679.0,"5,6"
1392114680.0,1392114680.0,"5,6,3"
1392114680.0,1392114680.0,"5,6"
1392114681.0,1392114681.0,"5,6,3"
1392114681.0,1392114681.0,"5,6"
1392114682.0,1392114682.0,"5,6,3"
1392114682.0,1392114682.0,"5,6"
1392114683.0,1392114683.0,"5,6,3"
1392114683.0,1392114683.0,"5,6"
1392114684.0,1392114684.0,"5,6,3"
1392114684.0,1392114684.0,"5,6"
1392114685.0,1392114685.0,"5,6,3"
1392114685.0,1392114685.0,"5,6"
1392114686.0,1392114686.0,"5,6,3"
1392114686.0,1392114686.0,"5,6"
1392114687.0,1392114687.0,"5,6,3"
1392114687.0,1392114687.0,"5,6"
1392114688.0,1392114688.0,"5,6,3"
1392114688.0,1392114688.0,"5,6"
1392114689.0,1392114689.0,"5,6,3"
1392114689.0,1392114689.0,"5,6"
1392114690.0,1392114690.0,"5,6,3"
1392114690.0,1392114690.0,"5,6"
1392114691.0,1392114691.0,"5,6,3"
1392114691.0,1392114691.0,"5,6"
1392114692.0,1392114692.0,"5,6,3"
1392114692.0,1392114692.0,"5,6"
1392114693.0,1392114693.0,"5,6,3"
1392114693.0,1392114693.0,"5,6"
1392114694.0,1392114694.0,"5,6,3"
1392114694.0,1392114694.0,"5,6"
1392114695.0,1392114695.0,"5,6,3"
1392114695.0,1392114695.0,"5,6"
1392114696.0,1392114696.0,"5,6,3"
1392114696.0,1392114696.0,"5,6"
1392114697.0,1392114697.0,"5,6,3"
1392114697.0,1392114697.0,"5,6"
1392114698.0,1392114698.0,"5,6,3"
1392114698.0,1392114698.0,"5,6"
1392114699.0,1392114699.0,"5,6,3"
1392114699.0,1392114699.0,"5,6"
1392114700.0,1392114700.0,"5,6,3"
1392114700.0,1392114700.0,"5,6"
1392114701.0,1392114701.0,"5,6,3"
1392114701.0,1392114701.0,"5,6"
1392114702.0,1392114702.0,"5,6,3"
1392114702.0,1392114702.0,"5,6"
1392114703.0,1392114703.0,"5,6,3"
1392114703.0,1392114703.0,"5,6"
1392114704.0,1392114704.0,"5,6,3"
1392114704.0,1392114704.0,"5,6"
1392114705.0,1392114705.0,"5,6,3"
1392114705.0,1392114705.0,"5,6"
1392114706.0,1392114706.0,"5,6,3"
1392114706.0,1392114706.0,"5,6"
1392114707.0,1392114707.0,"5,6,3"
1392114707.0,1392114707.0,"5,6"
1392114708.0,1392114708.0,"5,6,3"
1392114708.0,1392114708.0,"5,6"
1392114709.0,1392114709.0,"5,6,3"
1392114709.0,1392114709.0,"5,6"
1392114710.0,1392114710.0,"5,6,3"
1392114710.0,1392114710.0,"5,6"
1392114711.0,1392114711.0,"5,6,3"
1392114711.0,1392114711.0,"5,6"
1392114712.0,1392114712.0,"5,6,3"
1392114712.0,1392114712.0,"5,6"
1392114713.0,1392114713.0,"5,6,3"
1392114713.0,1392114713.0,"5,6"
1392114714.0,1392114714.0,"5,6,3"
1392114714.0,1392114714.0,"5,6"
1392114715.0,1392114715.0,"5,6,3"
1392114715.0,1392114715.0,"5,6"
1392114716.0,1392114716.0,"5,6,3"
1392114716.0,1392114716.0,"5,6"
1392114717.0,1392114717.0,"5,6,3"
1392114717.0,1392114717.0,"5,6"
1392114718.0,1392114718.0,"5,6,3"
1392114718.0,1392114718.0,"5,6"
1392114719.0,1392114719.0,"5,6,3"
1392114719.0,1392114719.0,"5,6"
1392114720.0,1392114720.0,"5,6,3"
1392114720.0,1392114720.0,"5,6"
1392114721.0,1392114721.0,"5,6,3"
1392114721.0,1392114721.0,"5,6"
1392114722.0,1392114722.0,"5,6,3"
1392114722.0,1392114722.0,"5,6"
1392114723.0,1392114723.0,"5,6,3"
1392114723.0,1392114723.0,"5,6"
1392114724.0,1392114724.0,"5,6,3"
1392114724.0,1392114724.0,"5,6"
1392114725.0,1392114725.0,"5,6,3"
1392114725.0,1392114725.0,"5,6"
1392114726.0,1392114726.0,"5,6,3"
1392114726.0,1392114726.0,"5,6"
1392114727.0,1392114727.0,"5,6,3"
1392114727.0,1392114727.0,"5,6"
1392114728.0,1392114728.0,"5,6,3"
1392114728.0,1392114728.0,"5,6"
1392114729.0,1392114729.0,"5,6,3"
1392114729.0,1392114729.0,"5,6"
1392114730.0,1392114730.0,"5,6,3"
1392114730.0,1392114730.0,"5,6"
1392114731.0,1392114731.0,"5,6,3"
1392114731.0,1392114731.0,"5,6"
1392114732.0,1392114732.0,"5,6,3"
1392114732.0,1392114732.0,"5,6"
1392114733.0,1392114733.0,"5,6,3"
1392114733.0,1392114733.0,"5,6"
1392114734.0,1392114734.0,"5,6,3"
1392114734.0,1392114734.0,"5,6"
1392114735.0,1392114735.0,"5,6,3"
1392114735.0,1392114735.0,"5,6"
1392114736.0,1392114736.0,"5,6,3"
1392114736.0,1392114736.0,"5,6"
1392114737.0,1392114737.0,"5,6,3"
1392114737.0,1392114737.0,"5,6"
1392114738.0,1392114738.0,"5,6,3"
1392114738.0,1392114738.0,"5,6"
1392114739.0,1392114739.0,"5,6,3"
1392114739.0,1392114739.0,"5,6"
1392114740.0,1392114740.0,"5,6,3"
1392114740.0,1392114740.0,"5,6"
1392114741.0,1392114741.0,"5,6,3"
1392114741.0,1392114741.0,"5,6"
1392114742.0,1392114742.0,"5,6,3"
1392114742.0,1392114742.0,"5,6"
1392114743.0,1392114743.0,"5,6,3"
1392114743.0,1392114743.0,"5,6"
1392114744.0,1392114744.0,"5,6,3"
1392114744.0,1392114744.0,"5,6"
1392114745.0,1392114745.0,"5,6,3"
1392114745.0,1392114745.0,"5,6"
1392114746.0,1392114746.0,"5,6,3"
1392114746.0,1392114746.0,"5,6"
1392114747.0,1392114747.0,"5,6,3"
1392114747.0,1392114747.0,"5,6"
1392114748.0,1392114748.0,"5,6,3"
1392114748.0,1392114748.0,"5,6"
1392114749.0,1392114749.0,"5,6,3"
1392114749.0,1392114749.0,"5,6"
