1392102279.0,1392102279.0.1,1
1392102279.0,1392102279.0,"4,1"
1392102279.0,1392102279.0,1
1392102280.0,1392102280.0,"4,1"
1392102280.0,1392102280.0,1
1392102281.0,1392102281.0,"4,1"
1392102281.0,1392102281.0,1
1392102282.0,1392102282.0,"4,1"
1392102282.0,1392102282.0,1
1392102283.0,1392102283.0,"4,1"
1392102283.0,1392102283.0,1
1392102284.0,1392102284.0,"4,1"
1392102284.0,1392102284.0,1
1392102285.0,1392102285.0,"4,1"
1392102285.0,1392102285.0,1
1392102286.0,1392102286.0,"4,1"
1392102286.0,1392102286.0,1
1392102287.0,1392102287.0,"4,1"
1392102287.0,1392102287.0,1
1392102288.0,1392102288.0,"4,1"
1392102288.0,1392102288.0,1
1392102289.0,1392102289.0,"4,1"
1392102289.0,1392102289.0,1
1392102290.0,1392102290.0,"4,1"
1392102290.0,1392102290.0,1
1392102291.0,1392102291.0,"4,1"
1392102291.0,1392102291.0,1
1392102292.0,1392102292.0,"4,1"
1392102292.0,1392102292.0,1
1392102293.0,1392102293.0,"4,1"
1392102293.0,1392102293.0,1
1392102294.0,1392102294.0,"4,1"
1392102294.0,1392102294.0,1
1392102295.0,1392102295.0,"4,1"
1392102295.0,1392102295.0,1
1392102296.0,1392102296.0,"4,1"
1392102296.0,1392102296.0,1
1392102297.0,1392102297.0,"4,1"
1392102297.0,1392102297.0,1
1392102298.0,1392102298.0,"4,1"
1392102298.0,1392102298.0,1
1392102299.0,1392102299.0,"4,1"
1392102299.0,1392102299.0,1
1392102300.0,1392102300.0,"4,1"
1392102300.0,1392102300.0,1
1392102301.0,1392102301.0,"4,1"
1392102301.0,1392102301.0,1
1392102302.0,1392102302.0,"4,1"
1392102302.0,1392102302.0,1
1392102303.0,1392102303.0,"4,1"
1392102303.0,1392102303.0,1
1392102304.0,1392102304.0,"4,1"
1392102304.0,1392102304.0,1
1392102305.0,1392102305.0,"4,1"
1392102305.0,1392102305.0,1
1392102306.0,1392102306.0,"4,1"
1392102306.0,1392102306.0,1
1392102307.0,1392102307.0,"4,1"
1392102307.0,1392102307.0,1
1392102308.0,1392102308.0,"4,1"
1392102308.0,1392102308.0,1
1392102309.0,1392102309.0,"4,1"
1392102309.0,1392102309.0,1
1392102310.0,1392102310.0,"4,1"
1392102310.0,1392102310.0,1
1392102311.0,1392102311.0,"4,1"
1392102311.0,1392102311.0,1
1392102312.0,1392102312.0,"4,1"
1392102312.0,1392102312.0,1
1392102313.0,1392102313.0,"4,1"
1392102313.0,1392102313.0,1
1392102314.0,1392102314.0,"4,1"
1392102314.0,1392102314.0,1
1392102315.0,1392102315.0,"4,1"
1392102315.0,1392102315.0,1
1392102316.0,1392102316.0,"4,1"
1392102316.0,1392102316.0,1
1392102317.0,1392102317.0,"4,1"
1392102317.0,1392102317.0,1
1392102318.0,1392102318.0,"4,1"
1392102318.0,1392102318.0,1
1392102319.0,1392102319.0,"4,1"
1392102319.0,1392102319.0,1
1392102320.0,1392102320.0,"4,1"
1392102320.0,1392102320.0,1
1392102321.0,1392102321.0,"4,1"
1392102321.0,1392102321.0,1
1392102322.0,1392102322.0,"4,1"
1392102322.0,1392102322.0,1
1392102323.0,1392102323.0,"4,1"
1392102323.0,1392102323.0,1
1392102324.0,1392102324.0,"4,1"
1392102324.0,1392102324.0,1
1392102325.0,1392102325.0,"4,1"
1392102325.0,1392102325.0,1
1392102326.0,1392102326.0,"4,1"
1392102326.0,1392102326.0,1
1392102327.0,1392102327.0,"4,1"
1392102327.0,1392102327.0,1
1392102328.0,1392102328.0,"4,1"
1392102328.0,1392102328.0,1
1392102329.0,1392102329.0,"4,1"
1392102329.0,1392102329.0,1
1392102330.0,1392102330.0,"4,1"
1392102330.0,1392102330.0,1
1392102331.0,1392102331.0,"4,1"
1392102331.0,1392102331.0,1
1392102332.0,1392102332.0,"4,1"
1392102332.0,1392102332.0,1
1392102333.0,1392102333.0,"4,1"
1392102333.0,1392102333.0,1
1392102334.0,1392102334.0,"4,1"
1392102334.0,1392102334.0,1
1392102335.0,1392102335.0,"4,1"
1392102335.0,1392102335.0,1
1392102336.0,1392102336.0,"4,1"
1392102336.0,1392102336.0,1
1392102337.0,1392102337.0,"4,1"
1392102337.0,1392102337.0,1
1392102338.0,1392102338.0,"4,1"
1392102338.0,1392102338.0,1
1392102339.0,1392102339.0,"4,1"
1392102339.0,1392102339.0,1
1392102340.0,1392102340.0,"4,1"
1392102340.0,1392102340.0,1
1392102341.0,1392102341.0,"4,1"
1392102341.0,1392102341.0,1
1392102342.0,1392102342.0,"4,1"
1392102342.0,1392102342.0,1
1392102343.0,1392102343.0,"4,1"
1392102343.0,1392102343.0,1
1392102344.0,1392102344.0,"4,1"
1392102344.0,1392102344.0,1
1392102345.0,1392102345.0,"4,1"
1392102345.0,1392102345.0,1
1392102346.0,1392102346.0,"4,1"
1392102346.0,1392102346.0,1
1392102347.0,1392102347.0,"4,1"
1392102347.0,1392102347.0,1
1392102348.0,1392102348.0,"4,1"
1392102348.0,1392102348.0,1
1392102349.0,1392102349.0,"4,1"
1392102349.0,1392102349.0,1
1392102350.0,1392102350.0,"4,1"
1392102350.0,1392102350.0,1
1392102351.0,1392102351.0,"4,1"
1392102351.0,1392102351.0,1
1392102352.0,1392102352.0,"4,1"
1392102352.0,1392102352.0,1
1392102353.0,1392102353.0,"4,1"
1392102353.0,1392102353.0,1
1392102354.0,1392102354.0,"4,1"
1392102354.0,1392102354.0,1
1392102355.0,1392102355.0,"4,1"
1392102355.0,1392102355.0,1
1392102356.0,1392102356.0,"4,1"
1392102356.0,1392102356.0,1
1392102357.0,1392102357.0,"4,1"
1392102357.0,1392102357.0,1
1392102358.0,1392102358.0,"4,1"
1392102358.0,1392102358.0,1
1392102359.0,1392102359.0,"4,1"
1392102359.0,1392102359.0,1
1392102360.0,1392102360.0,"4,1"
1392102360.0,1392102360.0,1
1392102361.0,1392102361.0,"4,1"
1392102361.0,1392102361.0,1
1392102362.0,1392102362.0,"4,1"
1392102362.0,1392102362.0,1
1392102363.0,1392102363.0,"4,1"
1392102363.0,1392102363.0,1
1392102364.0,1392102364.0,"4,1"
1392102364.0,1392102364.0,1
1392102365.0,1392102365.0,"4,1"
1392102365.0,1392102365.0,1
1392102366.0,1392102366.0,"4,1"
1392102366.0,1392102366.0,1
1392102367.0,1392102367.0,"4,1"
1392102367.0,1392102367.0,1
1392102368.0,1392102368.0,"4,1"
1392102368.0,1392102368.0,1
1392102369.0,1392102369.0,"4,1"
1392102369.0,1392102369.0,1
1392102370.0,1392102370.0,"4,1"
1392102370.0,1392102370.0,1
1392102371.0,1392102371.0,"4,1"
1392102371.0,1392102371.0,1
1392102372.0,1392102372.0,"4,1"
1392102372.0,1392102372.0,1
1392102373.0,1392102373.0,"4,1"
1392102373.0,1392102373.0,1
1392102374.0,1392102374.0,"4,1"
1392102374.0,1392102374.0,1
1392102375.0,1392102375.0,"4,1"
1392102375.0,1392102375.0,1
1392102376.0,1392102376.0,"4,1"
1392102376.0,1392102376.0,1
1392102377.0,1392102377.0,"4,1"
1392102377.0,1392102377.0,1
1392102378.0,1392102378.0,"4,1"
1392102378.0,1392102378.0,1
1392102379.0,1392102379.0,"4,1"
1392102379.0,1392102379.0,1
1392102380.0,1392102380.0,"4,1"
1392102380.0,1392102380.0,1
1392102381.0,1392102381.0,"4,1"
1392102381.0,1392102381.0,1
1392102382.0,1392102382.0,"4,1"
1392102382.0,1392102382.0,1
1392102383.0,1392102383.0,"4,1"
1392102383.0,1392102383.0,1
1392102384.0,1392102384.0,"4,1"
1392102384.0,1392102384.0,1
1392102385.0,1392102385.0,"4,1"
1392102385.0,1392102385.0,1
1392102386.0,1392102386.0,"4,1"
1392102386.0,1392102386.0,1
1392102387.0,1392102387.0,"4,1"
1392102387.0,1392102387.0,1
1392102388.0,1392102388.0,"4,1"
1392102388.0,1392102388.0,1
1392102389.0,1392102389.0,"4,1"
1392102389.0,1392102389.0,1
1392102390.0,1392102390.0,"4,1"
1392102390.0,1392102390.0,1
1392102391.0,1392102391.0,"4,1"
1392102391.0,1392102391.0,1
1392102392.0,1392102392.0,"4,1"
1392102392.0,1392102392.0,1
1392102393.0,1392102393.0,"4,1"
1392102393.0,1392102393.0,1
1392102394.0,1392102394.0,"4,1"
1392102394.0,1392102394.0,1
1392102395.0,1392102395.0,"4,1"
1392102395.0,1392102395.0,1
1392102396.0,1392102396.0,"4,1"
1392102396.0,1392102396.0,1
1392102397.0,1392102397.0,"4,1"
1392102397.0,1392102397.0,1
1392102398.0,1392102398.0,"4,1"
1392102398.0,1392102398.0,1
1392102399.0,1392102399.0,"4,1"
1392102399.0,1392102399.0,1
1392102400.0,1392102400.0,"4,1"
1392102400.0,1392102400.0,1
1392102401.0,1392102401.0,"4,1"
1392102401.0,1392102401.0,1
1392102402.0,1392102402.0,"4,1"
1392102402.0,1392102402.0,1
1392102403.0,1392102403.0,"4,1"
1392102403.0,1392102403.0,1
1392102404.0,1392102404.0,"4,1"
1392102404.0,1392102404.0,1
1392102405.0,1392102405.0,"4,1"
1392102405.0,1392102405.0,1
1392102406.0,1392102406.0,"4,1"
1392102406.0,1392102406.0,1
1392102407.0,1392102407.0,"4,1"
1392102407.0,1392102407.0,1
1392102408.0,1392102408.0,"4,1"
1392102408.0,1392102408.0,1
1392102409.0,1392102409.0,"4,1"
1392102409.0,1392102409.0,1
1392102410.0,1392102410.0,"4,1"
1392102410.0,1392102410.0,1
1392102411.0,1392102411.0,"4,1"
1392102411.0,1392102411.0,1
1392102412.0,1392102412.0,"4,1"
1392102412.0,1392102412.0,1
1392102413.0,1392102413.0,"4,1"
1392102413.0,1392102413.0,1
1392102414.0,1392102414.0,"4,1"
1392102414.0,1392102414.0,1
1392102415.0,1392102415.0,"4,1"
1392102415.0,1392102415.0,1
1392102416.0,1392102416.0,"4,1"
1392102416.0,1392102416.0,1
1392102417.0,1392102417.0,"4,1"
1392102417.0,1392102417.0,1
1392102418.0,1392102418.0,"4,1"
1392102418.0,1392102418.0,1
1392102419.0,1392102419.0,"4,1"
1392102419.0,1392102419.0,1
1392102420.0,1392102420.0,"4,1"
1392102420.0,1392102420.0,1
1392102421.0,1392102421.0,"4,1"
1392102421.0,1392102421.0,1
1392102422.0,1392102422.0,"4,1"
1392102422.0,1392102422.0,1
1392102423.0,1392102423.0,"4,1"
1392102423.0,1392102423.0,1
1392102424.0,1392102424.0,"4,1"
1392102424.0,1392102424.0,1
1392102425.0,1392102425.0,"4,1"
1392102425.0,1392102425.0,1
1392102426.0,1392102426.0,"4,1"
1392102426.0,1392102426.0,1
1392102427.0,1392102427.0,"4,1"
1392102427.0,1392102427.0,1
1392102428.0,1392102428.0,"4,1"
1392102428.0,1392102428.0,1
1392102429.0,1392102429.0,"4,1"
1392102429.0,1392102429.0,1
1392102430.0,1392102430.0,"4,1"
1392102430.0,1392102430.0,1
1392102431.0,1392102431.0,"4,1"
1392102431.0,1392102431.0,1
1392102432.0,1392102432.0,"4,1"
1392102432.0,1392102432.0,1
1392102433.0,1392102433.0,"4,1"
1392102433.0,1392102433.0,1
1392102434.0,1392102434.0,"4,1"
1392102434.0,1392102434.0,1
1392102435.0,1392102435.0,"4,1"
1392102435.0,1392102435.0,1
1392102436.0,1392102436.0,"4,1"
1392102436.0,1392102436.0,1
1392102437.0,1392102437.0,"4,1"
1392102437.0,1392102437.0,1
1392102438.0,1392102438.0,"4,1"
1392102438.0,1392102438.0,1
1392102439.0,1392102439.0,"4,1"
1392102439.0,1392102439.0,1
1392102440.0,1392102440.0,"4,1"
1392102440.0,1392102440.0,1
1392102441.0,1392102441.0,"4,1"
1392102441.0,1392102441.0,1
1392102442.0,1392102442.0,"4,1"
1392102442.0,1392102442.0,1
1392102443.0,1392102443.0,"4,1"
1392102443.0,1392102443.0,1
1392102444.0,1392102444.0,"4,1"
1392102444.0,1392102444.0,1
1392102445.0,1392102445.0,"4,1"
1392102445.0,1392102445.0,1
1392102446.0,1392102446.0,"4,1"
1392102446.0,1392102446.0,1
1392102447.0,1392102447.0,"4,1"
1392102447.0,1392102447.0,1
1392102448.0,1392102448.0,"4,1"
1392102448.0,1392102448.0,1
1392102449.0,1392102449.0,"4,1"
1392102449.0,1392102449.0,1
1392102450.0,1392102450.0,"4,1"
1392102450.0,1392102450.0,1
1392102451.0,1392102451.0,"4,1"
1392102451.0,1392102451.0,1
1392102452.0,1392102452.0,"4,1"
1392102452.0,1392102452.0,1
1392102453.0,1392102453.0,"4,1"
1392102453.0,1392102453.0,1
1392102454.0,1392102454.0,"4,1"
1392102454.0,1392102454.0,1
1392102455.0,1392102455.0,"4,1"
1392102455.0,1392102455.0,1
1392102456.0,1392102456.0,"4,1"
1392102456.0,1392102456.0,1
1392102457.0,1392102457.0,"4,1"
1392102457.0,1392102457.0,1
1392102458.0,1392102458.0,"4,1"
1392102458.0,1392102458.0,1
1392102459.0,1392102459.0,"4,1"
1392102459.0,1392102459.0,1
1392102460.0,1392102460.0,"4,1"
1392102460.0,1392102460.0,1
1392102461.0,1392102461.0,"4,1"
1392102461.0,1392102461.0,1
1392102462.0,1392102462.0,"4,1"
1392102462.0,1392102462.0,1
1392102463.0,1392102463.0,"4,1"
1392102463.0,1392102463.0,1
1392102464.0,1392102464.0,"4,1"
1392102464.0,1392102464.0,1
1392102465.0,1392102465.0,"4,1"
1392102465.0,1392102465.0,1
1392102466.0,1392102466.0,"4,1"
1392102466.0,1392102466.0,1
1392102467.0,1392102467.0,"4,1"
1392102467.0,1392102467.0,1
1392102468.0,1392102468.0,"4,1"
1392102468.0,1392102468.0,1
1392102469.0,1392102469.0,"4,1"
1392102469.0,1392102469.0,1
1392102470.0,1392102470.0,"4,1"
1392102470.0,1392102470.0,1
1392102471.0,1392102471.0,"4,1"
1392102471.0,1392102471.0,1
1392102472.0,1392102472.0,"4,1"
1392102472.0,1392102472.0,1
1392102473.0,1392102473.0,"4,1"
1392102473.0,1392102473.0,1
1392102474.0,1392102474.0,"4,1"
1392102474.0,1392102474.0,1
1392102475.0,1392102475.0,"4,1"
1392102475.0,1392102475.0,1
1392102476.0,1392102476.0,"4,1"
1392102476.0,1392102476.0,1
1392102477.0,1392102477.0,"4,1"
1392102477.0,1392102477.0,1
1392102478.0,1392102478.0,"4,1"
1392102478.0,1392102478.0,1
1392102479.0,1392102479.0,"4,1"
1392102479.0,1392102479.0,1
1392102480.0,1392102480.0,"4,1"
1392102480.0,1392102480.0,1
1392102481.0,1392102481.0,"4,1"
1392102481.0,1392102481.0,1
1392102482.0,1392102482.0,"4,1"
1392102482.0,1392102482.0,1
1392102483.0,1392102483.0,"4,1"
1392102483.0,1392102483.0,1
1392102484.0,1392102484.0,"4,1"
1392102484.0,1392102484.0,1
1392102485.0,1392102485.0,"4,1"
1392102485.0,1392102485.0,1
1392102486.0,1392102486.0,"4,1"
1392102486.0,1392102486.0,1
1392102487.0,1392102487.0,"4,1"
1392102487.0,1392102487.0,1
1392102488.0,1392102488.0,"4,1"
1392102488.0,1392102488.0,1
1392102489.0,1392102489.0,"4,1"
1392102489.0,1392102489.0,1
1392102490.0,1392102490.0,"4,1"
1392102490.0,1392102490.0,1
1392102491.0,1392102491.0,"4,1"
1392102491.0,1392102491.0,1
1392102492.0,1392102492.0,"4,1"
1392102492.0,1392102492.0,1
1392102493.0,1392102493.0,"4,1"
1392102493.0,1392102493.0,1
1392102494.0,1392102494.0,"4,1"
1392102494.0,1392102494.0,1
1392102495.0,1392102495.0,"4,1"
1392102495.0,1392102495.0,1
1392102496.0,1392102496.0,"4,1"
1392102496.0,1392102496.0,1
1392102497.0,1392102497.0,"4,1"
1392102497.0,1392102497.0,1
1392102498.0,1392102498.0,"4,1"
1392102498.0,1392102498.0,1
1392102499.0,1392102499.0,"4,1"
1392102499.0,1392102499.0,1
1392102500.0,1392102500.0,"4,1"
1392102500.0,1392102500.0,1
1392102501.0,1392102501.0,"4,1"
1392102501.0,1392102501.0,1
1392102502.0,1392102502.0,"4,1"
1392102502.0,1392102502.0,1
1392102503.0,1392102503.0,"4,1"
1392102503.0,1392102503.0,1
1392102504.0,1392102504.0,"4,1"
1392102504.0,1392102504.0,1
1392102505.0,1392102505.0,"4,1"
1392102505.0,1392102505.0,1
1392102506.0,1392102506.0,"4,1"
1392102506.0,1392102506.0,1
1392102507.0,1392102507.0,"4,1"
1392102507.0,1392102507.0,1
1392102508.0,1392102508.0,"4,1"
1392102508.0,1392102508.0,1
1392102509.0,1392102509.0,"4,1"
1392102509.0,1392102509.0,1
1392102510.0,1392102510.0,"4,1"
1392102510.0,1392102510.0,1
1392102511.0,1392102511.0,"4,1"
1392102511.0,1392102511.0,1
1392102512.0,1392102512.0,"4,1"
1392102512.0,1392102512.0,1
1392102513.0,1392102513.0,"4,1"
1392102513.0,1392102513.0,1
1392102514.0,1392102514.0,"4,1"
1392102514.0,1392102514.0,1
1392102515.0,1392102515.0,"4,1"
1392102515.0,1392102515.0,1
1392102516.0,1392102516.0,"4,1"
1392102516.0,1392102516.0,1
1392102517.0,1392102517.0,"4,1"
1392102517.0,1392102517.0,1
1392102518.0,1392102518.0,"4,1"
1392102518.0,1392102518.0,1
1392102519.0,1392102519.0,"4,1"
1392102519.0,1392102519.0,1
1392102520.0,1392102520.0,"4,1"
1392102520.0,1392102520.0,1
1392102521.0,1392102521.0,"4,1"
1392102521.0,1392102521.0,1
1392102522.0,1392102522.0,"4,1"
1392102522.0,1392102522.0,1
1392102523.0,1392102523.0,"4,1"
1392102523.0,1392102523.0,1
1392102524.0,1392102524.0,"4,1"
1392102524.0,1392102524.0,1
1392102525.0,1392102525.0,"4,1"
1392102525.0,1392102525.0,1
1392102526.0,1392102526.0,"4,1"
1392102526.0,1392102526.0,1
1392102527.0,1392102527.0,"4,1"
1392102527.0,1392102527.0,1
1392102528.0,1392102528.0,"4,1"
1392102528.0,1392102528.0,1
1392102529.0,1392102529.0,"4,1"
1392102529.0,1392102529.0,1
1392102530.0,1392102530.0,"4,1"
1392102530.0,1392102530.0,1
1392102531.0,1392102531.0,"4,1"
1392102531.0,1392102531.0,1
1392102532.0,1392102532.0,"4,1"
1392102532.0,1392102532.0,1
1392102533.0,1392102533.0,"4,1"
1392102533.0,1392102533.0,1
1392102534.0,1392102534.0,"4,1"
1392102534.0,1392102534.0,1
1392102535.0,1392102535.0,"4,1"
1392102535.0,1392102535.0,1
1392102536.0,1392102536.0,"4,1"
1392102536.0,1392102536.0,1
1392102537.0,1392102537.0,"4,1"
1392102537.0,1392102537.0,1
1392102538.0,1392102538.0,"4,1"
1392102538.0,1392102538.0,1
1392102539.0,1392102539.0,"4,1"
1392102539.0,1392102539.0,1
1392102540.0,1392102540.0,"4,1"
1392102540.0,1392102540.0,1
1392102541.0,1392102541.0,"4,1"
1392102541.0,1392102541.0,1
1392102542.0,1392102542.0,"4,1"
1392102542.0,1392102542.0,1
1392102543.0,1392102543.0,"4,1"
1392102543.0,1392102543.0,1
1392102544.0,1392102544.0,"4,1"
1392102544.0,1392102544.0,1
1392102545.0,1392102545.0,"4,1"
1392102545.0,1392102545.0,1
1392102546.0,1392102546.0,"4,1"
1392102546.0,1392102546.0,1
1392102547.0,1392102547.0,"4,1"
1392102547.0,1392102547.0,1
1392102548.0,1392102548.0,"4,1"
1392102548.0,1392102548.0,1
1392102549.0,1392102549.0,"4,1"
1392102549.0,1392102549.0,1
1392102550.0,1392102550.0,"4,1"
1392102550.0,1392102550.0,1
1392102551.0,1392102551.0,"4,1"
1392102551.0,1392102551.0,1
1392102552.0,1392102552.0,"4,1"
1392102552.0,1392102552.0,1
1392102553.0,1392102553.0,"4,1"
1392102553.0,1392102553.0,1
1392102554.0,1392102554.0,"4,1"
1392102554.0,1392102554.0,1
1392102555.0,1392102555.0,"4,1"
1392102555.0,1392102555.0,1
1392102556.0,1392102556.0,"4,1"
1392102556.0,1392102556.0,1
1392102557.0,1392102557.0,"4,1"
1392102557.0,1392102557.0,1
1392102558.0,1392102558.0,"4,1"
1392102558.0,1392102558.0,1
1392102559.0,1392102559.0,"4,1"
1392102559.0,1392102559.0,1
1392102560.0,1392102560.0,"4,1"
1392102560.0,1392102560.0,1
1392102561.0,1392102561.0,"4,1"
1392102561.0,1392102561.0,1
1392102562.0,1392102562.0,"4,1"
1392102562.0,1392102562.0,1
1392102563.0,1392102563.0,"4,1"
1392102563.0,1392102563.0,1
1392102564.0,1392102564.0,"4,1"
1392102564.0,1392102564.0,1
1392102565.0,1392102565.0,"4,1"
1392102565.0,1392102565.0,1
1392102566.0,1392102566.0,"4,1"
1392102566.0,1392102566.0,1
1392102567.0,1392102567.0,"4,1"
1392102567.0,1392102567.0,1
1392102568.0,1392102568.0,"4,1"
1392102568.0,1392102568.0,1
1392102569.0,1392102569.0,"4,1"
1392102569.0,1392102569.0,1
1392102570.0,1392102570.0,"4,1"
1392102570.0,1392102570.0,1
1392102571.0,1392102571.0,"4,1"
1392102571.0,1392102571.0,1
1392102572.0,1392102572.0,"4,1"
1392102572.0,1392102572.0,1
1392102573.0,1392102573.0,"4,1"
1392102573.0,1392102573.0,1
1392102574.0,1392102574.0,"4,1"
1392102574.0,1392102574.0,1
1392102575.0,1392102575.0,"4,1"
1392102575.0,1392102575.0,1
1392102576.0,1392102576.0,"4,1"
1392102576.0,1392102576.0,1
1392102577.0,1392102577.0,"4,1"
1392102577.0,1392102577.0,1
1392102578.0,1392102578.0,"4,1"
1392102578.0,1392102578.0,1
1392102579.0,1392102579.0,"4,1"
1392102579.0,1392102579.0,1
1392102580.0,1392102580.0,"4,1"
1392102580.0,1392102580.0,1
1392102581.0,1392102581.0,"4,1"
1392102581.0,1392102581.0,1
1392102582.0,1392102582.0,"4,1"
1392102582.0,1392102582.0,1
1392102583.0,1392102583.0,"4,1"
1392102583.0,1392102583.0,1
1392102584.0,1392102584.0,"4,1"
1392102584.0,1392102584.0,1
1392102585.0,1392102585.0,"4,1"
1392102585.0,1392102585.0,1
1392102586.0,1392102586.0,"4,1"
1392102586.0,1392102586.0,1
1392102587.0,1392102587.0,"4,1"
1392102587.0,1392102587.0,1
1392102588.0,1392102588.0,"4,1"
1392102588.0,1392102588.0,1
1392102589.0,1392102589.0,"4,1"
1392102589.0,1392102589.0,1
1392102590.0,1392102590.0,"4,1"
1392102590.0,1392102590.0,1
1392102591.0,1392102591.0,"4,1"
1392102591.0,1392102591.0,1
1392102592.0,1392102592.0,"4,1"
1392102592.0,1392102592.0,1
1392102593.0,1392102593.0,"4,1"
1392102593.0,1392102593.0,1
1392102594.0,1392102594.0,"4,1"
1392102594.0,1392102594.0,1
1392102595.0,1392102595.0,"4,1"
1392102595.0,1392102595.0,1
1392102596.0,1392102596.0,"4,1"
1392102596.0,1392102596.0,1
1392102597.0,1392102597.0,"4,1"
1392102597.0,1392102597.0,1
1392102598.0,1392102598.0,"4,1"
1392102598.0,1392102598.0,1
1392102599.0,1392102599.0,"4,1"
1392102599.0,1392102599.0,1
1392102600.0,1392102600.0,"4,1"
1392102600.0,1392102600.0,1
1392102601.0,1392102601.0,"4,1"
1392102601.0,1392102601.0,1
1392102602.0,1392102602.0,"4,1"
1392102602.0,1392102602.0,1
1392102603.0,1392102603.0,"4,1"
1392102603.0,1392102603.0,1
1392102604.0,1392102604.0,"4,1"
1392102604.0,1392102604.0,1
1392102605.0,1392102605.0,"4,1"
1392102605.0,1392102605.0,1
1392102606.0,1392102606.0,"4,1"
1392102606.0,1392102606.0,1
1392102607.0,1392102607.0,"4,1"
1392102607.0,1392102607.0,1
1392102608.0,1392102608.0,"4,1"
1392102608.0,1392102608.0,1
1392102609.0,1392102609.0,"4,1"
1392102609.0,1392102609.0,1
1392102610.0,1392102610.0,"4,1"
1392102610.0,1392102610.0,1
1392102611.0,1392102611.0,"4,1"
1392102611.0,1392102611.0,1
1392102612.0,1392102612.0,"4,1"
1392102612.0,1392102612.0,1
1392102613.0,1392102613.0,"4,1"
1392102613.0,1392102613.0,1
1392102614.0,1392102614.0,"4,1"
1392102614.0,1392102614.0,1
1392102615.0,1392102615.0,"4,1"
1392102615.0,1392102615.0,1
1392102616.0,1392102616.0,"4,1"
1392102616.0,1392102616.0,1
1392102617.0,1392102617.0,"4,1"
1392102617.0,1392102617.0,1
1392102618.0,1392102618.0,"4,1"
1392102618.0,1392102618.0,1
1392102619.0,1392102619.0,"4,1"
1392102619.0,1392102619.0,1
1392102620.0,1392102620.0,"4,1"
1392102620.0,1392102620.0,1
1392102621.0,1392102621.0,"4,1"
1392102621.0,1392102621.0,1
1392102622.0,1392102622.0,"4,1"
1392102622.0,1392102622.0,1
1392102623.0,1392102623.0,"4,1"
1392102623.0,1392102623.0,1
1392102624.0,1392102624.0,"4,1"
1392102624.0,1392102624.0,1
1392102625.0,1392102625.0,"4,1"
1392102625.0,1392102625.0,1
1392102626.0,1392102626.0,"4,1"
1392102626.0,1392102626.0,1
1392102627.0,1392102627.0,"4,1"
1392102627.0,1392102627.0,1
1392102628.0,1392102628.0,"4,1"
1392102628.0,1392102628.0,1
1392102629.0,1392102629.0,"4,1"
1392102629.0,1392102629.0,1
1392102630.0,1392102630.0,"4,1"
1392102630.0,1392102630.0,1
1392102631.0,1392102631.0,"4,1"
1392102631.0,1392102631.0,1
1392102632.0,1392102632.0,"4,1"
1392102632.0,1392102632.0,1
1392102633.0,1392102633.0,"4,1"
1392102633.0,1392102633.0,1
1392102634.0,1392102634.0,"4,1"
1392102634.0,1392102634.0,1
1392102635.0,1392102635.0,"4,1"
1392102635.0,1392102635.0,1
1392102636.0,1392102636.0,"4,1"
1392102636.0,1392102636.0,1
1392102637.0,1392102637.0,"4,1"
1392102637.0,1392102637.0,1
1392102638.0,1392102638.0,"4,1"
1392102638.0,1392102638.0,1
1392102639.0,1392102639.0,"4,1"
1392102639.0,1392102639.0,1
1392102640.0,1392102640.0,"4,1"
1392102640.0,1392102640.0,1
1392102641.0,1392102641.0,"4,1"
1392102641.0,1392102641.0,1
1392102642.0,1392102642.0,"4,1"
1392102642.0,1392102642.0,1
1392102643.0,1392102643.0,"4,1"
1392102643.0,1392102643.0,1
1392102644.0,1392102644.0,"4,1"
1392102644.0,1392102644.0,1
1392102645.0,1392102645.0,"4,1"
1392102645.0,1392102645.0,1
1392102646.0,1392102646.0,"4,1"
1392102646.0,1392102646.0,1
1392102647.0,1392102647.0,"4,1"
1392102647.0,1392102647.0,1
1392102648.0,1392102648.0,"4,1"
1392102648.0,1392102648.0,1
1392102649.0,1392102649.0,"4,1"
1392102649.0,1392102649.0,1
1392102650.0,1392102650.0,"4,1"
1392102650.0,1392102650.0,1
1392102651.0,1392102651.0,"4,1"
1392102651.0,1392102651.0,1
1392102652.0,1392102652.0,"4,1"
1392102652.0,1392102652.0,1
1392102653.0,1392102653.0,"4,1"
1392102653.0,1392102653.0,1
1392102654.0,1392102654.0,"4,1"
1392102654.0,1392102654.0,1
1392102655.0,1392102655.0,"4,1"
1392102655.0,1392102655.0,1
1392102656.0,1392102656.0,"4,1"
1392102656.0,1392102656.0,1
1392102657.0,1392102657.0,"4,1"
1392102657.0,1392102657.0,1
1392102658.0,1392102658.0,"4,1"
1392102658.0,1392102658.0,1
1392102659.0,1392102659.0,"4,1"
1392102659.0,1392102659.0,1
1392102660.0,1392102660.0,"4,1"
1392102660.0,1392102660.0,1
1392102661.0,1392102661.0,"4,1"
1392102661.0,1392102661.0,1
1392102662.0,1392102662.0,"4,1"
1392102662.0,1392102662.0,1
1392102663.0,1392102663.0,"4,1"
1392102663.0,1392102663.0,1
1392102664.0,1392102664.0,"4,1"
1392102664.0,1392102664.0,1
1392102665.0,1392102665.0,"4,1"
1392102665.0,1392102665.0,1
1392102666.0,1392102666.0,"4,1"
1392102666.0,1392102666.0,1
1392102667.0,1392102667.0,"4,1"
1392102667.0,1392102667.0,1
1392102668.0,1392102668.0,"4,1"
1392102668.0,1392102668.0,1
1392102669.0,1392102669.0,"4,1"
1392102669.0,1392102669.0,1
1392102670.0,1392102670.0,"4,1"
1392102670.0,1392102670.0,1
1392102671.0,1392102671.0,"4,1"
1392102671.0,1392102671.0,1
1392102672.0,1392102672.0,"4,1"
1392102672.0,1392102672.0,1
1392102673.0,1392102673.0,"4,1"
1392102673.0,1392102673.0,1
1392102674.0,1392102674.0,"4,1"
1392102674.0,1392102674.0,1
1392102675.0,1392102675.0,"4,1"
1392102675.0,1392102675.0,1
1392102676.0,1392102676.0,"4,1"
1392102676.0,1392102676.0,1
1392102677.0,1392102677.0,"4,1"
1392102677.0,1392102677.0,1
1392102678.0,1392102678.0,"4,1"
1392102678.0,1392102678.0,1
1392102679.0,1392102679.0,"4,1"
1392102679.0,1392102679.0,1
1392102680.0,1392102680.0,"4,1"
1392102680.0,1392102680.0,1
1392102681.0,1392102681.0,"4,1"
1392102681.0,1392102681.0,1
1392102682.0,1392102682.0,"4,1"
1392102682.0,1392102682.0,1
1392102683.0,1392102683.0,"4,1"
1392102683.0,1392102683.0,1
1392102684.0,1392102684.0,"4,1"
1392102684.0,1392102684.0,1
1392102685.0,1392102685.0,"4,1"
1392102685.0,1392102685.0,1
1392102686.0,1392102686.0,"4,1"
1392102686.0,1392102686.0,1
1392102687.0,1392102687.0,"4,1"
1392102687.0,1392102687.0,1
1392102688.0,1392102688.0,"4,1"
1392102688.0,1392102688.0,1
1392102689.0,1392102689.0,"4,1"
1392102689.0,1392102689.0,1
1392102690.0,1392102690.0,"4,1"
1392102690.0,1392102690.0,1
1392102691.0,1392102691.0,"4,1"
1392102691.0,1392102691.0,1
1392102692.0,1392102692.0,"4,1"
1392102692.0,1392102692.0,1
1392102693.0,1392102693.0,"4,1"
1392102693.0,1392102693.0,1
1392102694.0,1392102694.0,"4,1"
1392102694.0,1392102694.0,1
1392102695.0,1392102695.0,"4,1"
1392102695.0,1392102695.0,1
1392102696.0,1392102696.0,"4,1"
1392102696.0,1392102696.0,1
1392102697.0,1392102697.0,"4,1"
1392102697.0,1392102697.0,1
1392102698.0,1392102698.0,"4,1"
1392102698.0,1392102698.0,1
1392102699.0,1392102699.0,"4,1"
1392102699.0,1392102699.0,1
1392102700.0,1392102700.0,"4,1"
1392102700.0,1392102700.0,1
1392102701.0,1392102701.0,"4,1"
1392102701.0,1392102701.0,1
1392102702.0,1392102702.0,"4,1"
1392102702.0,1392102702.0,1
1392102703.0,1392102703.0,"4,1"
1392102703.0,1392102703.0,1
1392102704.0,1392102704.0,"4,1"
1392102704.0,1392102704.0,1
1392102705.0,1392102705.0,"4,1"
1392102705.0,1392102705.0,1
1392102706.0,1392102706.0,"4,1"
1392102706.0,1392102706.0,1
1392102707.0,1392102707.0,"4,1"
1392102707.0,1392102707.0,1
1392102708.0,1392102708.0,"4,1"
1392102708.0,1392102708.0,1
1392102709.0,1392102709.0,"4,1"
1392102709.0,1392102709.0,1
1392102710.0,1392102710.0,"4,1"
1392102710.0,1392102710.0,1
1392102711.0,1392102711.0,"4,1"
1392102711.0,1392102711.0,1
1392102712.0,1392102712.0,"4,1"
1392102712.0,1392102712.0,1
1392102713.0,1392102713.0,"4,1"
1392102713.0,1392102713.0,1
1392102714.0,1392102714.0,"4,1"
1392102714.0,1392102714.0,1
1392102715.0,1392102715.0,"4,1"
1392102715.0,1392102715.0,1
1392102716.0,1392102716.0,"4,1"
1392102716.0,1392102716.0,1
1392102717.0,1392102717.0,"4,1"
1392102717.0,1392102717.0,1
1392102718.0,1392102718.0,"4,1"
1392102718.0,1392102718.0,1
1392102719.0,1392102719.0,"4,1"
1392102719.0,1392102719.0,1
1392102720.0,1392102720.0,"4,1"
1392102720.0,1392102720.0,1
1392102721.0,1392102721.0,"4,1"
1392102721.0,1392102721.0,1
1392102722.0,1392102722.0,"4,1"
1392102722.0,1392102722.0,1
1392102723.0,1392102723.0,"4,1"
1392102723.0,1392102723.0,1
1392102724.0,1392102724.0,"4,1"
1392102724.0,1392102724.0,1
1392102725.0,1392102725.0,"4,1"
1392102725.0,1392102725.0,1
1392102726.0,1392102726.0,"4,1"
1392102726.0,1392102726.0,1
1392102727.0,1392102727.0,"4,1"
1392102727.0,1392102727.0,1
1392102728.0,1392102728.0,"4,1"
1392102728.0,1392102728.0,1
1392102729.0,1392102729.0,"4,1"
1392102729.0,1392102729.0,1
1392102730.0,1392102730.0,"4,1"
1392102730.0,1392102730.0,1
1392102731.0,1392102731.0,"4,1"
1392102731.0,1392102731.0,1
1392102732.0,1392102732.0,"4,1"
1392102732.0,1392102732.0,1
1392102733.0,1392102733.0,"4,1"
1392102733.0,1392102733.0,1
1392102734.0,1392102734.0,"4,1"
1392102734.0,1392102734.0,1
1392102735.0,1392102735.0,"4,1"
1392102735.0,1392102735.0,1
1392102736.0,1392102736.0,"4,1"
1392102736.0,1392102736.0,1
1392102737.0,1392102737.0,"4,1"
1392102737.0,1392102737.0,1
1392102738.0,1392102738.0,"4,1"
1392102738.0,1392102738.0,1
1392102739.0,1392102739.0,"4,1"
1392102739.0,1392102739.0,1
1392102740.0,1392102740.0,"4,1"
1392102740.0,1392102740.0,1
1392102741.0,1392102741.0,"4,1"
1392102741.0,1392102741.0,1
1392102742.0,1392102742.0,"4,1"
1392102742.0,1392102742.0,1
1392102743.0,1392102743.0,"4,1"
1392102743.0,1392102743.0,1
1392102744.0,1392102744.0,"4,1"
1392102744.0,1392102744.0,1
1392102745.0,1392102745.0,"4,1"
1392102745.0,1392102745.0,1
1392102746.0,1392102746.0,"4,1"
1392102746.0,1392102746.0,1
1392102747.0,1392102747.0,"4,1"
1392102747.0,1392102747.0,1
1392102748.0,1392102748.0,"4,1"
1392102748.0,1392102748.0,1
1392102749.0,1392102749.0,"4,1"
1392102749.0,1392102749.0,1
1392102750.0,1392102750.0,"4,1"
1392102750.0,1392102750.0,1
1392102751.0,1392102751.0,"4,1"
1392102751.0,1392102751.0,1
1392102752.0,1392102752.0,"4,1"
1392102752.0,1392102752.0,1
1392102753.0,1392102753.0,"4,1"
1392102753.0,1392102753.0,1
1392102754.0,1392102754.0,"4,1"
1392102754.0,1392102754.0,1
1392102755.0,1392102755.0,"4,1"
1392102755.0,1392102755.0,1
1392102756.0,1392102756.0,"4,1"
1392102756.0,1392102756.0,1
1392102757.0,1392102757.0,"4,1"
1392102757.0,1392102757.0,1
1392102758.0,1392102758.0,"4,1"
1392102758.0,1392102758.0,1
1392102759.0,1392102759.0,"4,1"
1392102759.0,1392102759.0,1
1392102760.0,1392102760.0,"4,1"
1392102760.0,1392102760.0,1
1392102761.0,1392102761.0,"4,1"
1392102761.0,1392102761.0,1
1392102762.0,1392102762.0,"4,1"
1392102762.0,1392102762.0,1
1392102763.0,1392102763.0,"4,1"
1392102763.0,1392102763.0,1
1392102764.0,1392102764.0,"4,1"
1392102764.0,1392102764.0,1
1392102765.0,1392102765.0,"4,1"
1392102765.0,1392102765.0,1
1392102766.0,1392102766.0,"4,1"
1392102766.0,1392102766.0,1
1392102767.0,1392102767.0,"4,1"
1392102767.0,1392102767.0,1
1392102768.0,1392102768.0,"4,1"
1392102768.0,1392102768.0,1
1392102769.0,1392102769.0,"4,1"
1392102769.0,1392102769.0,1
1392102770.0,1392102770.0,"4,1"
1392102770.0,1392102770.0,1
1392102771.0,1392102771.0,"4,1"
1392102771.0,1392102771.0,1
1392102772.0,1392102772.0,"4,1"
1392102772.0,1392102772.0,1
1392102773.0,1392102773.0,"4,1"
1392102773.0,1392102773.0,1
1392102774.0,1392102774.0,"4,1"
1392102774.0,1392102774.0,1
1392102775.0,1392102775.0,"4,1"
1392102775.0,1392102775.0,1
1392102776.0,1392102776.0,"4,1"
1392102776.0,1392102776.0,1
1392102777.0,1392102777.0,"4,1"
1392102777.0,1392102777.0,1
1392102778.0,1392102778.0,"4,1"
1392102778.0,1392102778.0,1
1392102779.0,1392102779.0,"4,1"
1392102779.0,1392102779.0,1
1392102780.0,1392102780.0,"4,1"
1392102780.0,1392102780.0,1
1392102781.0,1392102781.0,"4,1"
1392102781.0,1392102781.0,1
1392102782.0,1392102782.0,"4,1"
1392102782.0,1392102782.0,1
1392102783.0,1392102783.0,"4,1"
1392102783.0,1392102783.0,1
1392102784.0,1392102784.0,"4,1"
1392102784.0,1392102784.0,1
1392102785.0,1392102785.0,"4,1"
1392102785.0,1392102785.0,1
1392102786.0,1392102786.0,"4,1"
1392102786.0,1392102786.0,1
1392102787.0,1392102787.0,"4,1"
1392102787.0,1392102787.0,1
1392102788.0,1392102788.0,"4,1"
1392102788.0,1392102788.0,1
1392102789.0,1392102789.0,"4,1"
1392102789.0,1392102789.0,1
1392102790.0,1392102790.0,"4,1"
1392102790.0,1392102790.0,1
1392102791.0,1392102791.0,"4,1"
1392102791.0,1392102791.0,1
1392102792.0,1392102792.0,"4,1"
1392102792.0,1392102792.0,1
1392102793.0,1392102793.0,"4,1"
1392102793.0,1392102793.0,1
1392102794.0,1392102794.0,"4,1"
1392102794.0,1392102794.0,1
1392102795.0,1392102795.0,"4,1"
1392102795.0,1392102795.0,1
1392102796.0,1392102796.0,"4,1"
1392102796.0,1392102796.0,1
1392102797.0,1392102797.0,"4,1"
1392102797.0,1392102797.0,1
1392102798.0,1392102798.0,"4,1"
1392102798.0,1392102798.0,1
1392102799.0,1392102799.0,"4,1"
1392102799.0,1392102799.0,1
1392102800.0,1392102800.0,"4,1"
1392102800.0,1392102800.0,1
1392102801.0,1392102801.0,"4,1"
1392102801.0,1392102801.0,1
1392102802.0,1392102802.0,"4,1"
1392102802.0,1392102802.0,1
1392102803.0,1392102803.0,"4,1"
1392102803.0,1392102803.0,1
1392102804.0,1392102804.0,"4,1"
1392102804.0,1392102804.0,1
1392102805.0,1392102805.0,"4,1"
1392102805.0,1392102805.0,1
1392102806.0,1392102806.0,"4,1"
1392102806.0,1392102806.0,1
1392102807.0,1392102807.0,"4,1"
1392102807.0,1392102807.0,1
1392102808.0,1392102808.0,"4,1"
1392102808.0,1392102808.0,1
1392102809.0,1392102809.0,"4,1"
1392102809.0,1392102809.0,1
1392102810.0,1392102810.0,"4,1"
1392102810.0,1392102810.0,1
1392102811.0,1392102811.0,"4,1"
1392102811.0,1392102811.0,1
1392102812.0,1392102812.0,"4,1"
1392102812.0,1392102812.0,1
1392102813.0,1392102813.0,"4,1"
1392102813.0,1392102813.0,1
1392102814.0,1392102814.0,"4,1"
1392102814.0,1392102814.0,1
1392102815.0,1392102815.0,"4,1"
1392102815.0,1392102815.0,1
1392102816.0,1392102816.0,"4,1"
1392102816.0,1392102816.0,1
1392102817.0,1392102817.0,"4,1"
1392102817.0,1392102817.0,1
1392102818.0,1392102818.0,"4,1"
1392102818.0,1392102818.0,1
1392102819.0,1392102819.0,"4,1"
1392102819.0,1392102819.0,1
1392102820.0,1392102820.0,"4,1"
1392102820.0,1392102820.0,1
1392102821.0,1392102821.0,"4,1"
1392102821.0,1392102821.0,1
1392102822.0,1392102822.0,"4,1"
1392102822.0,1392102822.0,1
1392102823.0,1392102823.0,"4,1"
1392102823.0,1392102823.0,1
1392102824.0,1392102824.0,"4,1"
1392102824.0,1392102824.0,1
1392102825.0,1392102825.0,"4,1"
1392102825.0,1392102825.0,1
1392102826.0,1392102826.0,"4,1"
1392102826.0,1392102826.0,1
1392102827.0,1392102827.0,"4,1"
1392102827.0,1392102827.0,1
1392102828.0,1392102828.0,"4,1"
1392102828.0,1392102828.0,1
1392102829.0,1392102829.0,"4,1"
1392102829.0,1392102829.0,1
1392102830.0,1392102830.0,"4,1"
1392102830.0,1392102830.0,1
1392102831.0,1392102831.0,"4,1"
1392102831.0,1392102831.0,1
1392102832.0,1392102832.0,"4,1"
1392102832.0,1392102832.0,1
1392102833.0,1392102833.0,"4,1"
1392102833.0,1392102833.0,1
1392102834.0,1392102834.0,"4,1"
1392102834.0,1392102834.0,1
1392102835.0,1392102835.0,"4,1"
1392102835.0,1392102835.0,1
1392102836.0,1392102836.0,"4,1"
1392102836.0,1392102836.0,1
1392102837.0,1392102837.0,"4,1"
1392102837.0,1392102837.0,1
1392102838.0,1392102838.0,"4,1"
1392102838.0,1392102838.0,1
1392102839.0,1392102839.0,"4,1"
1392102839.0,1392102839.0,1
1392102840.0,1392102840.0,"4,1"
1392102840.0,1392102840.0,1
1392102841.0,1392102841.0,"4,1"
1392102841.0,1392102841.0,1
1392102842.0,1392102842.0,"4,1"
1392102842.0,1392102842.0,1
1392102843.0,1392102843.0,"4,1"
1392102843.0,1392102843.0,1
1392102844.0,1392102844.0,"4,1"
1392102844.0,1392102844.0,1
1392102845.0,1392102845.0,"4,1"
1392102845.0,1392102845.0,1
1392102846.0,1392102846.0,"4,1"
1392102846.0,1392102846.0,1
1392102847.0,1392102847.0,"4,1"
1392102847.0,1392102847.0,1
1392102848.0,1392102848.0,"4,1"
1392102848.0,1392102848.0,1
1392102849.0,1392102849.0,"4,1"
1392102849.0,1392102849.0,1
1392102850.0,1392102850.0,"4,1"
1392102850.0,1392102850.0,1
1392102851.0,1392102851.0,"4,1"
1392102851.0,1392102851.0,1
1392102852.0,1392102852.0,"4,1"
1392102852.0,1392102852.0,1
1392102853.0,1392102853.0,"4,1"
1392102853.0,1392102853.0,1
1392102854.0,1392102854.0,"4,1"
1392102854.0,1392102854.0,1
1392102855.0,1392102855.0,"4,1"
1392102855.0,1392102855.0,1
1392102856.0,1392102856.0,"4,1"
1392102856.0,1392102856.0,1
1392102857.0,1392102857.0,"4,1"
1392102857.0,1392102857.0,1
1392102858.0,1392102858.0,"4,1"
1392102858.0,1392102858.0,1
1392102859.0,1392102859.0,"4,1"
1392102859.0,1392102859.0,1
1392102860.0,1392102860.0,"4,1"
1392102860.0,1392102860.0,1
1392102861.0,1392102861.0,"4,1"
1392102861.0,1392102861.0,1
1392102862.0,1392102862.0,"4,1"
1392102862.0,1392102862.0,1
1392102863.0,1392102863.0,"4,1"
1392102863.0,1392102863.0,1
1392102864.0,1392102864.0,"4,1"
1392102864.0,1392102864.0,1
1392102865.0,1392102865.0,"4,1"
1392102865.0,1392102865.0,1
1392102866.0,1392102866.0,"4,1"
1392102866.0,1392102866.0,1
1392102867.0,1392102867.0,"4,1"
1392102867.0,1392102867.0,1
1392102868.0,1392102868.0,"4,1"
1392102868.0,1392102868.0,1
1392102869.0,1392102869.0,"4,1"
1392102869.0,1392102869.0,1
1392102870.0,1392102870.0,"4,1"
1392102870.0,1392102870.0,1
1392102871.0,1392102871.0,"4,1"
1392102871.0,1392102871.0,1
1392102872.0,1392102872.0,"4,1"
1392102872.0,1392102872.0,1
1392102873.0,1392102873.0,"4,1"
1392102873.0,1392102873.0,1
1392102874.0,1392102874.0,"4,1"
1392102874.0,1392102874.0,1
1392102875.0,1392102875.0,"4,1"
1392102875.0,1392102875.0,1
1392102876.0,1392102876.0,"4,1"
1392102876.0,1392102876.0,1
1392102877.0,1392102877.0,"4,1"
1392102877.0,1392102877.0,1
1392102878.0,1392102878.0,"4,1"
1392102878.0,1392102878.0,1
1392102879.0,1392102879.0,"4,1"
1392102879.0,1392102879.0,1
1392102880.0,1392102880.0,"4,1"
1392102880.0,1392102880.0,1
1392102881.0,1392102881.0,"4,1"
1392102881.0,1392102881.0,1
1392102882.0,1392102882.0,"4,1"
1392102882.0,1392102882.0,1
1392102883.0,1392102883.0,"4,1"
1392102883.0,1392102883.0,1
1392102884.0,1392102884.0,"4,1"
1392102884.0,1392102884.0,1
1392102885.0,1392102885.0,"4,1"
1392102885.0,1392102885.0,1
1392102886.0,1392102886.0,"4,1"
1392102886.0,1392102886.0,1
1392102887.0,1392102887.0,"4,1"
1392102887.0,1392102887.0,1
1392102888.0,1392102888.0,"4,1"
1392102888.0,1392102888.0,1
1392102889.0,1392102889.0,"4,1"
1392102889.0,1392102889.0,1
1392102890.0,1392102890.0,"4,1"
1392102890.0,1392102890.0,1
1392102891.0,1392102891.0,"4,1"
1392102891.0,1392102891.0,1
1392102892.0,1392102892.0,"4,1"
1392102892.0,1392102892.0,1
1392102893.0,1392102893.0,"4,1"
1392102893.0,1392102893.0,1
1392102894.0,1392102894.0,"4,1"
1392102894.0,1392102894.0,1
1392102895.0,1392102895.0,"4,1"
1392102895.0,1392102895.0,1
1392102896.0,1392102896.0,"4,1"
1392102896.0,1392102896.0,1
1392102897.0,1392102897.0,"4,1"
1392102897.0,1392102897.0,1
1392102898.0,1392102898.0,"4,1"
1392102898.0,1392102898.0,1
1392102899.0,1392102899.0,"4,1"
1392102899.0,1392102899.0,1
1392102900.0,1392102900.0,"4,1"
1392102900.0,1392102900.0,1
1392102901.0,1392102901.0,"4,1"
1392102901.0,1392102901.0,1
1392102902.0,1392102902.0,"4,1"
1392102902.0,1392102902.0,1
1392102903.0,1392102903.0,"4,1"
1392102903.0,1392102903.0,1
1392102904.0,1392102904.0,"4,1"
1392102904.0,1392102904.0,1
1392102905.0,1392102905.0,"4,1"
1392102905.0,1392102905.0,1
1392102906.0,1392102906.0,"4,1"
1392102906.0,1392102906.0,1
1392102907.0,1392102907.0,"4,1"
1392102907.0,1392102907.0,1
1392102908.0,1392102908.0,"4,1"
1392102908.0,1392102908.0,1
1392102909.0,1392102909.0,"4,1"
1392102909.0,1392102909.0,1
1392102910.0,1392102910.0,"4,1"
1392102910.0,1392102910.0,1
1392102911.0,1392102911.0,"4,1"
1392102911.0,1392102911.0,1
1392102912.0,1392102912.0,"4,1"
1392102912.0,1392102912.0,1
1392102913.0,1392102913.0,"4,1"
1392102913.0,1392102913.0,1
1392102914.0,1392102914.0,"4,1"
1392102914.0,1392102914.0,1
1392102915.0,1392102915.0,"4,1"
1392102915.0,1392102915.0,1
1392102916.0,1392102916.0,"4,1"
1392102916.0,1392102916.0,1
1392102917.0,1392102917.0,"4,1"
1392102917.0,1392102917.0,1
1392102918.0,1392102918.0,"4,1"
1392102918.0,1392102918.0,1
1392102919.0,1392102919.0,"4,1"
1392102919.0,1392102919.0,1
1392102920.0,1392102920.0,"4,1"
1392102920.0,1392102920.0,1
1392102921.0,1392102921.0,"4,1"
1392102921.0,1392102921.0,1
1392102922.0,1392102922.0,"4,1"
1392102922.0,1392102922.0,1
1392102923.0,1392102923.0,"4,1"
1392102923.0,1392102923.0,1
1392102924.0,1392102924.0,"4,1"
1392102924.0,1392102924.0,1
1392102925.0,1392102925.0,"4,1"
1392102925.0,1392102925.0,1
1392102926.0,1392102926.0,"4,1"
1392102926.0,1392102926.0,1
1392102927.0,1392102927.0,"4,1"
1392102927.0,1392102927.0,1
1392102928.0,1392102928.0,"4,1"
1392102928.0,1392102928.0,1
1392102929.0,1392102929.0,"4,1"
1392102929.0,1392102929.0,1
1392102930.0,1392102930.0,"4,1"
1392102930.0,1392102930.0,1
1392102931.0,1392102931.0,"4,1"
1392102931.0,1392102931.0,1
1392102932.0,1392102932.0,"4,1"
1392102932.0,1392102932.0,1
1392102933.0,1392102933.0,"4,1"
1392102933.0,1392102933.0,1
1392102934.0,1392102934.0,"4,1"
1392102934.0,1392102934.0,1
1392102935.0,1392102935.0,"4,1"
1392102935.0,1392102935.0,1
1392102936.0,1392102936.0,"4,1"
1392102936.0,1392102936.0,1
1392102937.0,1392102937.0,"4,1"
1392102937.0,1392102937.0,1
1392102938.0,1392102938.0,"4,1"
1392102938.0,1392102938.0,1
1392102939.0,1392102939.0,"4,1"
1392102939.0,1392102939.0,1
1392102940.0,1392102940.0,"4,1"
1392102940.0,1392102940.0,1
1392102941.0,1392102941.0,"4,1"
1392102941.0,1392102941.0,1
1392102942.0,1392102942.0,"4,1"
1392102942.0,1392102942.0,1
1392102943.0,1392102943.0,"4,1"
1392102943.0,1392102943.0,1
1392102944.0,1392102944.0,"4,1"
1392102944.0,1392102944.0,1
1392102945.0,1392102945.0,"4,1"
1392102945.0,1392102945.0,1
1392102946.0,1392102946.0,"4,1"
1392102946.0,1392102946.0,1
1392102947.0,1392102947.0,"4,1"
1392102947.0,1392102947.0,1
1392102948.0,1392102948.0,"4,1"
1392102948.0,1392102948.0,1
1392102949.0,1392102949.0,"4,1"
1392102949.0,1392102949.0,1
1392102950.0,1392102950.0,"4,1"
1392102950.0,1392102950.0,1
1392102951.0,1392102951.0,"4,1"
1392102951.0,1392102951.0,1
1392102952.0,1392102952.0,"4,1"
1392102952.0,1392102952.0,1
1392102953.0,1392102953.0,"4,1"
1392102953.0,1392102953.0,1
1392102954.0,1392102954.0,"4,1"
1392102954.0,1392102954.0,1
1392102955.0,1392102955.0,"4,1"
1392102955.0,1392102955.0,1
1392102956.0,1392102956.0,"4,1"
1392102956.0,1392102956.0,1
1392102957.0,1392102957.0,"4,1"
1392102957.0,1392102957.0,1
1392102958.0,1392102958.0,"4,1"
1392102958.0,1392102958.0,1
1392102959.0,1392102959.0,"4,1"
1392102959.0,1392102959.0,1
1392102960.0,1392102960.0,"4,1"
1392102960.0,1392102960.0,1
1392102961.0,1392102961.0,"4,1"
1392102961.0,1392102961.0,1
1392102962.0,1392102962.0,"4,1"
1392102962.0,1392102962.0,1
1392102963.0,1392102963.0,"4,1"
1392102963.0,1392102963.0,1
1392102964.0,1392102964.0,"4,1"
1392102964.0,1392102964.0,1
1392102965.0,1392102965.0,"4,1"
1392102965.0,1392102965.0,1
1392102966.0,1392102966.0,"4,1"
1392102966.0,1392102966.0,1
1392102967.0,1392102967.0,"4,1"
1392102967.0,1392102967.0,1
1392102968.0,1392102968.0,"4,1"
1392102968.0,1392102968.0,1
1392102969.0,1392102969.0,"4,1"
1392102969.0,1392102969.0,1
1392102970.0,1392102970.0,"4,1"
1392102970.0,1392102970.0,1
1392102971.0,1392102971.0,"4,1"
1392102971.0,1392102971.0,1
1392102972.0,1392102972.0,"4,1"
1392102972.0,1392102972.0,1
1392102973.0,1392102973.0,"4,1"
1392102973.0,1392102973.0,1
1392102974.0,1392102974.0,"4,1"
1392102974.0,1392102974.0,1
1392102975.0,1392102975.0,"4,1"
1392102975.0,1392102975.0,1
1392102976.0,1392102976.0,"4,1"
1392102976.0,1392102976.0,1
1392102977.0,1392102977.0,"4,1"
1392102977.0,1392102977.0,1
1392102978.0,1392102978.0,"4,1"
1392102978.0,1392102978.0,1
1392102979.0,1392102979.0,"4,1"
1392102979.0,1392102979.0,1
1392102980.0,1392102980.0,"4,1"
1392102980.0,1392102980.0,1
1392102981.0,1392102981.0,"4,1"
1392102981.0,1392102981.0,1
1392102982.0,1392102982.0,"4,1"
1392102982.0,1392102982.0,1
1392102983.0,1392102983.0,"4,1"
1392102983.0,1392102983.0,1
1392102984.0,1392102984.0,"4,1"
1392102984.0,1392102984.0,1
1392102985.0,1392102985.0,"4,1"
1392102985.0,1392102985.0,1
1392102986.0,1392102986.0,"4,1"
1392102986.0,1392102986.0,1
1392102987.0,1392102987.0,"4,1"
1392102987.0,1392102987.0,1
1392102988.0,1392102988.0,"4,1"
1392102988.0,1392102988.0,1
1392102989.0,1392102989.0,"4,1"
1392102989.0,1392102989.0,1
1392102990.0,1392102990.0,"4,1"
1392102990.0,1392102990.0,1
1392102991.0,1392102991.0,"4,1"
1392102991.0,1392102991.0,1
1392102992.0,1392102992.0,"4,1"
1392102992.0,1392102992.0,1
1392102993.0,1392102993.0,"4,1"
1392102993.0,1392102993.0,1
1392102994.0,1392102994.0,"4,1"
1392102994.0,1392102994.0,1
1392102995.0,1392102995.0,"4,1"
1392102995.0,1392102995.0,1
1392102996.0,1392102996.0,"4,1"
1392102996.0,1392102996.0,1
1392102997.0,1392102997.0,"4,1"
1392102997.0,1392102997.0,1
1392102998.0,1392102998.0,"4,1"
1392102998.0,1392102998.0,1
1392102999.0,1392102999.0,"4,1"
1392102999.0,1392102999.0,1
1392103000.0,1392103000.0,"4,1"
1392103000.0,1392103000.0,1
1392103001.0,1392103001.0,"4,1"
1392103001.0,1392103001.0,1
1392103002.0,1392103002.0,"4,1"
1392103002.0,1392103002.0,1
1392103003.0,1392103003.0,"4,1"
1392103003.0,1392103003.0,1
1392103004.0,1392103004.0,"4,1"
1392103004.0,1392103004.0,1
1392103005.0,1392103005.0,"4,1"
1392103005.0,1392103005.0,1
1392103006.0,1392103006.0,"4,1"
1392103006.0,1392103006.0,1
1392103007.0,1392103007.0,"4,1"
1392103007.0,1392103007.0,1
1392103008.0,1392103008.0,"4,1"
1392103008.0,1392103008.0,1
1392103009.0,1392103009.0,"4,1"
1392103009.0,1392103009.0,1
1392103010.0,1392103010.0,"4,1"
1392103010.0,1392103010.0,1
1392103011.0,1392103011.0,"4,1"
1392103011.0,1392103011.0,1
1392103012.0,1392103012.0,"4,1"
1392103012.0,1392103012.0,1
1392103013.0,1392103013.0,"4,1"
1392103013.0,1392103013.0,1
1392103014.0,1392103014.0,"4,1"
1392103014.0,1392103014.0,1
1392103015.0,1392103015.0,"4,1"
1392103015.0,1392103015.0,1
1392103016.0,1392103016.0,"4,1"
1392103016.0,1392103016.0,1
1392103017.0,1392103017.0,"4,1"
1392103017.0,1392103017.0,1
1392103018.0,1392103018.0,"4,1"
1392103018.0,1392103018.0,1
1392103019.0,1392103019.0,"4,1"
1392103019.0,1392103019.0,1
1392103020.0,1392103020.0,"4,1"
1392103020.0,1392103020.0,1
1392103021.0,1392103021.0,"4,1"
1392103021.0,1392103021.0,1
1392103022.0,1392103022.0,"4,1"
1392103022.0,1392103022.0,1
1392103023.0,1392103023.0,"4,1"
1392103023.0,1392103023.0,1
1392103024.0,1392103024.0,"4,1"
1392103024.0,1392103024.0,1
1392103025.0,1392103025.0,"4,1"
1392103025.0,1392103025.0,1
1392103026.0,1392103026.0,"4,1"
1392103026.0,1392103026.0,1
1392103027.0,1392103027.0,"4,1"
1392103027.0,1392103027.0,1
1392103028.0,1392103028.0,"4,1"
1392103028.0,1392103028.0,1
1392103029.0,1392103029.0,"4,1"
1392103029.0,1392103029.0,1
1392103030.0,1392103030.0,"4,1"
1392103030.0,1392103030.0,1
1392103031.0,1392103031.0,"4,1"
1392103031.0,1392103031.0,1
1392103032.0,1392103032.0,"4,1"
1392103032.0,1392103032.0,1
1392103033.0,1392103033.0,"4,1"
1392103033.0,1392103033.0,1
1392103034.0,1392103034.0,"4,1"
1392103034.0,1392103034.0,1
1392103035.0,1392103035.0,"4,1"
1392103035.0,1392103035.0,1
1392103036.0,1392103036.0,"4,1"
1392103036.0,1392103036.0,1
1392103037.0,1392103037.0,"4,1"
1392103037.0,1392103037.0,1
1392103038.0,1392103038.0,"4,1"
1392103038.0,1392103038.0,1
1392103039.0,1392103039.0,"4,1"
1392103039.0,1392103039.0,1
1392103040.0,1392103040.0,"4,1"
1392103040.0,1392103040.0,1
1392103041.0,1392103041.0,"4,1"
1392103041.0,1392103041.0,1
1392103042.0,1392103042.0,"4,1"
1392103042.0,1392103042.0,1
1392103043.0,1392103043.0,"4,1"
1392103043.0,1392103043.0,1
1392103044.0,1392103044.0,"4,1"
1392103044.0,1392103044.0,1
1392103045.0,1392103045.0,"4,1"
1392103045.0,1392103045.0,1
1392103046.0,1392103046.0,"4,1"
1392103046.0,1392103046.0,1
1392103047.0,1392103047.0,"4,1"
1392103047.0,1392103047.0,1
1392103048.0,1392103048.0,"4,1"
1392103048.0,1392103048.0,1
1392103049.0,1392103049.0,"4,1"
1392103049.0,1392103049.0,1
1392103050.0,1392103050.0,"4,1"
1392103050.0,1392103050.0,1
1392103051.0,1392103051.0,"4,1"
1392103051.0,1392103051.0,1
1392103052.0,1392103052.0,"4,1"
1392103052.0,1392103052.0,1
1392103053.0,1392103053.0,"4,1"
1392103053.0,1392103053.0,1
1392103054.0,1392103054.0,"4,1"
1392103054.0,1392103054.0,1
1392103055.0,1392103055.0,"4,1"
1392103055.0,1392103055.0,1
1392103056.0,1392103056.0,"4,1"
1392103056.0,1392103056.0,1
1392103057.0,1392103057.0,"4,1"
1392103057.0,1392103057.0,1
1392103058.0,1392103058.0,"4,1"
1392103058.0,1392103058.0,1
1392103059.0,1392103059.0,"4,1"
1392103059.0,1392103059.0,1
1392103060.0,1392103060.0,"4,1"
1392103060.0,1392103060.0,1
1392103061.0,1392103061.0,"4,1"
1392103061.0,1392103061.0,1
1392103062.0,1392103062.0,"4,1"
1392103062.0,1392103062.0,1
1392103063.0,1392103063.0,"4,1"
1392103063.0,1392103063.0,1
1392103064.0,1392103064.0,"4,1"
1392103064.0,1392103064.0,1
1392103065.0,1392103065.0,"4,1"
1392103065.0,1392103065.0,1
1392103066.0,1392103066.0,"4,1"
1392103066.0,1392103066.0,1
1392103067.0,1392103067.0,"4,1"
1392103067.0,1392103067.0,1
1392103068.0,1392103068.0,"4,1"
1392103068.0,1392103068.0,1
1392103069.0,1392103069.0,"4,1"
1392103069.0,1392103069.0,1
1392103070.0,1392103070.0,"4,1"
1392103070.0,1392103070.0,1
1392103071.0,1392103071.0,"4,1"
1392103071.0,1392103071.0,1
1392103072.0,1392103072.0,"4,1"
1392103072.0,1392103072.0,1
1392103073.0,1392103073.0,"4,1"
1392103073.0,1392103073.0,1
1392103074.0,1392103074.0,"4,1"
1392103074.0,1392103074.0,1
1392103075.0,1392103075.0,"4,1"
1392103075.0,1392103075.0,1
1392103076.0,1392103076.0,"4,1"
1392103076.0,1392103076.0,1
1392103077.0,1392103077.0,"4,1"
1392103077.0,1392103077.0,1
1392103078.0,1392103078.0,"4,1"
1392103078.0,1392103078.0,1
1392103079.0,1392103079.0,"4,1"
1392103079.0,1392103079.0,1
1392103080.0,1392103080.0,"4,1"
1392103080.0,1392103080.0,1
1392103081.0,1392103081.0,"4,1"
1392103081.0,1392103081.0,1
1392103082.0,1392103082.0,"4,1"
1392103082.0,1392103082.0,1
1392103083.0,1392103083.0,"4,1"
1392103083.0,1392103083.0,1
1392103084.0,1392103084.0,"4,1"
1392103084.0,1392103084.0,1
1392103085.0,1392103085.0,"4,1"
1392103085.0,1392103085.0,1
1392103086.0,1392103086.0,"4,1"
1392103086.0,1392103086.0,1
1392103087.0,1392103087.0,"4,1"
1392103087.0,1392103087.0,1
1392103088.0,1392103088.0,"4,1"
1392103088.0,1392103088.0,1
1392103089.0,1392103089.0,"4,1"
1392103089.0,1392103089.0,1
1392103090.0,1392103090.0,"4,1"
1392103090.0,1392103090.0,1
1392103091.0,1392103091.0,"4,1"
1392103091.0,1392103091.0,1
1392103092.0,1392103092.0,"4,1"
1392103092.0,1392103092.0,1
1392103093.0,1392103093.0,"4,1"
1392103093.0,1392103093.0,1
1392103094.0,1392103094.0,"4,1"
1392103094.0,1392103094.0,1
1392103095.0,1392103095.0,"4,1"
1392103095.0,1392103095.0,1
1392103096.0,1392103096.0,"4,1"
1392103096.0,1392103096.0,1
1392103097.0,1392103097.0,"4,1"
1392103097.0,1392103097.0,1
1392103098.0,1392103098.0,"4,1"
1392103098.0,1392103098.0,1
1392103099.0,1392103099.0,"4,1"
1392103099.0,1392103099.0,1
1392103100.0,1392103100.0,"4,1"
1392103100.0,1392103100.0,1
1392103101.0,1392103101.0,"4,1"
1392103101.0,1392103101.0,1
1392103102.0,1392103102.0,"4,1"
1392103102.0,1392103102.0,1
1392103103.0,1392103103.0,"4,1"
1392103103.0,1392103103.0,1
1392103104.0,1392103104.0,"4,1"
1392103104.0,1392103104.0,1
1392103105.0,1392103105.0,"4,1"
1392103105.0,1392103105.0,1
1392103106.0,1392103106.0,"4,1"
1392103106.0,1392103106.0,1
1392103107.0,1392103107.0,"4,1"
1392103107.0,1392103107.0,1
1392103108.0,1392103108.0,"4,1"
1392103108.0,1392103108.0,1
1392103109.0,1392103109.0,"4,1"
1392103109.0,1392103109.0,1
1392103110.0,1392103110.0,"4,1"
1392103110.0,1392103110.0,1
1392103111.0,1392103111.0,"4,1"
1392103111.0,1392103111.0,1
1392103112.0,1392103112.0,"4,1"
1392103112.0,1392103112.0,1
1392103113.0,1392103113.0,"4,1"
1392103113.0,1392103113.0,1
1392103114.0,1392103114.0,"4,1"
1392103114.0,1392103114.0,1
1392103115.0,1392103115.0,"4,1"
1392103115.0,1392103115.0,1
1392103116.0,1392103116.0,"4,1"
1392103116.0,1392103116.0,1
1392103117.0,1392103117.0,"4,1"
1392103117.0,1392103117.0,1
1392103118.0,1392103118.0,"4,1"
1392103118.0,1392103118.0,1
1392103119.0,1392103119.0,"4,1"
1392103119.0,1392103119.0,1
1392103120.0,1392103120.0,"4,1"
1392103120.0,1392103120.0,1
1392103121.0,1392103121.0,"4,1"
1392103121.0,1392103121.0,1
1392103122.0,1392103122.0,"4,1"
1392103122.0,1392103122.0,1
1392103123.0,1392103123.0,"4,1"
1392103123.0,1392103123.0,1
1392103124.0,1392103124.0,"4,1"
1392103124.0,1392103124.0,1
1392103125.0,1392103125.0,"4,1"
1392103125.0,1392103125.0,1
1392103126.0,1392103126.0,"4,1"
1392103126.0,1392103126.0,1
1392103127.0,1392103127.0,"4,1"
1392103127.0,1392103127.0,1
1392103128.0,1392103128.0,"4,1"
1392103128.0,1392103128.0,1
1392103129.0,1392103129.0,"4,1"
1392103129.0,1392103129.0,1
1392103130.0,1392103130.0,"4,1"
1392103130.0,1392103130.0,1
1392103131.0,1392103131.0,"4,1"
1392103131.0,1392103131.0,1
1392103132.0,1392103132.0,"4,1"
1392103132.0,1392103132.0,1
1392103133.0,1392103133.0,"4,1"
1392103133.0,1392103133.0,1
1392103134.0,1392103134.0,"4,1"
1392103134.0,1392103134.0,1
1392103135.0,1392103135.0,"4,1"
1392103135.0,1392103135.0,1
1392103136.0,1392103136.0,"4,1"
1392103136.0,1392103136.0,1
1392103137.0,1392103137.0,"4,1"
1392103137.0,1392103137.0,1
1392103138.0,1392103138.0,"4,1"
1392103138.0,1392103138.0,1
1392103139.0,1392103139.0,"4,1"
1392103139.0,1392103139.0,1
1392103140.0,1392103140.0,"4,1"
1392103140.0,1392103140.0,1
1392103141.0,1392103141.0,"4,1"
1392103141.0,1392103141.0,1
1392103142.0,1392103142.0,"4,1"
1392103142.0,1392103142.0,1
1392103143.0,1392103143.0,"4,1"
1392103143.0,1392103143.0,1
1392103144.0,1392103144.0,"4,1"
1392103144.0,1392103144.0,1
1392103145.0,1392103145.0,"4,1"
1392103145.0,1392103145.0,1
1392103146.0,1392103146.0,"4,1"
1392103146.0,1392103146.0,1
1392103147.0,1392103147.0,"4,1"
1392103147.0,1392103147.0,1
1392103148.0,1392103148.0,"4,1"
1392103148.0,1392103148.0,1
1392103149.0,1392103149.0,"4,1"
1392103149.0,1392103149.0,1
1392103150.0,1392103150.0,"4,1"
1392103150.0,1392103150.0,1
1392103151.0,1392103151.0,"4,1"
1392103151.0,1392103151.0,1
1392103152.0,1392103152.0,"4,1"
1392103152.0,1392103152.0,1
1392103153.0,1392103153.0,"4,1"
1392103153.0,1392103153.0,1
1392103154.0,1392103154.0,"4,1"
1392103154.0,1392103154.0,1
1392103155.0,1392103155.0,"4,1"
1392103155.0,1392103155.0,1
1392103156.0,1392103156.0,"4,1"
1392103156.0,1392103156.0,1
1392103157.0,1392103157.0,"4,1"
1392103157.0,1392103157.0,1
1392103158.0,1392103158.0,"4,1"
1392103158.0,1392103158.0,1
1392103159.0,1392103159.0,"4,1"
1392103159.0,1392103159.0,1
1392103160.0,1392103160.0,"4,1"
1392103160.0,1392103160.0,1
1392103161.0,1392103161.0,"4,1"
1392103161.0,1392103161.0,1
1392103162.0,1392103162.0,"4,1"
1392103162.0,1392103162.0,1
1392103163.0,1392103163.0,"4,1"
1392103163.0,1392103163.0,1
1392103164.0,1392103164.0,"4,1"
1392103164.0,1392103164.0,1
1392103165.0,1392103165.0,"4,1"
1392103165.0,1392103165.0,1
1392103166.0,1392103166.0,"4,1"
1392103166.0,1392103166.0,1
1392103167.0,1392103167.0,"4,1"
1392103167.0,1392103167.0,1
1392103168.0,1392103168.0,"4,1"
1392103168.0,1392103168.0,1
1392103169.0,1392103169.0,"4,1"
1392103169.0,1392103169.0,1
1392103170.0,1392103170.0,"4,1"
1392103170.0,1392103170.0,1
1392103171.0,1392103171.0,"4,1"
1392103171.0,1392103171.0,1
1392103172.0,1392103172.0,"4,1"
1392103172.0,1392103172.0,1
1392103173.0,1392103173.0,"4,1"
1392103173.0,1392103173.0,1
1392103174.0,1392103174.0,"4,1"
1392103174.0,1392103174.0,1
1392103175.0,1392103175.0,"4,1"
1392103175.0,1392103175.0,1
1392103176.0,1392103176.0,"4,1"
1392103176.0,1392103176.0,1
1392103177.0,1392103177.0,"4,1"
1392103177.0,1392103177.0,1
1392103178.0,1392103178.0,"4,1"
1392103178.0,1392103178.0,1
1392103179.0,1392103179.0,"4,1"
1392103179.0,1392103179.0,1
1392103180.0,1392103180.0,"4,1"
1392103180.0,1392103180.0,1
1392103181.0,1392103181.0,"4,1"
1392103181.0,1392103181.0,1
1392103182.0,1392103182.0,"4,1"
1392103182.0,1392103182.0,1
1392103183.0,1392103183.0,"4,1"
1392103183.0,1392103183.0,1
1392103184.0,1392103184.0,"4,1"
1392103184.0,1392103184.0,1
1392103185.0,1392103185.0,"4,1"
1392103185.0,1392103185.0,1
1392103186.0,1392103186.0,"4,1"
1392103186.0,1392103186.0,1
1392103187.0,1392103187.0,"4,1"
1392103187.0,1392103187.0,1
1392103188.0,1392103188.0,"4,1"
1392103188.0,1392103188.0,1
1392103189.0,1392103189.0,"4,1"
1392103189.0,1392103189.0,1
1392103190.0,1392103190.0,"4,1"
1392103190.0,1392103190.0,1
1392103191.0,1392103191.0,"4,1"
1392103191.0,1392103191.0,1
1392103192.0,1392103192.0,"4,1"
1392103192.0,1392103192.0,1
1392103193.0,1392103193.0,"4,1"
1392103193.0,1392103193.0,1
1392103194.0,1392103194.0,"4,1"
1392103194.0,1392103194.0,1
1392103195.0,1392103195.0,"4,1"
1392103195.0,1392103195.0,1
1392103196.0,1392103196.0,"4,1"
1392103196.0,1392103196.0,1
1392103197.0,1392103197.0,"4,1"
1392103197.0,1392103197.0,1
1392103198.0,1392103198.0,"4,1"
1392103198.0,1392103198.0,1
1392103199.0,1392103199.0,"4,1"
1392103199.0,1392103199.0,1
1392103200.0,1392103200.0,"4,1"
1392103200.0,1392103200.0,1
1392103201.0,1392103201.0,"4,1"
1392103201.0,1392103201.0,1
1392103202.0,1392103202.0,"4,1"
1392103202.0,1392103202.0,1
1392103203.0,1392103203.0,"4,1"
1392103203.0,1392103203.0,1
1392103204.0,1392103204.0,"4,1"
1392103204.0,1392103204.0,1
1392103205.0,1392103205.0,"4,1"
1392103205.0,1392103205.0,1
1392103206.0,1392103206.0,"4,1"
1392103206.0,1392103206.0,1
1392103207.0,1392103207.0,"4,1"
1392103207.0,1392103207.0,1
1392103208.0,1392103208.0,"4,1"
1392103208.0,1392103208.0,1
1392103209.0,1392103209.0,"4,1"
1392103209.0,1392103209.0,1
1392103210.0,1392103210.0,"4,1"
1392103210.0,1392103210.0,1
1392103211.0,1392103211.0,"4,1"
1392103211.0,1392103211.0,1
1392103212.0,1392103212.0,"4,1"
1392103212.0,1392103212.0,1
1392103213.0,1392103213.0,"4,1"
1392103213.0,1392103213.0,1
1392103214.0,1392103214.0,"4,1"
1392103214.0,1392103214.0,1
1392103215.0,1392103215.0,"4,1"
1392103215.0,1392103215.0,1
1392103216.0,1392103216.0,"4,1"
1392103216.0,1392103216.0,1
1392103217.0,1392103217.0,"4,1"
1392103217.0,1392103217.0,1
1392103218.0,1392103218.0,"4,1"
1392103218.0,1392103218.0,1
1392103219.0,1392103219.0,"4,1"
1392103219.0,1392103219.0,1
1392103220.0,1392103220.0,"4,1"
1392103220.0,1392103220.0,1
1392103221.0,1392103221.0,"4,1"
1392103221.0,1392103221.0,1
1392103222.0,1392103222.0,"4,1"
1392103222.0,1392103222.0,1
1392103223.0,1392103223.0,"4,1"
1392103223.0,1392103223.0,1
1392103224.0,1392103224.0,"4,1"
1392103224.0,1392103224.0,1
1392103225.0,1392103225.0,"4,1"
1392103225.0,1392103225.0,1
1392103226.0,1392103226.0,"4,1"
1392103226.0,1392103226.0,1
1392103227.0,1392103227.0,"4,1"
1392103227.0,1392103227.0,1
1392103228.0,1392103228.0,"4,1"
1392103228.0,1392103228.0,1
1392103229.0,1392103229.0,"4,1"
1392103229.0,1392103229.0,1
1392103230.0,1392103230.0,"4,1"
1392103230.0,1392103230.0,1
1392103231.0,1392103231.0,"4,1"
1392103231.0,1392103231.0,1
1392103232.0,1392103232.0,"4,1"
1392103232.0,1392103232.0,1
1392103233.0,1392103233.0,"4,1"
1392103233.0,1392103233.0,1
1392103234.0,1392103234.0,"4,1"
1392103234.0,1392103234.0,1
1392103235.0,1392103235.0,"4,1"
1392103235.0,1392103235.0,1
1392103236.0,1392103236.0,"4,1"
1392103236.0,1392103236.0,1
1392103237.0,1392103237.0,"4,1"
1392103237.0,1392103237.0,1
1392103238.0,1392103238.0,"4,1"
1392103238.0,1392103238.0,1
1392103239.0,1392103239.0,"4,1"
1392103239.0,1392103239.0,1
1392103240.0,1392103240.0,"4,1"
1392103240.0,1392103240.0,1
1392103241.0,1392103241.0,"4,1"
1392103241.0,1392103241.0,1
1392103242.0,1392103242.0,"4,1"
1392103242.0,1392103242.0,1
1392103243.0,1392103243.0,"4,1"
1392103243.0,1392103243.0,1
1392103244.0,1392103244.0,"4,1"
1392103244.0,1392103244.0,1
1392103245.0,1392103245.0,"4,1"
1392103245.0,1392103245.0,1
1392103246.0,1392103246.0,"4,1"
1392103246.0,1392103246.0,1
1392103247.0,1392103247.0,"4,1"
1392103247.0,1392103247.0,1
1392103248.0,1392103248.0,"4,1"
1392103248.0,1392103248.0,1
1392103249.0,1392103249.0,"4,1"
1392103249.0,1392103249.0,1
1392103250.0,1392103250.0,"4,1"
1392103250.0,1392103250.0,1
1392103251.0,1392103251.0,"4,1"
1392103251.0,1392103251.0,1
1392103252.0,1392103252.0,"4,1"
1392103252.0,1392103252.0,1
1392103253.0,1392103253.0,"4,1"
1392103253.0,1392103253.0,1
1392103254.0,1392103254.0,"4,1"
1392103254.0,1392103254.0,1
1392103255.0,1392103255.0,"4,1"
1392103255.0,1392103255.0,1
1392103256.0,1392103256.0,"4,1"
1392103256.0,1392103256.0,1
1392103257.0,1392103257.0,"4,1"
1392103257.0,1392103257.0,1
1392103258.0,1392103258.0,"4,1"
1392103258.0,1392103258.0,1
1392103259.0,1392103259.0,"4,1"
1392103259.0,1392103259.0,1
1392103260.0,1392103260.0,"4,1"
1392103260.0,1392103260.0,1
1392103261.0,1392103261.0,"4,1"
1392103261.0,1392103261.0,1
1392103262.0,1392103262.0,"4,1"
1392103262.0,1392103262.0,1
1392103263.0,1392103263.0,"4,1"
1392103263.0,1392103263.0,1
1392103264.0,1392103264.0,"4,1"
1392103264.0,1392103264.0,1
1392103265.0,1392103265.0,"4,1"
1392103265.0,1392103265.0,1
1392103266.0,1392103266.0,"4,1"
1392103266.0,1392103266.0,1
1392103267.0,1392103267.0,"4,1"
1392103267.0,1392103267.0,1
1392103268.0,1392103268.0,"4,1"
1392103268.0,1392103268.0,1
1392103269.0,1392103269.0,"4,1"
1392103269.0,1392103269.0,1
1392103270.0,1392103270.0,"4,1"
1392103270.0,1392103270.0,1
1392103271.0,1392103271.0,"4,1"
1392103271.0,1392103271.0,1
1392103272.0,1392103272.0,"4,1"
1392103272.0,1392103272.0,1
1392103273.0,1392103273.0,"4,1"
1392103273.0,1392103273.0,1
1392103274.0,1392103274.0,"4,1"
1392103274.0,1392103274.0,1
1392103275.0,1392103275.0,"4,1"
1392103275.0,1392103275.0,1
1392103276.0,1392103276.0,"4,1"
1392103276.0,1392103276.0,1
1392103277.0,1392103277.0,"4,1"
1392103277.0,1392103277.0,1
1392103278.0,1392103278.0,"4,1"
1392103278.0,1392103278.0,1
1392103279.0,1392103279.0,"4,1"
1392103279.0,1392103279.0,1
1392103280.0,1392103280.0,"4,1"
1392103280.0,1392103280.0,1
1392103281.0,1392103281.0,"4,1"
1392103281.0,1392103281.0,1
1392103282.0,1392103282.0,"4,1"
1392103282.0,1392103282.0,1
1392103283.0,1392103283.0,"4,1"
1392103283.0,1392103283.0,1
1392103284.0,1392103284.0,"4,1"
1392103284.0,1392103284.0,1
1392103285.0,1392103285.0,"4,1"
1392103285.0,1392103285.0,1
1392103286.0,1392103286.0,"4,1"
1392103286.0,1392103286.0,1
1392103287.0,1392103287.0,"4,1"
1392103287.0,1392103287.0,1
1392103288.0,1392103288.0,"4,1"
1392103288.0,1392103288.0,1
1392103289.0,1392103289.0,"4,1"
1392103289.0,1392103289.0,1
1392103290.0,1392103290.0,"4,1"
1392103290.0,1392103290.0,1
1392103291.0,1392103291.0,"4,1"
1392103291.0,1392103291.0,1
1392103292.0,1392103292.0,"4,1"
1392103292.0,1392103292.0,1
1392103293.0,1392103293.0,"4,1"
1392103293.0,1392103293.0,1
1392103294.0,1392103294.0,"4,1"
1392103294.0,1392103294.0,1
1392103295.0,1392103295.0,"4,1"
1392103295.0,1392103295.0,1
1392103296.0,1392103296.0,"4,1"
1392103296.0,1392103296.0,1
1392103297.0,1392103297.0,"4,1"
1392103297.0,1392103297.0,1
1392103298.0,1392103298.0,"4,1"
1392103298.0,1392103298.0,1
1392103299.0,1392103299.0,"4,1"
1392103299.0,1392103299.0,1
1392103300.0,1392103300.0,"4,1"
1392103300.0,1392103300.0,1
1392103301.0,1392103301.0,"4,1"
1392103301.0,1392103301.0,1
1392103302.0,1392103302.0,"4,1"
1392103302.0,1392103302.0,1
1392103303.0,1392103303.0,"4,1"
1392103303.0,1392103303.0,1
1392103304.0,1392103304.0,"4,1"
1392103304.0,1392103304.0,1
1392103305.0,1392103305.0,"4,1"
1392103305.0,1392103305.0,1
1392103306.0,1392103306.0,"4,1"
1392103306.0,1392103306.0,1
1392103307.0,1392103307.0,"4,1"
1392103307.0,1392103307.0,1
1392103308.0,1392103308.0,"4,1"
1392103308.0,1392103308.0,1
1392103309.0,1392103309.0,"4,1"
1392103309.0,1392103309.0,1
1392103310.0,1392103310.0,"4,1"
1392103310.0,1392103310.0,1
1392103311.0,1392103311.0,"4,1"
1392103311.0,1392103311.0,1
1392103312.0,1392103312.0,"4,1"
1392103312.0,1392103312.0,1
1392103313.0,1392103313.0,"4,1"
1392103313.0,1392103313.0,1
1392103314.0,1392103314.0,"4,1"
1392103314.0,1392103314.0,1
1392103315.0,1392103315.0,"4,1"
1392103315.0,1392103315.0,1
1392103316.0,1392103316.0,"4,1"
1392103316.0,1392103316.0,1
1392103317.0,1392103317.0,"4,1"
1392103317.0,1392103317.0,1
1392103318.0,1392103318.0,"4,1"
1392103318.0,1392103318.0,1
1392103319.0,1392103319.0,"4,1"
1392103319.0,1392103319.0,1
1392103320.0,1392103320.0,"4,1"
1392103320.0,1392103320.0,1
1392103321.0,1392103321.0,"4,1"
1392103321.0,1392103321.0,1
1392103322.0,1392103322.0,"4,1"
1392103322.0,1392103322.0,1
1392103323.0,1392103323.0,"4,1"
1392103323.0,1392103323.0,1
1392103324.0,1392103324.0,"4,1"
1392103324.0,1392103324.0,1
1392103325.0,1392103325.0,"4,1"
1392103325.0,1392103325.0,1
1392103326.0,1392103326.0,"4,1"
1392103326.0,1392103326.0,1
1392103327.0,1392103327.0,"4,1"
1392103327.0,1392103327.0,1
1392103328.0,1392103328.0,"4,1"
1392103328.0,1392103328.0,1
1392103329.0,1392103329.0,"4,1"
1392103329.0,1392103329.0,1
1392103330.0,1392103330.0,"4,1"
1392103330.0,1392103330.0,1
1392103331.0,1392103331.0,"4,1"
1392103331.0,1392103331.0,1
1392103332.0,1392103332.0,"4,1"
1392103332.0,1392103332.0,1
1392103333.0,1392103333.0,"4,1"
1392103333.0,1392103333.0,1
1392103334.0,1392103334.0,"4,1"
1392103334.0,1392103334.0,1
1392103335.0,1392103335.0,"4,1"
1392103335.0,1392103335.0,1
1392103336.0,1392103336.0,"4,1"
1392103336.0,1392103336.0,1
1392103337.0,1392103337.0,"4,1"
1392103337.0,1392103337.0,1
1392103338.0,1392103338.0,"4,1"
1392103338.0,1392103338.0,1
1392103339.0,1392103339.0,"4,1"
1392103339.0,1392103339.0,1
1392103340.0,1392103340.0,"4,1"
1392103340.0,1392103340.0,1
1392103341.0,1392103341.0,"4,1"
1392103341.0,1392103341.0,1
1392103342.0,1392103342.0,"4,1"
1392103342.0,1392103342.0,1
1392103343.0,1392103343.0,"4,1"
1392103343.0,1392103343.0,1
1392103344.0,1392103344.0,"4,1"
1392103344.0,1392103344.0,1
1392103345.0,1392103345.0,"4,1"
1392103345.0,1392103345.0,1
1392103346.0,1392103346.0,"4,1"
1392103346.0,1392103346.0,1
1392103347.0,1392103347.0,"4,1"
1392103347.0,1392103347.0,1
1392103348.0,1392103348.0,"4,1"
1392103348.0,1392103348.0,1
1392103349.0,1392103349.0,"4,1"
1392103349.0,1392103349.0,1
1392103350.0,1392103350.0,"4,1"
1392103350.0,1392103350.0,1
1392103351.0,1392103351.0,"4,1"
1392103351.0,1392103351.0,1
1392103352.0,1392103352.0,"4,1"
1392103352.0,1392103352.0,1
1392103353.0,1392103353.0,"4,1"
1392103353.0,1392103353.0,1
1392103354.0,1392103354.0,"4,1"
1392103354.0,1392103354.0,1
1392103355.0,1392103355.0,"4,1"
1392103355.0,1392103355.0,1
1392103356.0,1392103356.0,"4,1"
1392103356.0,1392103356.0,1
1392103357.0,1392103357.0,"4,1"
1392103357.0,1392103357.0,1
1392103358.0,1392103358.0,"4,1"
1392103358.0,1392103358.0,1
1392103359.0,1392103359.0,"4,1"
1392103359.0,1392103359.0,1
1392103360.0,1392103360.0,"4,1"
1392103360.0,1392103360.0,1
1392103361.0,1392103361.0,"4,1"
1392103361.0,1392103361.0,1
1392103362.0,1392103362.0,"4,1"
1392103362.0,1392103362.0,1
1392103363.0,1392103363.0,"4,1"
1392103363.0,1392103363.0,1
1392103364.0,1392103364.0,"4,1"
1392103364.0,1392103364.0,1
1392103365.0,1392103365.0,"4,1"
1392103365.0,1392103365.0,1
1392103366.0,1392103366.0,"4,1"
1392103366.0,1392103366.0,1
1392103367.0,1392103367.0,"4,1"
1392103367.0,1392103367.0,1
1392103368.0,1392103368.0,"4,1"
1392103368.0,1392103368.0,1
1392103369.0,1392103369.0,"4,1"
1392103369.0,1392103369.0,1
1392103370.0,1392103370.0,"4,1"
1392103370.0,1392103370.0,1
1392103371.0,1392103371.0,"4,1"
1392103371.0,1392103371.0,1
1392103372.0,1392103372.0,"4,1"
1392103372.0,1392103372.0,1
1392103373.0,1392103373.0,"4,1"
1392103373.0,1392103373.0,1
1392103374.0,1392103374.0,"4,1"
1392103374.0,1392103374.0,1
1392103375.0,1392103375.0,"4,1"
1392103375.0,1392103375.0,1
1392103376.0,1392103376.0,"4,1"
1392103376.0,1392103376.0,1
1392103377.0,1392103377.0,"4,1"
1392103377.0,1392103377.0,1
1392103378.0,1392103378.0,"4,1"
1392103378.0,1392103378.0,1
1392103379.0,1392103379.0,"4,1"
1392103379.0,1392103379.0,1
1392103380.0,1392103380.0,"4,1"
1392103380.0,1392103380.0,1
1392103381.0,1392103381.0,"4,1"
1392103381.0,1392103381.0,1
1392103382.0,1392103382.0,"4,1"
1392103382.0,1392103382.0,1
1392103383.0,1392103383.0,"4,1"
1392103383.0,1392103383.0,1
1392103384.0,1392103384.0,"4,1"
1392103384.0,1392103384.0,1
1392103385.0,1392103385.0,"4,1"
1392103385.0,1392103385.0,1
1392103386.0,1392103386.0,"4,1"
1392103386.0,1392103386.0,1
1392103387.0,1392103387.0,"4,1"
1392103387.0,1392103387.0,1
1392103388.0,1392103388.0,"4,1"
1392103388.0,1392103388.0,1
1392103389.0,1392103389.0,"4,1"
1392103389.0,1392103389.0,1
1392103390.0,1392103390.0,"4,1"
1392103390.0,1392103390.0,1
1392103391.0,1392103391.0,"4,1"
1392103391.0,1392103391.0,1
1392103392.0,1392103392.0,"4,1"
1392103392.0,1392103392.0,1
1392103393.0,1392103393.0,"4,1"
1392103393.0,1392103393.0,1
1392103394.0,1392103394.0,"4,1"
1392103394.0,1392103394.0,1
1392103395.0,1392103395.0,"4,1"
1392103395.0,1392103395.0,1
1392103396.0,1392103396.0,"4,1"
1392103396.0,1392103396.0,1
1392103397.0,1392103397.0,"4,1"
1392103397.0,1392103397.0,1
1392103398.0,1392103398.0,"4,1"
1392103398.0,1392103398.0,1
1392103399.0,1392103399.0,"4,1"
1392103399.0,1392103399.0,1
1392103400.0,1392103400.0,"4,1"
1392103400.0,1392103400.0,1
1392103401.0,1392103401.0,"4,1"
1392103401.0,1392103401.0,1
1392103402.0,1392103402.0,"4,1"
1392103402.0,1392103402.0,1
1392103403.0,1392103403.0,"4,1"
1392103403.0,1392103403.0,1
1392103404.0,1392103404.0,"4,1"
1392103404.0,1392103404.0,1
1392103405.0,1392103405.0,"4,1"
1392103405.0,1392103405.0,1
1392103406.0,1392103406.0,"4,1"
1392103406.0,1392103406.0,1
1392103407.0,1392103407.0,"4,1"
1392103407.0,1392103407.0,1
1392103408.0,1392103408.0,"4,1"
1392103408.0,1392103408.0,1
1392103409.0,1392103409.0,"4,1"
1392103409.0,1392103409.0,1
1392103410.0,1392103410.0,"4,1"
1392103410.0,1392103410.0,1
1392103411.0,1392103411.0,"4,1"
1392103411.0,1392103411.0,1
1392103412.0,1392103412.0,"4,1"
1392103412.0,1392103412.0,1
1392103413.0,1392103413.0,"4,1"
1392103413.0,1392103413.0,1
1392103414.0,1392103414.0,"4,1"
1392103414.0,1392103414.0,1
1392103415.0,1392103415.0,"4,1"
1392103415.0,1392103415.0,1
1392103416.0,1392103416.0,"4,1"
1392103416.0,1392103416.0,1
1392103417.0,1392103417.0,"4,1"
1392103417.0,1392103417.0,1
1392103418.0,1392103418.0,"4,1"
1392103418.0,1392103418.0,1
1392103419.0,1392103419.0,"4,1"
1392103419.0,1392103419.0,1
1392103420.0,1392103420.0,"4,1"
1392103420.0,1392103420.0,1
1392103421.0,1392103421.0,"4,1"
1392103421.0,1392103421.0,1
1392103422.0,1392103422.0,"4,1"
1392103422.0,1392103422.0,1
1392103423.0,1392103423.0,"4,1"
1392103423.0,1392103423.0,1
1392103424.0,1392103424.0,"4,1"
1392103424.0,1392103424.0,1
1392103425.0,1392103425.0,"4,1"
1392103425.0,1392103425.0,1
1392103426.0,1392103426.0,"4,1"
1392103426.0,1392103426.0,1
1392103427.0,1392103427.0,"4,1"
1392103427.0,1392103427.0,1
1392103428.0,1392103428.0,"4,1"
1392103428.0,1392103428.0,1
1392103429.0,1392103429.0,"4,1"
1392103429.0,1392103429.0,1
1392103430.0,1392103430.0,"4,1"
1392103430.0,1392103430.0,1
1392103431.0,1392103431.0,"4,1"
1392103431.0,1392103431.0,1
1392103432.0,1392103432.0,"4,1"
1392103432.0,1392103432.0,1
1392103433.0,1392103433.0,"4,1"
1392103433.0,1392103433.0,1
1392103434.0,1392103434.0,"4,1"
1392103434.0,1392103434.0,1
1392103435.0,1392103435.0,"4,1"
1392103435.0,1392103435.0,1
1392103436.0,1392103436.0,"4,1"
1392103436.0,1392103436.0,1
1392103437.0,1392103437.0,"4,1"
1392103437.0,1392103437.0,1
1392103438.0,1392103438.0,"4,1"
1392103438.0,1392103438.0,1
1392103439.0,1392103439.0,"4,1"
1392103439.0,1392103439.0,1
1392103440.0,1392103440.0,"4,1"
1392103440.0,1392103440.0,1
1392103441.0,1392103441.0,"4,1"
1392103441.0,1392103441.0,1
1392103442.0,1392103442.0,"4,1"
1392103442.0,1392103442.0,1
1392103443.0,1392103443.0,"4,1"
1392103443.0,1392103443.0,1
1392103444.0,1392103444.0,"4,1"
1392103444.0,1392103444.0,1
1392103445.0,1392103445.0,"4,1"
1392103445.0,1392103445.0,1
1392103446.0,1392103446.0,"4,1"
1392103446.0,1392103446.0,1
1392103447.0,1392103447.0,"4,1"
1392103447.0,1392103447.0,1
1392103448.0,1392103448.0,"4,1"
1392103448.0,1392103448.0,1
1392103449.0,1392103449.0,"4,1"
1392103449.0,1392103449.0,1
1392103450.0,1392103450.0,"4,1"
1392103450.0,1392103450.0,1
1392103451.0,1392103451.0,"4,1"
1392103451.0,1392103451.0,1
1392103452.0,1392103452.0,"4,1"
1392103452.0,1392103452.0,1
1392103453.0,1392103453.0,"4,1"
1392103453.0,1392103453.0,1
1392103454.0,1392103454.0,"4,1"
1392103454.0,1392103454.0,1
1392103455.0,1392103455.0,"4,1"
1392103455.0,1392103455.0,1
1392103456.0,1392103456.0,"4,1"
1392103456.0,1392103456.0,1
1392103457.0,1392103457.0,"4,1"
1392103457.0,1392103457.0,1
1392103458.0,1392103458.0,"4,1"
1392103458.0,1392103458.0,1
1392103459.0,1392103459.0,"4,1"
1392103459.0,1392103459.0,1
1392103460.0,1392103460.0,"4,1"
1392103460.0,1392103460.0,1
1392103461.0,1392103461.0,"4,1"
1392103461.0,1392103461.0,1
1392103462.0,1392103462.0,"4,1"
1392103462.0,1392103462.0,1
1392103463.0,1392103463.0,"4,1"
1392103463.0,1392103463.0,1
1392103464.0,1392103464.0,"4,1"
1392103464.0,1392103464.0,1
1392103465.0,1392103465.0,"4,1"
1392103465.0,1392103465.0,1
1392103466.0,1392103466.0,"4,1"
1392103466.0,1392103466.0,1
1392103467.0,1392103467.0,"4,1"
1392103467.0,1392103467.0,1
1392103468.0,1392103468.0,"4,1"
1392103468.0,1392103468.0,1
1392103469.0,1392103469.0,"4,1"
1392103469.0,1392103469.0,1
1392103470.0,1392103470.0,"4,1"
1392103470.0,1392103470.0,1
1392103471.0,1392103471.0,"4,1"
1392103471.0,1392103471.0,1
1392103472.0,1392103472.0,"4,1"
1392103472.0,1392103472.0,1
1392103473.0,1392103473.0,"4,1"
1392103473.0,1392103473.0,1
1392103474.0,1392103474.0,"4,1"
1392103474.0,1392103474.0,1
1392103475.0,1392103475.0,"4,1"
1392103475.0,1392103475.0,1
1392103476.0,1392103476.0,"4,1"
1392103476.0,1392103476.0,1
1392103477.0,1392103477.0,"4,1"
1392103477.0,1392103477.0,1
1392103478.0,1392103478.0,"4,1"
1392103478.0,1392103478.0,1
1392103479.0,1392103479.0,"4,1"
1392103479.0,1392103479.0,1
1392103480.0,1392103480.0,"4,1"
1392103480.0,1392103480.0,1
1392103481.0,1392103481.0,"4,1"
1392103481.0,1392103481.0,1
1392103482.0,1392103482.0,"4,1"
1392103482.0,1392103482.0,1
1392103483.0,1392103483.0,"4,1"
1392103483.0,1392103483.0,1
1392103484.0,1392103484.0,"4,1"
1392103484.0,1392103484.0,1
1392103485.0,1392103485.0,"4,1"
1392103485.0,1392103485.0,1
1392103486.0,1392103486.0,"4,1"
1392103486.0,1392103486.0,1
1392103487.0,1392103487.0,"4,1"
1392103487.0,1392103487.0,1
1392103488.0,1392103488.0,"4,1"
1392103488.0,1392103488.0,1
1392103489.0,1392103489.0,"4,1"
1392103489.0,1392103489.0,1
1392103490.0,1392103490.0,"4,1"
1392103490.0,1392103490.0,1
1392103491.0,1392103491.0,"4,1"
1392103491.0,1392103491.0,1
1392103492.0,1392103492.0,"4,1"
1392103492.0,1392103492.0,1
1392103493.0,1392103493.0,"4,1"
1392103493.0,1392103493.0,1
1392103494.0,1392103494.0,"4,1"
1392103494.0,1392103494.0,1
1392103495.0,1392103495.0,"4,1"
1392103495.0,1392103495.0,1
1392103496.0,1392103496.0,"4,1"
1392103496.0,1392103496.0,1
1392103497.0,1392103497.0,"4,1"
1392103497.0,1392103497.0,1
1392103498.0,1392103498.0,"4,1"
1392103498.0,1392103498.0,1
1392103499.0,1392103499.0,"4,1"
1392103499.0,1392103499.0,1
1392103500.0,1392103500.0,"4,1"
1392103500.0,1392103500.0,1
1392103501.0,1392103501.0,"4,1"
1392103501.0,1392103501.0,1
1392103502.0,1392103502.0,"4,1"
1392103502.0,1392103502.0,1
1392103503.0,1392103503.0,"4,1"
1392103503.0,1392103503.0,1
1392103504.0,1392103504.0,"4,1"
1392103504.0,1392103504.0,1
1392103505.0,1392103505.0,"4,1"
1392103505.0,1392103505.0,1
1392103506.0,1392103506.0,"4,1"
1392103506.0,1392103506.0,1
1392103507.0,1392103507.0,"4,1"
1392103507.0,1392103507.0,1
1392103508.0,1392103508.0,"4,1"
1392103508.0,1392103508.0,1
1392103509.0,1392103509.0,"4,1"
1392103509.0,1392103509.0,1
1392103510.0,1392103510.0,"4,1"
1392103510.0,1392103510.0,1
1392103511.0,1392103511.0,"4,1"
1392103511.0,1392103511.0,1
1392103512.0,1392103512.0,"4,1"
1392103512.0,1392103512.0,1
1392103513.0,1392103513.0,"4,1"
1392103513.0,1392103513.0,1
1392103514.0,1392103514.0,"4,1"
1392103514.0,1392103514.0,1
1392103515.0,1392103515.0,"4,1"
1392103515.0,1392103515.0,1
1392103516.0,1392103516.0,"4,1"
1392103516.0,1392103516.0,1
1392103517.0,1392103517.0,"4,1"
1392103517.0,1392103517.0,1
1392103518.0,1392103518.0,"4,1"
1392103518.0,1392103518.0,1
1392103519.0,1392103519.0,"4,1"
1392103519.0,1392103519.0,1
1392103520.0,1392103520.0,"4,1"
1392103520.0,1392103520.0,1
1392103521.0,1392103521.0,"4,1"
1392103521.0,1392103521.0,1
1392103522.0,1392103522.0,"4,1"
1392103522.0,1392103522.0,1
1392103523.0,1392103523.0,"4,1"
1392103523.0,1392103523.0,1
1392103524.0,1392103524.0,"4,1"
1392103524.0,1392103524.0,1
1392103525.0,1392103525.0,"4,1"
1392103525.0,1392103525.0,1
1392103526.0,1392103526.0,"4,1"
1392103526.0,1392103526.0,1
1392103527.0,1392103527.0,"4,1"
1392103527.0,1392103527.0,1
1392103528.0,1392103528.0,"4,1"
1392103528.0,1392103528.0,1
1392103529.0,1392103529.0,"4,1"
